Dataset,Error_Type,Severity,Model,Dirty_Accuracy,Clean_Accuracy,Cleaned_Accuracy,Damage_pp,Improvement_pp,Route,Family
Adult Income,ambiguous_labels,high,Decision Tree,0.7462290734294712,0.8508204873197415,,10.459141389027026,,external_intervention,tree
Adult Income,ambiguous_labels,high,Gaussian Naive Bayes,0.7886623570363004,0.797778882811205,,0.9116525774904627,,external_intervention,non-tree
Adult Income,ambiguous_labels,high,KNN,0.756340129288911,0.8189955246146196,,6.265539532570852,,external_intervention,non-tree
Adult Income,ambiguous_labels,high,LightGBM,0.7705950605005801,0.8659041936018564,,9.53091331012763,,external_intervention,tree
Adult Income,ambiguous_labels,high,Logistic Regression,0.8151831592905685,0.817503729487817,,0.2320570197248517,,external_intervention,non-tree
Adult Income,ambiguous_labels,high,MLP,0.7581634344438919,0.845682081882977,,8.751864743908511,,external_intervention,non-tree
Adult Income,ambiguous_labels,high,Random Forest,0.7744074258246312,0.8526437924747223,,7.823636665009115,,external_intervention,tree
Adult Income,ambiguous_labels,high,XGBoost,0.7661196751201724,0.8668987236863915,,10.077904856621911,,external_intervention,tree
Adult Income,ambiguous_labels,low,Decision Tree,0.8188297696005304,0.8508204873197415,,3.1990717719211026,,external_intervention,tree
Adult Income,ambiguous_labels,low,Gaussian Naive Bayes,0.7899883971490138,0.797778882811205,,0.7790485662191204,,external_intervention,non-tree
Adult Income,ambiguous_labels,low,KNN,0.8105420188960716,0.8189955246146196,,0.8453505718547971,,external_intervention,non-tree
Adult Income,ambiguous_labels,low,LightGBM,0.837228576164429,0.8659041936018564,,2.8675617437427414,,external_intervention,tree
Adult Income,ambiguous_labels,low,Logistic Regression,0.8173379744737278,0.817503729487817,,0.016575501408921944,,external_intervention,non-tree
Adult Income,ambiguous_labels,low,MLP,0.8405436764462125,0.845682081882977,,0.513840543676447,,external_intervention,non-tree
Adult Income,ambiguous_labels,low,Random Forest,0.8428642466434609,0.8526437924747223,,0.9779545831261394,,external_intervention,tree
Adult Income,ambiguous_labels,low,XGBoost,0.840046411403945,0.8668987236863915,,2.6852312282446555,,external_intervention,tree
Adult Income,ambiguous_labels,medium,Decision Tree,0.7835239515995359,0.8508204873197415,,6.729653572020555,,external_intervention,tree
Adult Income,ambiguous_labels,medium,Gaussian Naive Bayes,0.788330847008122,0.797778882811205,,0.9448035803083066,,external_intervention,non-tree
Adult Income,ambiguous_labels,medium,KNN,0.7878335819658545,0.8189955246146196,,3.116194264876504,,external_intervention,non-tree
Adult Income,ambiguous_labels,medium,LightGBM,0.8015912481352561,0.8659041936018564,,6.4312945466600375,,external_intervention,tree
Adult Income,ambiguous_labels,medium,Logistic Regression,0.8153489143046577,0.817503729487817,,0.21548151831592977,,external_intervention,non-tree
Adult Income,ambiguous_labels,medium,MLP,0.8040775733465937,0.845682081882977,,4.160450853638331,,external_intervention,non-tree
Adult Income,ambiguous_labels,medium,Random Forest,0.8060666335156639,0.8526437924747223,,4.657715895905845,,external_intervention,tree
Adult Income,ambiguous_labels,medium,XGBoost,0.7997679429802752,0.8668987236863915,,6.713078070611633,,external_intervention,tree
Adult Income,annotator_bias,high,Decision Tree,0.7457318083872038,0.8508204873197415,,10.50886789325377,,external_intervention,tree
Adult Income,annotator_bias,high,Gaussian Naive Bayes,0.7962870876844025,0.797778882811205,,0.1491795126802531,,external_intervention,non-tree
Adult Income,annotator_bias,high,KNN,0.7661196751201724,0.8189955246146196,,5.287584949444712,,external_intervention,non-tree
Adult Income,annotator_bias,high,LightGBM,0.7906514172053705,0.8659041936018564,,7.525277639648598,,external_intervention,tree
Adult Income,annotator_bias,high,Logistic Regression,0.759157964528427,0.817503729487817,,5.834576495939004,,external_intervention,non-tree
Adult Income,annotator_bias,high,MLP,0.7674457152328859,0.845682081882977,,7.823636665009115,,external_intervention,non-tree
Adult Income,annotator_bias,high,Random Forest,0.8276147853472567,0.8526437924747223,,2.5029007127465586,,external_intervention,tree
Adult Income,annotator_bias,high,XGBoost,0.787336316923587,0.8668987236863915,,7.956240676280457,,external_intervention,tree
Adult Income,annotator_bias,low,Decision Tree,0.8145201392342118,0.8508204873197415,,3.630034808552962,,external_intervention,tree
Adult Income,annotator_bias,low,Gaussian Naive Bayes,0.8065638985579314,0.797778882811205,,-0.878501574672641,,external_intervention,non-tree
Adult Income,annotator_bias,low,KNN,0.8030830432620587,0.8189955246146196,,1.5912481352560848,,external_intervention,non-tree
Adult Income,annotator_bias,low,LightGBM,0.838223106248964,0.8659041936018564,,2.768108735289243,,external_intervention,tree
Adult Income,annotator_bias,low,Logistic Regression,0.8042433283606829,0.817503729487817,,1.3260401127134114,,external_intervention,non-tree
Adult Income,annotator_bias,low,MLP,0.8209845847836897,0.845682081882977,,2.469749709928726,,external_intervention,non-tree
Adult Income,annotator_bias,low,Random Forest,0.8470081219956904,0.8526437924747223,,0.5635670479031907,,external_intervention,tree
Adult Income,annotator_bias,low,XGBoost,0.8383888612630532,0.8668987236863915,,2.8509862423338306,,external_intervention,tree
Adult Income,annotator_bias,medium,Decision Tree,0.7879993369799436,0.8508204873197415,,6.282115033979785,,external_intervention,tree
Adult Income,annotator_bias,medium,Gaussian Naive Bayes,0.8015912481352561,0.797778882811205,,-0.3812365324051048,,external_intervention,non-tree
Adult Income,annotator_bias,medium,KNN,0.7812033814022874,0.8189955246146196,,3.779214321233215,,external_intervention,non-tree
Adult Income,annotator_bias,medium,LightGBM,0.8123653240510526,0.8659041936018564,,5.353886955080389,,external_intervention,tree
Adult Income,annotator_bias,medium,Logistic Regression,0.7813691364163766,0.817503729487817,,3.61345930714404,,external_intervention,non-tree
Adult Income,annotator_bias,medium,MLP,0.809050223769269,0.845682081882977,,3.663185811370795,,external_intervention,non-tree
Adult Income,annotator_bias,medium,Random Forest,0.8458478368970661,0.8526437924747223,,0.6795955577656221,,external_intervention,tree
Adult Income,annotator_bias,medium,XGBoost,0.8060666335156639,0.8668987236863915,,6.083209017072766,,external_intervention,tree
Adult Income,categorical_errors,high,Decision Tree,0.850488977291563,0.8508204873197415,0.8496602022211172,0.03315100281784389,-0.08287750704458752,automated_cleaning,tree
Adult Income,categorical_errors,high,Gaussian Naive Bayes,0.788330847008122,0.797778882811205,0.7884966020222112,0.9448035803083066,0.016575501408921944,automated_cleaning,non-tree
Adult Income,categorical_errors,high,KNN,0.8158461793469253,0.8189955246146196,0.8120338140228742,0.3149345267694281,-0.3812365324051048,automated_cleaning,non-tree
Adult Income,categorical_errors,high,LightGBM,0.8650754185314106,0.8659041936018564,0.8632521133764296,0.08287750704458752,-0.18233051549809698,automated_cleaning,tree
Adult Income,categorical_errors,high,Logistic Regression,0.8191612796287088,0.817503729487817,0.8191612796287088,-0.16575501408917503,0.0,automated_cleaning,non-tree
Adult Income,categorical_errors,high,MLP,0.8440245317420852,0.845682081882977,0.8443560417702636,0.16575501408917503,0.033151002817832786,automated_cleaning,non-tree
Adult Income,categorical_errors,high,Random Forest,0.8509862423338306,0.8526437924747223,0.850488977291563,0.16575501408917503,-0.04972650422675473,automated_cleaning,tree
Adult Income,categorical_errors,high,XGBoost,0.8660699486159457,0.8668987236863915,0.8662357036300348,0.08287750704458752,0.016575501408910842,automated_cleaning,tree
Adult Income,categorical_errors,low,Decision Tree,0.8506547323056523,0.8508204873197415,0.8513177523620089,0.016575501408921944,0.06630200563566557,automated_cleaning,tree
Adult Income,categorical_errors,low,Gaussian Naive Bayes,0.791148682247638,0.797778882811205,0.7934692524448864,0.6630200563567001,0.2320570197248406,automated_cleaning,non-tree
Adult Income,categorical_errors,low,KNN,0.8201558097132439,0.8189955246146196,0.8150174042764794,-0.1160285098624314,-0.513840543676447,automated_cleaning,non-tree
Adult Income,categorical_errors,low,LightGBM,0.8649096635173213,0.8659041936018564,0.8668987236863915,0.09945300845350946,0.19890601690701892,automated_cleaning,tree
Adult Income,categorical_errors,low,Logistic Regression,0.8170064644455495,0.817503729487817,0.8173379744737278,0.04972650422675473,0.033151002817832786,automated_cleaning,non-tree
Adult Income,categorical_errors,low,MLP,0.8422012265871043,0.845682081882977,0.8412066965025692,0.348085529587272,-0.09945300845350946,automated_cleaning,non-tree
Adult Income,categorical_errors,low,Random Forest,0.8503232222774739,0.8526437924747223,0.8496602022211172,0.2320570197248406,-0.06630200563567668,automated_cleaning,tree
Adult Income,categorical_errors,low,XGBoost,0.8667329686723023,0.8668987236863915,0.8677274987568374,0.016575501408921944,0.09945300845350946,automated_cleaning,tree
Adult Income,categorical_errors,medium,Decision Tree,0.8483341621084037,0.8508204873197415,0.8486656721365822,0.24863252113377365,0.03315100281784389,automated_cleaning,tree
Adult Income,categorical_errors,medium,Gaussian Naive Bayes,0.789325377092657,0.797778882811205,0.7906514172053705,0.8453505718547971,0.13260401127134225,automated_cleaning,non-tree
Adult Income,categorical_errors,medium,KNN,0.817503729487817,0.8189955246146196,0.815680424332836,0.1491795126802531,-0.18233051549809698,automated_cleaning,non-tree
Adult Income,categorical_errors,medium,LightGBM,0.8659041936018564,0.8659041936018564,0.8655726835736781,0.0,-0.033151002817832786,automated_cleaning,tree
Adult Income,categorical_errors,medium,Logistic Regression,0.8189955246146196,0.817503729487817,0.8189955246146196,-0.1491795126802531,0.0,automated_cleaning,non-tree
Adult Income,categorical_errors,medium,MLP,0.8420354715730151,0.845682081882977,0.8436930217139068,0.36466103099619396,0.16575501408917503,automated_cleaning,non-tree
Adult Income,categorical_errors,medium,Random Forest,0.8516492623901873,0.8526437924747223,0.8509862423338306,0.09945300845349836,-0.06630200563567668,automated_cleaning,tree
Adult Income,categorical_errors,medium,XGBoost,0.8654069285595889,0.8668987236863915,0.8668987236863915,0.1491795126802642,0.1491795126802642,automated_cleaning,tree
Adult Income,class_imbalance,high,Decision Tree,0.8445217967843527,0.8508204873197415,0.7941322725012432,0.6298690535388785,-5.0389524283109495,automated_cleaning,tree
Adult Income,class_imbalance,high,Gaussian Naive Bayes,0.7947952925575998,0.797778882811205,0.8105420188960716,0.2983590253605173,1.574672633847174,automated_cleaning,non-tree
Adult Income,class_imbalance,high,KNN,0.8218133598541356,0.8189955246146196,0.7749046908668987,-0.28178352395160644,-4.690866898723689,automated_cleaning,non-tree
Adult Income,class_imbalance,high,LightGBM,0.857947952925576,0.8659041936018564,0.8327531907840212,0.7956240676280424,-2.5194762141554805,automated_cleaning,tree
Adult Income,class_imbalance,high,Logistic Regression,0.8128625890933201,0.817503729487817,0.775236200895077,0.4641140394496923,-3.7626388198243044,automated_cleaning,non-tree
Adult Income,class_imbalance,high,MLP,0.8393833913475882,0.845682081882977,0.8068954085861098,0.6298690535388785,-3.248798276147846,automated_cleaning,non-tree
Adult Income,class_imbalance,high,Random Forest,0.8506547323056523,0.8526437924747223,0.8010939830929885,0.19890601690700782,-4.9560749212663735,automated_cleaning,tree
Adult Income,class_imbalance,high,XGBoost,0.8582794629537543,0.8668987236863915,0.8330847008121995,0.8619260732637191,-2.5194762141554805,automated_cleaning,tree
Adult Income,class_imbalance,low,Decision Tree,0.8513177523620089,0.8508204873197415,0.7964528426984916,-0.04972650422674363,-5.486490966351731,automated_cleaning,tree
Adult Income,class_imbalance,low,Gaussian Naive Bayes,0.7976131277971159,0.797778882811205,0.810044753853804,0.016575501408910842,1.2431626056688128,automated_cleaning,non-tree
Adult Income,class_imbalance,low,KNN,0.8226421349245815,0.8189955246146196,0.7754019559091663,-0.36466103099619396,-4.724017901541522,automated_cleaning,non-tree
Adult Income,class_imbalance,low,LightGBM,0.864578153489143,0.8659041936018564,0.8357367810376264,0.13260401127134225,-2.8841372451516634,automated_cleaning,tree
Adult Income,class_imbalance,low,Logistic Regression,0.8173379744737278,0.817503729487817,0.7745731808387204,0.016575501408921944,-4.276479363500741,automated_cleaning,non-tree
Adult Income,class_imbalance,low,MLP,0.845682081882977,0.845682081882977,0.813691364163766,0.0,-3.1990717719211026,automated_cleaning,non-tree
Adult Income,class_imbalance,low,Random Forest,0.8506547323056523,0.8526437924747223,0.808055693684734,0.19890601690700782,-4.2599038620918295,automated_cleaning,tree
Adult Income,class_imbalance,low,XGBoost,0.8642466434609647,0.8668987236863915,0.8360682910658047,0.2652080225426845,-2.817835239515998,automated_cleaning,tree
Adult Income,class_imbalance,medium,Decision Tree,0.8455163268688878,0.8508204873197415,0.8088844687551798,0.530416045085369,-3.663185811370795,automated_cleaning,tree
Adult Income,class_imbalance,medium,Gaussian Naive Bayes,0.7954583126139566,0.797778882811205,0.8078899386706447,0.2320570197248406,1.2431626056688128,automated_cleaning,non-tree
Adult Income,class_imbalance,medium,KNN,0.8211503397977788,0.8189955246146196,0.7793800762473064,-0.21548151831592977,-4.177026355047242,automated_cleaning,non-tree
Adult Income,class_imbalance,medium,LightGBM,0.8625890933200729,0.8659041936018564,0.8362340460798939,0.33151002817835007,-2.635504724017901,automated_cleaning,tree
Adult Income,class_imbalance,medium,Logistic Regression,0.8171722194596387,0.817503729487817,0.7734128957400961,0.033151002817832786,-4.375932371954261,automated_cleaning,non-tree
Adult Income,class_imbalance,medium,MLP,0.8423669816011934,0.845682081882977,0.8049063484170396,0.33151002817836117,-3.7460633184153824,automated_cleaning,non-tree
Adult Income,class_imbalance,medium,Random Forest,0.8501574672633847,0.8526437924747223,0.8143543842201226,0.24863252113376255,-3.5803083043262074,automated_cleaning,tree
Adult Income,class_imbalance,medium,XGBoost,0.8647439085032322,0.8668987236863915,0.8342449859108239,0.21548151831592977,-3.0498922592408384,automated_cleaning,tree
Adult Income,concept_drift,high,Decision Tree,0.8211503397977788,0.8508204873197415,,2.967014752196262,,external_intervention,tree
Adult Income,concept_drift,high,Gaussian Naive Bayes,0.7991049229239184,0.797778882811205,,-0.13260401127134225,,external_intervention,non-tree
Adult Income,concept_drift,high,KNN,0.6988231393999669,0.8189955246146196,,12.017238521465268,,external_intervention,non-tree
Adult Income,concept_drift,high,LightGBM,0.845682081882977,0.8659041936018564,,2.0222111718879443,,external_intervention,tree
Adult Income,concept_drift,high,Logistic Regression,0.8022542681916128,0.817503729487817,,1.5249461296204192,,external_intervention,non-tree
Adult Income,concept_drift,high,MLP,0.8155146693187469,0.845682081882977,,3.0167412564230056,,external_intervention,non-tree
Adult Income,concept_drift,high,Random Forest,0.8453505718547986,0.8526437924747223,,0.7293220619923768,,external_intervention,tree
Adult Income,concept_drift,high,XGBoost,0.8440245317420852,0.8668987236863915,,2.287419194430629,,external_intervention,tree
Adult Income,concept_drift,low,Decision Tree,0.8430300016575502,0.8508204873197415,,0.7790485662191315,,external_intervention,tree
Adult Income,concept_drift,low,Gaussian Naive Bayes,0.8077241836565556,0.797778882811205,,-0.9945300845350613,,external_intervention,non-tree
Adult Income,concept_drift,low,KNN,0.8059008785015747,0.8189955246146196,,1.3094646113044894,,external_intervention,non-tree
Adult Income,concept_drift,low,LightGBM,0.8596055030664678,0.8659041936018564,,0.6298690535388674,,external_intervention,tree
Adult Income,concept_drift,low,Logistic Regression,0.8125310790651418,0.817503729487817,,0.4972650422675251,,external_intervention,non-tree
Adult Income,concept_drift,low,MLP,0.8370628211503398,0.845682081882977,,0.8619260732637191,,external_intervention,non-tree
Adult Income,concept_drift,low,Random Forest,0.8501574672633847,0.8526437924747223,,0.24863252113376255,,external_intervention,tree
Adult Income,concept_drift,low,XGBoost,0.8634178683905188,0.8668987236863915,,0.348085529587272,,external_intervention,tree
Adult Income,concept_drift,medium,Decision Tree,0.8352395159953588,0.8508204873197415,,1.558097132438263,,external_intervention,tree
Adult Income,concept_drift,medium,Gaussian Naive Bayes,0.8009282280788994,0.797778882811205,,-0.3149345267694392,,external_intervention,non-tree
Adult Income,concept_drift,medium,KNN,0.7659539201060832,0.8189955246146196,,5.304160450853635,,external_intervention,non-tree
Adult Income,concept_drift,medium,LightGBM,0.8622575832918946,0.8659041936018564,,0.36466103099618286,,external_intervention,tree
Adult Income,concept_drift,medium,Logistic Regression,0.8060666335156639,0.817503729487817,,1.1437095972153144,,external_intervention,non-tree
Adult Income,concept_drift,medium,MLP,0.8350737609812697,0.845682081882977,,1.0608320901707269,,external_intervention,non-tree
Adult Income,concept_drift,medium,Random Forest,0.848499917122493,0.8526437924747223,,0.4143875352229376,,external_intervention,tree
Adult Income,concept_drift,medium,XGBoost,0.8602685231228244,0.8668987236863915,,0.6630200563567112,,external_intervention,tree
Adult Income,contextual_errors,high,Decision Tree,0.8468423669816012,0.8508204873197415,0.8463451019393337,0.39781203381402674,-0.04972650422675473,automated_cleaning,tree
Adult Income,contextual_errors,high,Gaussian Naive Bayes,0.7457318083872038,0.797778882811205,0.7621415547820322,5.2047074424001245,1.6409746394828395,automated_cleaning,non-tree
Adult Income,contextual_errors,high,KNN,0.805237858445218,0.8189955246146196,0.8083872037129123,1.375766616940155,0.3149345267694281,automated_cleaning,non-tree
Adult Income,contextual_errors,high,LightGBM,0.8660699486159457,0.8659041936018564,0.8640808884468755,-0.016575501408921944,-0.19890601690701892,automated_cleaning,tree
Adult Income,contextual_errors,high,Logistic Regression,0.7470578484999171,0.817503729487817,0.7616442897397646,7.044588098789994,1.4586441239847536,automated_cleaning,non-tree
Adult Income,contextual_errors,high,MLP,0.8236366650091165,0.845682081882977,0.8242996850654732,2.2045416873860524,0.06630200563567668,automated_cleaning,non-tree
Adult Income,contextual_errors,high,Random Forest,0.8470081219956904,0.8526437924747223,0.8473396320238687,0.5635670479031907,0.033151002817832786,automated_cleaning,tree
Adult Income,contextual_errors,high,XGBoost,0.8629206033482513,0.8668987236863915,0.8662357036300348,0.39781203381402674,0.33151002817835007,automated_cleaning,tree
Adult Income,contextual_errors,low,Decision Tree,0.8417039615448367,0.8508204873197415,0.8430300016575502,0.9116525774904738,0.13260401127134225,automated_cleaning,tree
Adult Income,contextual_errors,low,Gaussian Naive Bayes,0.7457318083872038,0.797778882811205,0.7689375103596884,5.2047074424001245,2.3205701972484616,automated_cleaning,non-tree
Adult Income,contextual_errors,low,KNN,0.8145201392342118,0.8189955246146196,0.8077241836565556,0.4475385380407704,-0.6795955577656221,automated_cleaning,non-tree
Adult Income,contextual_errors,low,LightGBM,0.8644123984750539,0.8659041936018564,0.8668987236863915,0.1491795126802531,0.24863252113376255,automated_cleaning,tree
Adult Income,contextual_errors,low,Logistic Regression,0.748881153654898,0.817503729487817,0.7871705619094977,6.862257583291898,3.82894082545997,automated_cleaning,non-tree
Adult Income,contextual_errors,low,MLP,0.834410740924913,0.845682081882977,0.8335819658544671,1.1271340958064036,-0.08287750704458752,automated_cleaning,non-tree
Adult Income,contextual_errors,low,Random Forest,0.8489971821647605,0.8526437924747223,0.8498259572352064,0.36466103099618286,0.08287750704458752,automated_cleaning,tree
Adult Income,contextual_errors,low,XGBoost,0.8655726835736781,0.8668987236863915,0.866401458644124,0.13260401127134225,0.08287750704458752,automated_cleaning,tree
Adult Income,contextual_errors,medium,Decision Tree,0.8440245317420852,0.8508204873197415,0.8475053870379579,0.6795955577656221,0.3480855295872609,automated_cleaning,tree
Adult Income,contextual_errors,medium,Gaussian Naive Bayes,0.7503729487817007,0.797778882811205,0.7651251450356373,4.740593402950433,1.4752196253936645,automated_cleaning,non-tree
Adult Income,contextual_errors,medium,KNN,0.8105420188960716,0.8189955246146196,0.8108735289242499,0.8453505718547971,0.033151002817832786,automated_cleaning,non-tree
Adult Income,contextual_errors,medium,LightGBM,0.8647439085032322,0.8659041936018564,0.8654069285595889,0.1160285098624203,0.06630200563566557,automated_cleaning,tree
Adult Income,contextual_errors,medium,Logistic Regression,0.7490469086689873,0.817503729487817,0.7717553455992043,6.845682081882975,2.270843693021707,automated_cleaning,non-tree
Adult Income,contextual_errors,medium,MLP,0.8266202552627216,0.845682081882977,0.8274490303331675,1.906182662025535,0.08287750704458752,automated_cleaning,non-tree
Adult Income,contextual_errors,medium,Random Forest,0.8486656721365822,0.8526437924747223,0.8478368970661363,0.39781203381401564,-0.08287750704458752,automated_cleaning,tree
Adult Income,contextual_errors,medium,XGBoost,0.8639151334327864,0.8668987236863915,0.8659041936018564,0.2983590253605173,0.19890601690700782,automated_cleaning,tree
Adult Income,data_drift,high,Decision Tree,0.8441902867561744,0.8508204873197415,,0.6630200563567112,,external_intervention,tree
Adult Income,data_drift,high,Gaussian Naive Bayes,0.8135256091496768,0.797778882811205,,-1.574672633847174,,external_intervention,non-tree
Adult Income,data_drift,high,KNN,0.8125310790651418,0.8189955246146196,,0.6464445549477782,,external_intervention,non-tree
Adult Income,data_drift,high,LightGBM,0.8634178683905188,0.8659041936018564,,0.24863252113376255,,external_intervention,tree
Adult Income,data_drift,high,Logistic Regression,0.8049063484170396,0.817503729487817,,1.2597381070777458,,external_intervention,non-tree
Adult Income,data_drift,high,MLP,0.8461793469252444,0.845682081882977,,-0.04972650422674363,,external_intervention,non-tree
Adult Income,data_drift,high,Random Forest,0.8476711420520471,0.8526437924747223,,0.4972650422675251,,external_intervention,tree
Adult Income,data_drift,high,XGBoost,0.8650754185314106,0.8668987236863915,,0.18233051549809698,,external_intervention,tree
Adult Income,data_drift,low,Decision Tree,0.8465108569534229,0.8508204873197415,,0.43096303663185953,,external_intervention,tree
Adult Income,data_drift,low,Gaussian Naive Bayes,0.8105420188960716,0.797778882811205,,-1.2763136084866566,,external_intervention,non-tree
Adult Income,data_drift,low,KNN,0.8163434443891928,0.8189955246146196,,0.2652080225426734,,external_intervention,non-tree
Adult Income,data_drift,low,LightGBM,0.8629206033482513,0.8659041936018564,,0.2983590253605173,,external_intervention,tree
Adult Income,data_drift,low,Logistic Regression,0.8153489143046577,0.817503729487817,,0.21548151831592977,,external_intervention,non-tree
Adult Income,data_drift,low,MLP,0.8451848168407095,0.845682081882977,,0.04972650422675473,,external_intervention,non-tree
Adult Income,data_drift,low,Random Forest,0.8501574672633847,0.8526437924747223,,0.24863252113376255,,external_intervention,tree
Adult Income,data_drift,low,XGBoost,0.864578153489143,0.8668987236863915,,0.2320570197248517,,external_intervention,tree
Adult Income,data_drift,medium,Decision Tree,0.8486656721365822,0.8508204873197415,,0.21548151831592977,,external_intervention,tree
Adult Income,data_drift,medium,Gaussian Naive Bayes,0.8135256091496768,0.797778882811205,,-1.574672633847174,,external_intervention,non-tree
Adult Income,data_drift,medium,KNN,0.814685894248301,0.8189955246146196,,0.43096303663185953,,external_intervention,non-tree
Adult Income,data_drift,medium,LightGBM,0.8652411735454998,0.8659041936018564,,0.06630200563566557,,external_intervention,tree
Adult Income,data_drift,medium,Logistic Regression,0.8102105088678933,0.817503729487817,,0.7293220619923768,,external_intervention,non-tree
Adult Income,data_drift,medium,MLP,0.8445217967843527,0.845682081882977,,0.1160285098624314,,external_intervention,non-tree
Adult Income,data_drift,medium,Random Forest,0.8509862423338306,0.8526437924747223,,0.16575501408917503,,external_intervention,tree
Adult Income,data_drift,medium,XGBoost,0.8629206033482513,0.8668987236863915,,0.39781203381402674,,external_intervention,tree
Adult Income,data_heterogeneity,high,Decision Tree,0.8307641306149511,0.8508204873197415,0.8307641306149511,2.0056356704790335,0.0,automated_cleaning,tree
Adult Income,data_heterogeneity,high,Gaussian Naive Bayes,0.7818664014586442,0.797778882811205,0.7818664014586442,1.5912481352560848,0.0,automated_cleaning,non-tree
Adult Income,data_heterogeneity,high,KNN,0.8082214486988232,0.8189955246146196,0.8082214486988232,1.0774075915796377,0.0,automated_cleaning,non-tree
Adult Income,data_heterogeneity,high,LightGBM,0.8276147853472567,0.8659041936018564,0.8276147853472567,3.82894082545997,0.0,automated_cleaning,tree
Adult Income,data_heterogeneity,high,Logistic Regression,0.8009282280788994,0.817503729487817,0.8009282280788994,1.6575501408917614,0.0,automated_cleaning,non-tree
Adult Income,data_heterogeneity,high,MLP,0.8254599701640974,0.845682081882977,0.8254599701640974,2.0222111718879554,0.0,automated_cleaning,non-tree
Adult Income,data_heterogeneity,high,Random Forest,0.8292723354881485,0.8526437924747223,0.8292723354881485,2.3371456986573835,0.0,automated_cleaning,tree
Adult Income,data_heterogeneity,high,XGBoost,0.8216476048400464,0.8668987236863915,0.8216476048400464,4.525111884634514,0.0,automated_cleaning,tree
Adult Income,data_heterogeneity,low,Decision Tree,0.8274490303331675,0.8508204873197415,0.8274490303331675,2.3371456986573946,0.0,automated_cleaning,tree
Adult Income,data_heterogeneity,low,Gaussian Naive Bayes,0.8068954085861098,0.797778882811205,0.8068954085861098,-0.9116525774904738,0.0,automated_cleaning,non-tree
Adult Income,data_heterogeneity,low,KNN,0.8108735289242499,0.8189955246146196,0.8108735289242499,0.8121995690369643,0.0,automated_cleaning,non-tree
Adult Income,data_heterogeneity,low,LightGBM,0.8355710260235372,0.8659041936018564,0.8355710260235372,3.0333167578319276,0.0,automated_cleaning,tree
Adult Income,data_heterogeneity,low,Logistic Regression,0.8133598541355876,0.817503729487817,0.8133598541355876,0.4143875352229376,0.0,automated_cleaning,non-tree
Adult Income,data_heterogeneity,low,MLP,0.8342449859108239,0.845682081882977,0.8342449859108239,1.1437095972153144,0.0,automated_cleaning,non-tree
Adult Income,data_heterogeneity,low,Random Forest,0.8319244157135753,0.8526437924747223,0.8319244157135753,2.071937676114699,0.0,automated_cleaning,tree
Adult Income,data_heterogeneity,low,XGBoost,0.8350737609812697,0.8668987236863915,0.8350737609812697,3.1824962705121806,0.0,automated_cleaning,tree
Adult Income,data_heterogeneity,medium,Decision Tree,0.8448533068125311,0.8508204873197415,0.8448533068125311,0.5967180507210346,0.0,automated_cleaning,tree
Adult Income,data_heterogeneity,medium,Gaussian Naive Bayes,0.7981103928393833,0.797778882811205,0.7981103928393833,-0.033151002817832786,0.0,automated_cleaning,non-tree
Adult Income,data_heterogeneity,medium,KNN,0.8188297696005304,0.8189955246146196,0.8188297696005304,0.016575501408910842,0.0,automated_cleaning,non-tree
Adult Income,data_heterogeneity,medium,LightGBM,0.8601027681087353,0.8659041936018564,0.8601027681087353,0.5801425493121126,0.0,automated_cleaning,tree
Adult Income,data_heterogeneity,medium,Logistic Regression,0.8168407094314603,0.817503729487817,0.8168407094314603,0.06630200563567668,0.0,automated_cleaning,non-tree
Adult Income,data_heterogeneity,medium,MLP,0.8405436764462125,0.845682081882977,0.8405436764462125,0.513840543676447,0.0,automated_cleaning,non-tree
Adult Income,data_heterogeneity,medium,Random Forest,0.8503232222774739,0.8526437924747223,0.8503232222774739,0.2320570197248406,0.0,automated_cleaning,tree
Adult Income,data_heterogeneity,medium,XGBoost,0.857947952925576,0.8668987236863915,0.857947952925576,0.8950770760815518,0.0,automated_cleaning,tree
Adult Income,data_inconsistency,high,Decision Tree,0.8470081219956904,0.8508204873197415,0.846676611967512,0.3812365324051048,-0.03315100281784389,automated_cleaning,tree
Adult Income,data_inconsistency,high,Gaussian Naive Bayes,0.7467263384717387,0.797778882811205,0.7570031493452677,5.105254433946627,1.027681087352894,automated_cleaning,non-tree
Adult Income,data_inconsistency,high,KNN,0.8060666335156639,0.8189955246146196,0.809050223769269,1.2928891098955675,0.2983590253605173,automated_cleaning,non-tree
Adult Income,data_inconsistency,high,LightGBM,0.8655726835736781,0.8659041936018564,0.8657384385877673,0.033151002817832786,0.016575501408921944,automated_cleaning,tree
Adult Income,data_inconsistency,high,Logistic Regression,0.7502071937676115,0.817503729487817,0.7568373943311785,6.729653572020555,0.6630200563567001,automated_cleaning,non-tree
Adult Income,data_inconsistency,high,MLP,0.8252942151500083,0.845682081882977,0.8264545002486325,2.0387866732968662,0.1160285098624203,automated_cleaning,non-tree
Adult Income,data_inconsistency,high,Random Forest,0.8533068125310791,0.8526437924747223,0.8519807724183657,-0.06630200563567668,-0.13260401127134225,automated_cleaning,tree
Adult Income,data_inconsistency,high,XGBoost,0.8644123984750539,0.8668987236863915,0.864578153489143,0.24863252113376255,0.016575501408910842,automated_cleaning,tree
Adult Income,data_inconsistency,low,Decision Tree,0.8509862423338306,0.8508204873197415,0.8496602022211172,-0.016575501408910842,-0.13260401127134225,automated_cleaning,tree
Adult Income,data_inconsistency,low,Gaussian Naive Bayes,0.7550140891761976,0.797778882811205,0.8145201392342118,4.276479363500741,5.950605005801424,automated_cleaning,non-tree
Adult Income,data_inconsistency,low,KNN,0.8082214486988232,0.8189955246146196,0.8264545002486325,1.0774075915796377,1.8233051549809365,automated_cleaning,non-tree
Adult Income,data_inconsistency,low,LightGBM,0.8662357036300348,0.8659041936018564,0.8668987236863915,-0.033151002817832786,0.06630200563567668,automated_cleaning,tree
Adult Income,data_inconsistency,low,Logistic Regression,0.7553455992043759,0.817503729487817,0.8145201392342118,6.215813028344108,5.917454002983591,automated_cleaning,non-tree
Adult Income,data_inconsistency,low,MLP,0.8244654400795625,0.845682081882977,0.8436930217139068,2.1216641803414538,1.9227581634344348,automated_cleaning,non-tree
Adult Income,data_inconsistency,low,Random Forest,0.8521465274324548,0.8526437924747223,0.852312282446544,0.04972650422675473,0.016575501408921944,automated_cleaning,tree
Adult Income,data_inconsistency,low,XGBoost,0.8655726835736781,0.8668987236863915,0.8675617437427482,0.13260401127134225,0.19890601690700782,automated_cleaning,tree
Adult Income,data_inconsistency,medium,Decision Tree,0.8481684070943146,0.8508204873197415,0.8486656721365822,0.2652080225426845,0.04972650422675473,automated_cleaning,tree
Adult Income,data_inconsistency,medium,Gaussian Naive Bayes,0.7369467926404774,0.797778882811205,0.7991049229239184,6.083209017072766,6.215813028344108,automated_cleaning,non-tree
Adult Income,data_inconsistency,medium,KNN,0.808055693684734,0.8189955246146196,0.8148516492623902,1.0939830929885597,0.6795955577656221,automated_cleaning,non-tree
Adult Income,data_inconsistency,medium,LightGBM,0.8654069285595889,0.8659041936018564,0.8659041936018564,0.04972650422675473,0.04972650422675473,automated_cleaning,tree
Adult Income,data_inconsistency,medium,Logistic Regression,0.750704458809879,0.817503729487817,0.7823636665009116,6.6799270677938,3.1659207691032587,automated_cleaning,non-tree
Adult Income,data_inconsistency,medium,MLP,0.8184982595723521,0.845682081882977,0.8402121664180342,2.7183822310624883,2.1713906845682085,automated_cleaning,non-tree
Adult Income,data_inconsistency,medium,Random Forest,0.8514835073760981,0.8526437924747223,0.852312282446544,0.1160285098624203,0.08287750704458752,automated_cleaning,tree
Adult Income,data_inconsistency,medium,XGBoost,0.8647439085032322,0.8668987236863915,0.8657384385877673,0.21548151831592977,0.09945300845350946,automated_cleaning,tree
Adult Income,data_leakage,high,Decision Tree,0.8113707939665175,0.8508204873197415,0.8519807724183657,3.9449693353224013,4.060997845184822,automated_cleaning,tree
Adult Income,data_leakage,high,Gaussian Naive Bayes,0.8032487982761478,0.797778882811205,0.7979446378252942,-0.5469915464942798,-0.5304160450853579,automated_cleaning,non-tree
Adult Income,data_leakage,high,KNN,0.7754019559091663,0.8189955246146196,0.8269517652909001,4.359356870545328,5.154980938173381,automated_cleaning,non-tree
Adult Income,data_leakage,high,LightGBM,0.8093817337974474,0.8659041936018564,0.8662357036300348,5.652245980440906,5.685396983258739,automated_cleaning,tree
Adult Income,data_leakage,high,Logistic Regression,0.7821979114868225,0.817503729487817,0.817503729487817,3.5305818000994527,3.5305818000994527,automated_cleaning,non-tree
Adult Income,data_leakage,high,MLP,0.7962870876844025,0.845682081882977,0.8446875517984419,4.939499419857452,4.840046411403942,automated_cleaning,non-tree
Adult Income,data_leakage,high,Random Forest,0.8057351234874855,0.8526437924747223,0.8528095474888115,4.690866898723678,4.707442400132599,automated_cleaning,tree
Adult Income,data_leakage,high,XGBoost,0.8097132438256257,0.8668987236863915,0.8647439085032322,5.718547986076583,5.503066467760654,automated_cleaning,tree
Adult Income,data_leakage,low,Decision Tree,0.8420354715730151,0.8508204873197415,0.8420354715730151,0.878501574672641,0.0,automated_cleaning,tree
Adult Income,data_leakage,low,Gaussian Naive Bayes,0.7942980275153323,0.797778882811205,0.7942980275153323,0.348085529587272,0.0,automated_cleaning,non-tree
Adult Income,data_leakage,low,KNN,0.815680424332836,0.8189955246146196,0.815680424332836,0.33151002817835007,0.0,automated_cleaning,non-tree
Adult Income,data_leakage,low,LightGBM,0.8564561577987734,0.8659041936018564,0.8564561577987734,0.9448035803083066,0.0,automated_cleaning,tree
Adult Income,data_leakage,low,Logistic Regression,0.8125310790651418,0.817503729487817,0.8125310790651418,0.4972650422675251,0.0,automated_cleaning,non-tree
Adult Income,data_leakage,low,MLP,0.8385546162771423,0.845682081882977,0.8385546162771423,0.712746560583466,0.0,automated_cleaning,non-tree
Adult Income,data_leakage,low,Random Forest,0.8498259572352064,0.8526437924747223,0.8498259572352064,0.28178352395159534,0.0,automated_cleaning,tree
Adult Income,data_leakage,low,XGBoost,0.8567876678269518,0.8668987236863915,0.8567876678269518,1.0111055859439722,0.0,automated_cleaning,tree
Adult Income,data_leakage,medium,Decision Tree,0.8269517652909001,0.8508204873197415,0.8519807724183657,2.3868722028841383,2.5029007127465586,automated_cleaning,tree
Adult Income,data_leakage,medium,Gaussian Naive Bayes,0.7952925575998674,0.797778882811205,0.7979446378252942,0.24863252113376255,0.2652080225426845,automated_cleaning,non-tree
Adult Income,data_leakage,medium,KNN,0.8015912481352561,0.8189955246146196,0.8269517652909001,1.740427647936349,2.5360517155644025,automated_cleaning,non-tree
Adult Income,data_leakage,medium,LightGBM,0.8340792308967346,0.8659041936018564,0.8662357036300348,3.1824962705121806,3.2156472733300134,automated_cleaning,tree
Adult Income,data_leakage,medium,Logistic Regression,0.8025857782197912,0.817503729487817,0.817503729487817,1.4917951268025864,1.4917951268025864,automated_cleaning,non-tree
Adult Income,data_leakage,medium,MLP,0.8281120503895243,0.845682081882977,0.8446875517984419,1.757003149345271,1.6575501408917614,automated_cleaning,non-tree
Adult Income,data_leakage,medium,Random Forest,0.8229736449527598,0.8526437924747223,0.8528095474888115,2.967014752196251,2.983590253605173,automated_cleaning,tree
Adult Income,data_leakage,medium,XGBoost,0.8362340460798939,0.8668987236863915,0.8647439085032322,3.0664677606497603,2.8509862423338306,automated_cleaning,tree
Adult Income,data_representativeness,high,Decision Tree,0.8448533068125311,0.8508204873197415,,0.5967180507210346,,external_intervention,tree
Adult Income,data_representativeness,high,Gaussian Naive Bayes,0.7959555776562242,0.797778882811205,,0.18233051549808588,,external_intervention,non-tree
Adult Income,data_representativeness,high,KNN,0.8189955246146196,0.8189955246146196,,0.0,,external_intervention,non-tree
Adult Income,data_representativeness,high,LightGBM,0.8609315431791812,0.8659041936018564,,0.4972650422675251,,external_intervention,tree
Adult Income,data_representativeness,high,Logistic Regression,0.8153489143046577,0.817503729487817,,0.21548151831592977,,external_intervention,non-tree
Adult Income,data_representativeness,high,MLP,0.8431957566716393,0.845682081882977,,0.24863252113377365,,external_intervention,non-tree
Adult Income,data_representativeness,high,Random Forest,0.849494447207028,0.8526437924747223,,0.3149345267694281,,external_intervention,tree
Adult Income,data_representativeness,high,XGBoost,0.8620918282778054,0.8668987236863915,,0.48068954085861426,,external_intervention,tree
Adult Income,data_representativeness,low,Decision Tree,0.8518150174042765,0.8508204873197415,,-0.09945300845349836,,external_intervention,tree
Adult Income,data_representativeness,low,Gaussian Naive Bayes,0.7957898226421349,0.797778882811205,,0.19890601690700782,,external_intervention,non-tree
Adult Income,data_representativeness,low,KNN,0.8209845847836897,0.8189955246146196,,-0.19890601690701892,,external_intervention,non-tree
Adult Income,data_representativeness,low,LightGBM,0.866401458644124,0.8659041936018564,,-0.04972650422675473,,external_intervention,tree
Adult Income,data_representativeness,low,Logistic Regression,0.8168407094314603,0.817503729487817,,0.06630200563567668,,external_intervention,non-tree
Adult Income,data_representativeness,low,MLP,0.8433615116857285,0.845682081882977,,0.2320570197248517,,external_intervention,non-tree
Adult Income,data_representativeness,low,Random Forest,0.8499917122492956,0.8526437924747223,,0.2652080225426734,,external_intervention,tree
Adult Income,data_representativeness,low,XGBoost,0.8660699486159457,0.8668987236863915,,0.08287750704458752,,external_intervention,tree
Adult Income,data_representativeness,medium,Decision Tree,0.8486656721365822,0.8508204873197415,,0.21548151831592977,,external_intervention,tree
Adult Income,data_representativeness,medium,Gaussian Naive Bayes,0.7959555776562242,0.797778882811205,,0.18233051549808588,,external_intervention,non-tree
Adult Income,data_representativeness,medium,KNN,0.8226421349245815,0.8189955246146196,,-0.36466103099619396,,external_intervention,non-tree
Adult Income,data_representativeness,medium,LightGBM,0.8644123984750539,0.8659041936018564,,0.1491795126802531,,external_intervention,tree
Adult Income,data_representativeness,medium,Logistic Regression,0.8170064644455495,0.817503729487817,,0.04972650422675473,,external_intervention,non-tree
Adult Income,data_representativeness,medium,MLP,0.8425327366152826,0.845682081882977,,0.3149345267694392,,external_intervention,non-tree
Adult Income,data_representativeness,medium,Random Forest,0.8506547323056523,0.8526437924747223,,0.19890601690700782,,external_intervention,tree
Adult Income,data_representativeness,medium,XGBoost,0.8657384385877673,0.8668987236863915,,0.1160285098624203,,external_intervention,tree
Adult Income,domain_violations,high,Decision Tree,0.8516492623901873,0.8508204873197415,0.852312282446544,-0.08287750704458752,0.06630200563566557,automated_cleaning,tree
Adult Income,domain_violations,high,Gaussian Naive Bayes,0.7526935189789491,0.797778882811205,0.7565058843030001,4.508536383225592,0.3812365324051048,automated_cleaning,non-tree
Adult Income,domain_violations,high,KNN,0.8196585446709763,0.8189955246146196,0.8098789988397149,-0.06630200563567668,-0.9779545831261394,automated_cleaning,non-tree
Adult Income,domain_violations,high,LightGBM,0.8680590087850157,0.8659041936018564,0.8665672136582132,-0.21548151831592977,-0.1491795126802531,automated_cleaning,tree
Adult Income,domain_violations,high,Logistic Regression,0.7512017238521466,0.817503729487817,0.7778882811205039,6.630200563567046,2.6686557268357336,automated_cleaning,non-tree
Adult Income,domain_violations,high,MLP,0.8395491463616774,0.845682081882977,0.8367313111221615,0.6132935521299565,-0.28178352395159534,automated_cleaning,non-tree
Adult Income,domain_violations,high,Random Forest,0.848499917122493,0.8526437924747223,0.8468423669816012,0.4143875352229376,-0.16575501408917503,automated_cleaning,tree
Adult Income,domain_violations,high,XGBoost,0.8655726835736781,0.8668987236863915,0.8675617437427482,0.13260401127134225,0.19890601690700782,automated_cleaning,tree
Adult Income,domain_violations,low,Decision Tree,0.8450190618266202,0.8508204873197415,0.8443560417702636,0.5801425493121237,-0.06630200563566557,automated_cleaning,tree
Adult Income,domain_violations,low,Gaussian Naive Bayes,0.7561743742748218,0.797778882811205,0.7719211006132936,4.16045085363832,1.574672633847174,automated_cleaning,non-tree
Adult Income,domain_violations,low,KNN,0.8188297696005304,0.8189955246146196,0.8117023039946958,0.016575501408910842,-0.712746560583466,automated_cleaning,non-tree
Adult Income,domain_violations,low,LightGBM,0.8673959887286591,0.8659041936018564,0.8660699486159457,-0.1491795126802642,-0.13260401127134225,automated_cleaning,tree
Adult Income,domain_violations,low,Logistic Regression,0.7765622410077905,0.817503729487817,0.7991049229239184,4.094148848002654,2.254268191612796,automated_cleaning,non-tree
Adult Income,domain_violations,low,MLP,0.8426984916293718,0.845682081882977,0.843858776727996,0.2983590253605173,0.1160285098624203,automated_cleaning,non-tree
Adult Income,domain_violations,low,Random Forest,0.8538040775733466,0.8526437924747223,0.8538040775733466,-0.1160285098624314,0.0,automated_cleaning,tree
Adult Income,domain_violations,low,XGBoost,0.8678932537709265,0.8668987236863915,0.8687220288413725,-0.09945300845349836,0.08287750704459862,automated_cleaning,tree
Adult Income,domain_violations,medium,Decision Tree,0.8478368970661363,0.8508204873197415,0.8465108569534229,0.2983590253605173,-0.13260401127134225,automated_cleaning,tree
Adult Income,domain_violations,medium,Gaussian Naive Bayes,0.7538538040775733,0.797778882811205,0.7606497596552295,4.392507873363172,0.6795955577656221,automated_cleaning,non-tree
Adult Income,domain_violations,medium,KNN,0.8103762638819825,0.8189955246146196,0.8045748383888612,0.861926073263708,-0.5801425493121237,automated_cleaning,non-tree
Adult Income,domain_violations,medium,LightGBM,0.8673959887286591,0.8659041936018564,0.8680590087850157,-0.1491795126802642,0.06630200563566557,automated_cleaning,tree
Adult Income,domain_violations,medium,Logistic Regression,0.7583291894579811,0.817503729487817,0.7884966020222112,5.917454002983591,3.0167412564230056,automated_cleaning,non-tree
Adult Income,domain_violations,medium,MLP,0.8428642466434609,0.845682081882977,0.8440245317420852,0.28178352395160644,0.1160285098624314,automated_cleaning,non-tree
Adult Income,domain_violations,medium,Random Forest,0.852312282446544,0.8526437924747223,0.8528095474888115,0.033151002817832786,0.04972650422675473,automated_cleaning,tree
Adult Income,domain_violations,medium,XGBoost,0.8665672136582132,0.8668987236863915,0.8680590087850157,0.033151002817832786,0.1491795126802531,automated_cleaning,tree
Adult Income,duplicates,high,Decision Tree,0.849494447207028,0.8508204873197415,0.8508204873197415,0.13260401127134225,0.13260401127134225,automated_cleaning,tree
Adult Income,duplicates,high,Gaussian Naive Bayes,0.7979446378252942,0.797778882811205,0.797778882811205,-0.016575501408921944,-0.016575501408921944,automated_cleaning,non-tree
Adult Income,duplicates,high,KNN,0.8161776893751036,0.8189955246146196,0.819327034642798,0.28178352395159534,0.3149345267694392,automated_cleaning,non-tree
Adult Income,duplicates,high,LightGBM,0.8654069285595889,0.8659041936018564,0.8667329686723023,0.04972650422675473,0.13260401127134225,automated_cleaning,tree
Adult Income,duplicates,high,Logistic Regression,0.8178352395159953,0.817503729487817,0.817503729487817,-0.033151002817832786,-0.033151002817832786,automated_cleaning,non-tree
Adult Income,duplicates,high,MLP,0.8412066965025692,0.845682081882977,0.8451848168407095,0.4475385380407815,0.39781203381402674,automated_cleaning,non-tree
Adult Income,duplicates,high,Random Forest,0.8521465274324548,0.8526437924747223,0.8526437924747223,0.04972650422675473,0.04972650422675473,automated_cleaning,tree
Adult Income,duplicates,high,XGBoost,0.8655726835736781,0.8668987236863915,0.8678932537709265,0.13260401127134225,0.2320570197248406,automated_cleaning,tree
Adult Income,duplicates,low,Decision Tree,0.8481684070943146,0.8508204873197415,0.8508204873197415,0.2652080225426845,0.2652080225426845,automated_cleaning,tree
Adult Income,duplicates,low,Gaussian Naive Bayes,0.7971158627548484,0.797778882811205,0.797778882811205,0.06630200563566557,0.06630200563566557,automated_cleaning,non-tree
Adult Income,duplicates,low,KNN,0.8173379744737278,0.8189955246146196,0.819327034642798,0.16575501408917503,0.19890601690701892,automated_cleaning,non-tree
Adult Income,duplicates,low,LightGBM,0.8657384385877673,0.8659041936018564,0.8667329686723023,0.016575501408910842,0.09945300845349836,automated_cleaning,tree
Adult Income,duplicates,low,Logistic Regression,0.8168407094314603,0.817503729487817,0.817503729487817,0.06630200563567668,0.06630200563567668,automated_cleaning,non-tree
Adult Income,duplicates,low,MLP,0.8453505718547986,0.845682081882977,0.8451848168407095,0.03315100281784389,-0.016575501408910842,automated_cleaning,non-tree
Adult Income,duplicates,low,Random Forest,0.8529753025029008,0.8526437924747223,0.8526437924747223,-0.03315100281784389,-0.03315100281784389,automated_cleaning,tree
Adult Income,duplicates,low,XGBoost,0.8657384385877673,0.8668987236863915,0.8678932537709265,0.1160285098624203,0.21548151831591866,automated_cleaning,tree
Adult Income,duplicates,medium,Decision Tree,0.8475053870379579,0.8508204873197415,0.8508204873197415,0.33151002817836117,0.33151002817836117,automated_cleaning,tree
Adult Income,duplicates,medium,Gaussian Naive Bayes,0.7986076578816509,0.797778882811205,0.797778882811205,-0.08287750704458752,-0.08287750704458752,automated_cleaning,non-tree
Adult Income,duplicates,medium,KNN,0.8166749544173711,0.8189955246146196,0.819327034642798,0.2320570197248406,0.2652080225426845,automated_cleaning,non-tree
Adult Income,duplicates,medium,LightGBM,0.8673959887286591,0.8659041936018564,0.8667329686723023,-0.1491795126802642,-0.06630200563567668,automated_cleaning,tree
Adult Income,duplicates,medium,Logistic Regression,0.8178352395159953,0.817503729487817,0.817503729487817,-0.033151002817832786,-0.033151002817832786,automated_cleaning,non-tree
Adult Income,duplicates,medium,MLP,0.8468423669816012,0.845682081882977,0.8451848168407095,-0.1160285098624203,-0.16575501408917503,automated_cleaning,non-tree
Adult Income,duplicates,medium,Random Forest,0.8516492623901873,0.8526437924747223,0.8526437924747223,0.09945300845349836,0.09945300845349836,automated_cleaning,tree
Adult Income,duplicates,medium,XGBoost,0.8654069285595889,0.8668987236863915,0.8678932537709265,0.1491795126802642,0.24863252113376255,automated_cleaning,tree
Adult Income,duplicates_minority,high,Decision Tree,0.8392176363334991,0.8508204873197415,0.8508204873197415,1.1602850986242363,1.1602850986242363,automated_cleaning,tree
Adult Income,duplicates_minority,high,Gaussian Naive Bayes,0.7989391679098292,0.797778882811205,0.797778882811205,-0.1160285098624203,-0.1160285098624203,automated_cleaning,non-tree
Adult Income,duplicates_minority,high,KNN,0.8015912481352561,0.8189955246146196,0.819327034642798,1.740427647936349,1.7735786507541929,automated_cleaning,non-tree
Adult Income,duplicates_minority,high,LightGBM,0.8610972981932703,0.8659041936018564,0.8667329686723023,0.48068954085861426,0.5635670479032018,automated_cleaning,tree
Adult Income,duplicates_minority,high,Logistic Regression,0.8130283441074092,0.817503729487817,0.817503729487817,0.4475385380407815,0.4475385380407815,automated_cleaning,non-tree
Adult Income,duplicates_minority,high,MLP,0.836399801093983,0.845682081882977,0.8451848168407095,0.9282280788993957,0.878501574672641,automated_cleaning,non-tree
Adult Income,duplicates_minority,high,Random Forest,0.8581137079396651,0.8526437924747223,0.8526437924747223,-0.5469915464942798,-0.5469915464942798,automated_cleaning,tree
Adult Income,duplicates_minority,high,XGBoost,0.8612630532073595,0.8668987236863915,0.8678932537709265,0.5635670479032018,0.6630200563567001,automated_cleaning,tree
Adult Income,duplicates_minority,low,Decision Tree,0.848499917122493,0.8508204873197415,0.8508204873197415,0.2320570197248517,0.2320570197248517,automated_cleaning,tree
Adult Income,duplicates_minority,low,Gaussian Naive Bayes,0.7987734128957401,0.797778882811205,0.797778882811205,-0.09945300845350946,-0.09945300845350946,automated_cleaning,non-tree
Adult Income,duplicates_minority,low,KNN,0.8143543842201226,0.8189955246146196,0.819327034642798,0.4641140394496923,0.4972650422675362,automated_cleaning,non-tree
Adult Income,duplicates_minority,low,LightGBM,0.8667329686723023,0.8659041936018564,0.8667329686723023,-0.08287750704458752,0.0,automated_cleaning,tree
Adult Income,duplicates_minority,low,Logistic Regression,0.8206530747555113,0.817503729487817,0.817503729487817,-0.3149345267694281,-0.3149345267694281,automated_cleaning,non-tree
Adult Income,duplicates_minority,low,MLP,0.8423669816011934,0.845682081882977,0.8451848168407095,0.33151002817836117,0.28178352395160644,automated_cleaning,non-tree
Adult Income,duplicates_minority,low,Random Forest,0.856124647770595,0.8526437924747223,0.8526437924747223,-0.348085529587272,-0.348085529587272,automated_cleaning,tree
Adult Income,duplicates_minority,low,XGBoost,0.8662357036300348,0.8668987236863915,0.8678932537709265,0.06630200563567668,0.16575501408917503,automated_cleaning,tree
Adult Income,duplicates_minority,medium,Decision Tree,0.8423669816011934,0.8508204873197415,0.8508204873197415,0.8453505718548082,0.8453505718548082,automated_cleaning,tree
Adult Income,duplicates_minority,medium,Gaussian Naive Bayes,0.7997679429802752,0.797778882811205,0.797778882811205,-0.19890601690701892,-0.19890601690701892,automated_cleaning,non-tree
Adult Income,duplicates_minority,medium,KNN,0.8105420188960716,0.8189955246146196,0.819327034642798,0.8453505718547971,0.878501574672641,automated_cleaning,non-tree
Adult Income,duplicates_minority,medium,LightGBM,0.8639151334327864,0.8659041936018564,0.8667329686723023,0.19890601690700782,0.28178352395159534,automated_cleaning,tree
Adult Income,duplicates_minority,medium,Logistic Regression,0.8199900546991546,0.817503729487817,0.817503729487817,-0.24863252113376255,-0.24863252113376255,automated_cleaning,non-tree
Adult Income,duplicates_minority,medium,MLP,0.8365655561080723,0.845682081882977,0.8451848168407095,0.9116525774904738,0.8619260732637191,automated_cleaning,non-tree
Adult Income,duplicates_minority,medium,Random Forest,0.8592739930382894,0.8526437924747223,0.8526437924747223,-0.6630200563567112,-0.6630200563567112,automated_cleaning,tree
Adult Income,duplicates_minority,medium,XGBoost,0.8654069285595889,0.8668987236863915,0.8678932537709265,0.1491795126802642,0.24863252113376255,automated_cleaning,tree
Adult Income,duplicates_targeted,high,Decision Tree,0.8478368970661363,0.8508204873197415,0.8508204873197415,0.2983590253605173,0.2983590253605173,automated_cleaning,tree
Adult Income,duplicates_targeted,high,Gaussian Naive Bayes,0.7964528426984916,0.797778882811205,0.797778882811205,0.13260401127134225,0.13260401127134225,automated_cleaning,non-tree
Adult Income,duplicates_targeted,high,KNN,0.8204873197414222,0.8189955246146196,0.819327034642798,-0.1491795126802642,-0.1160285098624203,automated_cleaning,non-tree
Adult Income,duplicates_targeted,high,LightGBM,0.8659041936018564,0.8659041936018564,0.8667329686723023,0.0,0.08287750704458752,automated_cleaning,tree
Adult Income,duplicates_targeted,high,Logistic Regression,0.8173379744737278,0.817503729487817,0.817503729487817,0.016575501408921944,0.016575501408921944,automated_cleaning,non-tree
Adult Income,duplicates_targeted,high,MLP,0.8448533068125311,0.845682081882977,0.8451848168407095,0.08287750704458752,0.033151002817832786,automated_cleaning,non-tree
Adult Income,duplicates_targeted,high,Random Forest,0.8511519973479198,0.8526437924747223,0.8526437924747223,0.1491795126802531,0.1491795126802531,automated_cleaning,tree
Adult Income,duplicates_targeted,high,XGBoost,0.8650754185314106,0.8668987236863915,0.8678932537709265,0.18233051549809698,0.28178352395159534,automated_cleaning,tree
Adult Income,duplicates_targeted,low,Decision Tree,0.8486656721365822,0.8508204873197415,0.8508204873197415,0.21548151831592977,0.21548151831592977,automated_cleaning,tree
Adult Income,duplicates_targeted,low,Gaussian Naive Bayes,0.7994364329520968,0.797778882811205,0.797778882811205,-0.16575501408917503,-0.16575501408917503,automated_cleaning,non-tree
Adult Income,duplicates_targeted,low,KNN,0.817503729487817,0.8189955246146196,0.819327034642798,0.1491795126802531,0.18233051549809698,automated_cleaning,non-tree
Adult Income,duplicates_targeted,low,LightGBM,0.866401458644124,0.8659041936018564,0.8667329686723023,-0.04972650422675473,0.033151002817832786,automated_cleaning,tree
Adult Income,duplicates_targeted,low,Logistic Regression,0.8171722194596387,0.817503729487817,0.817503729487817,0.033151002817832786,0.033151002817832786,automated_cleaning,non-tree
Adult Income,duplicates_targeted,low,MLP,0.8436930217139068,0.845682081882977,0.8451848168407095,0.19890601690701892,0.1491795126802642,automated_cleaning,non-tree
Adult Income,duplicates_targeted,low,Random Forest,0.8511519973479198,0.8526437924747223,0.8526437924747223,0.1491795126802531,0.1491795126802531,automated_cleaning,tree
Adult Income,duplicates_targeted,low,XGBoost,0.8642466434609647,0.8668987236863915,0.8678932537709265,0.2652080225426845,0.36466103099618286,automated_cleaning,tree
Adult Income,duplicates_targeted,medium,Decision Tree,0.8488314271506713,0.8508204873197415,0.8508204873197415,0.19890601690701892,0.19890601690701892,automated_cleaning,tree
Adult Income,duplicates_targeted,medium,Gaussian Naive Bayes,0.7984419028675618,0.797778882811205,0.797778882811205,-0.06630200563567668,-0.06630200563567668,automated_cleaning,non-tree
Adult Income,duplicates_targeted,medium,KNN,0.8181667495441737,0.8189955246146196,0.819327034642798,0.08287750704458752,0.1160285098624314,automated_cleaning,non-tree
Adult Income,duplicates_targeted,medium,LightGBM,0.8670644787004806,0.8659041936018564,0.8667329686723023,-0.1160285098624203,-0.033151002817832786,automated_cleaning,tree
Adult Income,duplicates_targeted,medium,Logistic Regression,0.817503729487817,0.817503729487817,0.817503729487817,0.0,0.0,automated_cleaning,non-tree
Adult Income,duplicates_targeted,medium,MLP,0.8455163268688878,0.845682081882977,0.8451848168407095,0.016575501408921944,-0.033151002817832786,automated_cleaning,non-tree
Adult Income,duplicates_targeted,medium,Random Forest,0.8508204873197415,0.8526437924747223,0.8526437924747223,0.18233051549808588,0.18233051549808588,automated_cleaning,tree
Adult Income,duplicates_targeted,medium,XGBoost,0.8675617437427482,0.8668987236863915,0.8678932537709265,-0.06630200563566557,0.033151002817832786,automated_cleaning,tree
Adult Income,feature_noise,high,Decision Tree,0.8410409414884801,0.8508204873197415,0.8410409414884801,0.9779545831261394,0.0,automated_cleaning,tree
Adult Income,feature_noise,high,Gaussian Naive Bayes,0.814685894248301,0.797778882811205,0.814685894248301,-1.6907011437095942,0.0,automated_cleaning,non-tree
Adult Income,feature_noise,high,KNN,0.814685894248301,0.8189955246146196,0.814685894248301,0.43096303663185953,0.0,automated_cleaning,non-tree
Adult Income,feature_noise,high,LightGBM,0.8501574672633847,0.8659041936018564,0.8488314271506713,1.574672633847174,-0.13260401127134225,automated_cleaning,tree
Adult Income,feature_noise,high,Logistic Regression,0.8151831592905685,0.817503729487817,0.8153489143046577,0.2320570197248517,0.016575501408921944,automated_cleaning,non-tree
Adult Income,feature_noise,high,MLP,0.8425327366152826,0.845682081882977,0.8445217967843527,0.3149345267694392,0.19890601690700782,automated_cleaning,non-tree
Adult Income,feature_noise,high,Random Forest,0.8460135919111553,0.8526437924747223,0.8460135919111553,0.6630200563567001,0.0,automated_cleaning,tree
Adult Income,feature_noise,high,XGBoost,0.852312282446544,0.8668987236863915,0.852312282446544,1.4586441239847536,0.0,automated_cleaning,tree
Adult Income,feature_noise,low,Decision Tree,0.8478368970661363,0.8508204873197415,0.8478368970661363,0.2983590253605173,0.0,automated_cleaning,tree
Adult Income,feature_noise,low,Gaussian Naive Bayes,0.799602187966186,0.797778882811205,0.799602187966186,-0.18233051549809698,0.0,automated_cleaning,non-tree
Adult Income,feature_noise,low,KNN,0.8184982595723521,0.8189955246146196,0.8184982595723521,0.04972650422674363,0.0,automated_cleaning,non-tree
Adult Income,feature_noise,low,LightGBM,0.8591082380242002,0.8659041936018564,0.8592739930382894,0.6795955577656221,0.016575501408921944,automated_cleaning,tree
Adult Income,feature_noise,low,Logistic Regression,0.817503729487817,0.817503729487817,0.817503729487817,0.0,0.0,automated_cleaning,non-tree
Adult Income,feature_noise,low,MLP,0.8455163268688878,0.845682081882977,0.8468423669816012,0.016575501408921944,0.13260401127134225,automated_cleaning,non-tree
Adult Income,feature_noise,low,Random Forest,0.8513177523620089,0.8526437924747223,0.8513177523620089,0.13260401127134225,0.0,automated_cleaning,tree
Adult Income,feature_noise,low,XGBoost,0.8606000331510029,0.8668987236863915,0.8606000331510029,0.6298690535388674,0.0,automated_cleaning,tree
Adult Income,feature_noise,medium,Decision Tree,0.841869716558926,0.8508204873197415,0.841869716558926,0.8950770760815518,0.0,automated_cleaning,tree
Adult Income,feature_noise,medium,Gaussian Naive Bayes,0.8105420188960716,0.797778882811205,0.8105420188960716,-1.2763136084866566,0.0,automated_cleaning,non-tree
Adult Income,feature_noise,medium,KNN,0.8170064644455495,0.8189955246146196,0.8170064644455495,0.19890601690700782,0.0,automated_cleaning,non-tree
Adult Income,feature_noise,medium,LightGBM,0.8571191778551301,0.8659041936018564,0.8571191778551301,0.8785015746726299,0.0,automated_cleaning,tree
Adult Income,feature_noise,medium,Logistic Regression,0.8176694845019061,0.817503729487817,0.8176694845019061,-0.016575501408910842,0.0,automated_cleaning,non-tree
Adult Income,feature_noise,medium,MLP,0.8461793469252444,0.845682081882977,0.8476711420520471,-0.04972650422674363,0.1491795126802642,automated_cleaning,non-tree
Adult Income,feature_noise,medium,Random Forest,0.849494447207028,0.8526437924747223,0.849494447207028,0.3149345267694281,0.0,automated_cleaning,tree
Adult Income,feature_noise,medium,XGBoost,0.8536383225592574,0.8668987236863915,0.8536383225592574,1.3260401127134114,0.0,automated_cleaning,tree
Adult Income,feature_noise_targeted,high,Decision Tree,0.8451848168407095,0.8508204873197415,0.8451848168407095,0.5635670479032018,0.0,automated_cleaning,tree
Adult Income,feature_noise_targeted,high,Gaussian Naive Bayes,0.7942980275153323,0.797778882811205,0.7942980275153323,0.348085529587272,0.0,automated_cleaning,non-tree
Adult Income,feature_noise_targeted,high,KNN,0.8180009945300846,0.8189955246146196,0.8181667495441737,0.09945300845349836,0.016575501408910842,automated_cleaning,non-tree
Adult Income,feature_noise_targeted,high,LightGBM,0.8624233383059837,0.8659041936018564,0.8619260732637162,0.348085529587272,-0.04972650422675473,automated_cleaning,tree
Adult Income,feature_noise_targeted,high,Logistic Regression,0.8151831592905685,0.817503729487817,0.8150174042764794,0.2320570197248517,-0.016575501408910842,automated_cleaning,non-tree
Adult Income,feature_noise_targeted,high,MLP,0.8450190618266202,0.845682081882977,0.8441902867561744,0.06630200563567668,-0.08287750704458752,automated_cleaning,non-tree
Adult Income,feature_noise_targeted,high,Random Forest,0.8506547323056523,0.8526437924747223,0.8506547323056523,0.19890601690700782,0.0,automated_cleaning,tree
Adult Income,feature_noise_targeted,high,XGBoost,0.8660699486159457,0.8668987236863915,0.8660699486159457,0.08287750704458752,0.0,automated_cleaning,tree
Adult Income,feature_noise_targeted,low,Decision Tree,0.8453505718547986,0.8508204873197415,0.8453505718547986,0.5469915464942909,0.0,automated_cleaning,tree
Adult Income,feature_noise_targeted,low,Gaussian Naive Bayes,0.797778882811205,0.797778882811205,0.797778882811205,0.0,0.0,automated_cleaning,non-tree
Adult Income,feature_noise_targeted,low,KNN,0.8186640145864412,0.8189955246146196,0.8186640145864412,0.033151002817832786,0.0,automated_cleaning,non-tree
Adult Income,feature_noise_targeted,low,LightGBM,0.8668987236863915,0.8659041936018564,0.8668987236863915,-0.09945300845350946,0.0,automated_cleaning,tree
Adult Income,feature_noise_targeted,low,Logistic Regression,0.8171722194596387,0.817503729487817,0.8171722194596387,0.033151002817832786,0.0,automated_cleaning,non-tree
Adult Income,feature_noise_targeted,low,MLP,0.843858776727996,0.845682081882977,0.845682081882977,0.18233051549809698,0.18233051549809698,automated_cleaning,non-tree
Adult Income,feature_noise_targeted,low,Random Forest,0.8538040775733466,0.8526437924747223,0.8538040775733466,-0.1160285098624314,0.0,automated_cleaning,tree
Adult Income,feature_noise_targeted,low,XGBoost,0.8650754185314106,0.8668987236863915,0.8650754185314106,0.18233051549809698,0.0,automated_cleaning,tree
Adult Income,feature_noise_targeted,medium,Decision Tree,0.8385546162771423,0.8508204873197415,0.8385546162771423,1.226587104259913,0.0,automated_cleaning,tree
Adult Income,feature_noise_targeted,medium,Gaussian Naive Bayes,0.7951268025857782,0.797778882811205,0.7951268025857782,0.2652080225426845,0.0,automated_cleaning,non-tree
Adult Income,feature_noise_targeted,medium,KNN,0.8170064644455495,0.8189955246146196,0.8171722194596387,0.19890601690700782,0.016575501408921944,automated_cleaning,non-tree
Adult Income,feature_noise_targeted,medium,LightGBM,0.8654069285595889,0.8659041936018564,0.8652411735454998,0.04972650422675473,-0.016575501408910842,automated_cleaning,tree
Adult Income,feature_noise_targeted,medium,Logistic Regression,0.817503729487817,0.817503729487817,0.817503729487817,0.0,0.0,automated_cleaning,non-tree
Adult Income,feature_noise_targeted,medium,MLP,0.8430300016575502,0.845682081882977,0.8430300016575502,0.2652080225426845,0.0,automated_cleaning,non-tree
Adult Income,feature_noise_targeted,medium,Random Forest,0.8496602022211172,0.8526437924747223,0.8496602022211172,0.2983590253605173,0.0,automated_cleaning,tree
Adult Income,feature_noise_targeted,medium,XGBoost,0.8660699486159457,0.8668987236863915,0.8660699486159457,0.08287750704458752,0.0,automated_cleaning,tree
Adult Income,imbalanced_feature_distribution,high,Decision Tree,0.8499917122492956,0.8508204873197415,0.8499917122492956,0.08287750704458752,0.0,automated_cleaning,tree
Adult Income,imbalanced_feature_distribution,high,Gaussian Naive Bayes,0.7969501077407591,0.797778882811205,0.7997679429802752,0.08287750704458752,0.28178352395160644,automated_cleaning,non-tree
Adult Income,imbalanced_feature_distribution,high,KNN,0.8113707939665175,0.8189955246146196,0.8070611636001989,0.7624730648102096,-0.43096303663185953,automated_cleaning,non-tree
Adult Income,imbalanced_feature_distribution,high,LightGBM,0.866401458644124,0.8659041936018564,0.8675617437427482,-0.04972650422675473,0.1160285098624203,automated_cleaning,tree
Adult Income,imbalanced_feature_distribution,high,Logistic Regression,0.8189955246146196,0.817503729487817,0.8042433283606829,-0.1491795126802531,-1.4752196253936645,automated_cleaning,non-tree
Adult Income,imbalanced_feature_distribution,high,MLP,0.8420354715730151,0.845682081882977,0.8350737609812697,0.36466103099619396,-0.6961710591745329,automated_cleaning,non-tree
Adult Income,imbalanced_feature_distribution,high,Random Forest,0.852312282446544,0.8526437924747223,0.852312282446544,0.033151002817832786,0.0,automated_cleaning,tree
Adult Income,imbalanced_feature_distribution,high,XGBoost,0.8655726835736781,0.8668987236863915,0.8655726835736781,0.13260401127134225,0.0,automated_cleaning,tree
Adult Income,imbalanced_feature_distribution,low,Decision Tree,0.8276147853472567,0.8508204873197415,0.8274490303331675,2.3205701972484727,-0.016575501408921944,automated_cleaning,tree
Adult Income,imbalanced_feature_distribution,low,Gaussian Naive Bayes,0.7974473727830267,0.797778882811205,0.8002652080225426,0.033151002817832786,0.28178352395159534,automated_cleaning,non-tree
Adult Income,imbalanced_feature_distribution,low,KNN,0.8097132438256257,0.8189955246146196,0.8010939830929885,0.9282280788993846,-0.8619260732637191,automated_cleaning,non-tree
Adult Income,imbalanced_feature_distribution,low,LightGBM,0.8491629371788496,0.8659041936018564,0.8473396320238687,1.6741256423006834,-0.18233051549808588,automated_cleaning,tree
Adult Income,imbalanced_feature_distribution,low,Logistic Regression,0.8042433283606829,0.817503729487817,0.8010939830929885,1.3260401127134114,-0.3149345267694392,automated_cleaning,non-tree
Adult Income,imbalanced_feature_distribution,low,MLP,0.8294380905022377,0.845682081882977,0.8279462953754351,1.6243991380739287,-0.1491795126802642,automated_cleaning,non-tree
Adult Income,imbalanced_feature_distribution,low,Random Forest,0.8373943311785181,0.8526437924747223,0.837228576164429,1.5249461296204192,-0.016575501408910842,automated_cleaning,tree
Adult Income,imbalanced_feature_distribution,low,XGBoost,0.8498259572352064,0.8668987236863915,0.850488977291563,1.7072766451185162,0.06630200563566557,automated_cleaning,tree
Adult Income,imbalanced_feature_distribution,medium,Decision Tree,0.8249627051218299,0.8508204873197415,0.8247969501077408,2.585778219791157,-0.016575501408910842,automated_cleaning,tree
Adult Income,imbalanced_feature_distribution,medium,Gaussian Naive Bayes,0.7979446378252942,0.797778882811205,0.8005967180507211,-0.016575501408921944,0.2652080225426845,automated_cleaning,non-tree
Adult Income,imbalanced_feature_distribution,medium,KNN,0.8130283441074092,0.8189955246146196,0.8087187137410907,0.5967180507210346,-0.43096303663184843,automated_cleaning,non-tree
Adult Income,imbalanced_feature_distribution,medium,LightGBM,0.8471738770097795,0.8659041936018564,0.8499917122492956,1.8730316592076912,0.28178352395160644,automated_cleaning,tree
Adult Income,imbalanced_feature_distribution,medium,Logistic Regression,0.8049063484170396,0.817503729487817,0.8009282280788994,1.2597381070777458,-0.39781203381401564,automated_cleaning,non-tree
Adult Income,imbalanced_feature_distribution,medium,MLP,0.8317586606994861,0.845682081882977,0.8274490303331675,1.392342118349088,-0.43096303663185953,automated_cleaning,non-tree
Adult Income,imbalanced_feature_distribution,medium,Random Forest,0.8357367810376264,0.8526437924747223,0.8354052710094481,1.6907011437095942,-0.033151002817832786,automated_cleaning,tree
Adult Income,imbalanced_feature_distribution,medium,XGBoost,0.8483341621084037,0.8668987236863915,0.8473396320238687,1.8564561577987804,-0.09945300845349836,automated_cleaning,tree
Adult Income,invalid_values,high,Decision Tree,0.8436930217139068,0.8508204873197415,0.8430300016575502,0.712746560583466,-0.06630200563566557,automated_cleaning,tree
Adult Income,invalid_values,high,Gaussian Naive Bayes,0.7918117023039947,0.797778882811205,0.8161776893751036,0.5967180507210346,2.436598707110893,automated_cleaning,non-tree
Adult Income,invalid_values,high,KNN,0.810044753853804,0.8189955246146196,0.8186640145864412,0.8950770760815518,0.8619260732637191,automated_cleaning,non-tree
Adult Income,invalid_values,high,LightGBM,0.8670644787004806,0.8659041936018564,0.8657384385877673,-0.1160285098624203,-0.13260401127133115,automated_cleaning,tree
Adult Income,invalid_values,high,Logistic Regression,0.7860102768108735,0.817503729487817,0.8143543842201226,3.149345267694348,2.8344107409249086,automated_cleaning,non-tree
Adult Income,invalid_values,high,MLP,0.827780540361346,0.845682081882977,0.8395491463616774,1.7901541521631037,1.1768606000331472,automated_cleaning,non-tree
Adult Income,invalid_values,high,Random Forest,0.8503232222774739,0.8526437924747223,0.8509862423338306,0.2320570197248406,0.06630200563566557,automated_cleaning,tree
Adult Income,invalid_values,high,XGBoost,0.8668987236863915,0.8668987236863915,0.864578153489143,0.0,-0.2320570197248517,automated_cleaning,tree
Adult Income,invalid_values,low,Decision Tree,0.8463451019393337,0.8508204873197415,0.8493286921929388,0.4475385380407815,0.2983590253605173,automated_cleaning,tree
Adult Income,invalid_values,low,Gaussian Naive Bayes,0.7876678269517653,0.797778882811205,0.8135256091496768,1.0111055859439722,2.585778219791146,automated_cleaning,non-tree
Adult Income,invalid_values,low,KNN,0.8166749544173711,0.8189955246146196,0.8206530747555113,0.2320570197248406,0.39781203381401564,automated_cleaning,non-tree
Adult Income,invalid_values,low,LightGBM,0.8642466434609647,0.8659041936018564,0.8644123984750539,0.16575501408917503,0.016575501408921944,automated_cleaning,tree
Adult Income,invalid_values,low,Logistic Regression,0.7870048068954086,0.817503729487817,0.8183325045582629,3.0498922592408384,3.132769766285426,automated_cleaning,non-tree
Adult Income,invalid_values,low,MLP,0.8319244157135753,0.845682081882977,0.8450190618266202,1.375766616940166,1.3094646113044894,automated_cleaning,non-tree
Adult Income,invalid_values,low,Random Forest,0.8511519973479198,0.8526437924747223,0.8519807724183657,0.1491795126802531,0.08287750704458752,automated_cleaning,tree
Adult Income,invalid_values,low,XGBoost,0.8657384385877673,0.8668987236863915,0.8662357036300348,0.1160285098624203,0.04972650422674363,automated_cleaning,tree
Adult Income,invalid_values,medium,Decision Tree,0.843858776727996,0.8508204873197415,0.849494447207028,0.696171059174544,0.5635670479032018,automated_cleaning,tree
Adult Income,invalid_values,medium,Gaussian Naive Bayes,0.7904856621912812,0.797778882811205,0.8125310790651418,0.7293220619923768,2.2045416873860524,automated_cleaning,non-tree
Adult Income,invalid_values,medium,KNN,0.814685894248301,0.8189955246146196,0.8183325045582629,0.43096303663185953,0.36466103099619396,automated_cleaning,non-tree
Adult Income,invalid_values,medium,LightGBM,0.8649096635173213,0.8659041936018564,0.8665672136582132,0.09945300845350946,0.16575501408918614,automated_cleaning,tree
Adult Income,invalid_values,medium,Logistic Regression,0.7875020719376761,0.817503729487817,0.8191612796287088,3.0001657550140948,3.16592076910327,automated_cleaning,non-tree
Adult Income,invalid_values,medium,MLP,0.825957235206365,0.845682081882977,0.8420354715730151,1.9724846676612007,1.6078236366650067,automated_cleaning,non-tree
Adult Income,invalid_values,medium,Random Forest,0.8518150174042765,0.8526437924747223,0.8519807724183657,0.08287750704458752,0.016575501408921944,automated_cleaning,tree
Adult Income,invalid_values,medium,XGBoost,0.8662357036300348,0.8668987236863915,0.8662357036300348,0.06630200563567668,0.0,automated_cleaning,tree
Adult Income,label_noise,high,Decision Tree,0.8395491463616774,0.8508204873197415,,1.1271340958064036,,external_intervention,tree
Adult Income,label_noise,high,Gaussian Naive Bayes,0.8049063484170396,0.797778882811205,,-0.7127465605834549,,external_intervention,non-tree
Adult Income,label_noise,high,KNN,0.797778882811205,0.8189955246146196,,2.1216641803414538,,external_intervention,non-tree
Adult Income,label_noise,high,LightGBM,0.8627548483341622,0.8659041936018564,,0.3149345267694281,,external_intervention,tree
Adult Income,label_noise,high,Logistic Regression,0.809050223769269,0.817503729487817,,0.8453505718547971,,external_intervention,non-tree
Adult Income,label_noise,high,MLP,0.8373943311785181,0.845682081882977,,0.8287750704458863,,external_intervention,non-tree
Adult Income,label_noise,high,Random Forest,0.8514835073760981,0.8526437924747223,,0.1160285098624203,,external_intervention,tree
Adult Income,label_noise,high,XGBoost,0.8610972981932703,0.8668987236863915,,0.5801425493121237,,external_intervention,tree
Adult Income,label_noise,low,Decision Tree,0.8460135919111553,0.8508204873197415,,0.48068954085861426,,external_intervention,tree
Adult Income,label_noise,low,Gaussian Naive Bayes,0.810044753853804,0.797778882811205,,-1.226587104259902,,external_intervention,non-tree
Adult Income,label_noise,low,KNN,0.8103762638819825,0.8189955246146196,,0.861926073263708,,external_intervention,non-tree
Adult Income,label_noise,low,LightGBM,0.864578153489143,0.8659041936018564,,0.13260401127134225,,external_intervention,tree
Adult Income,label_noise,low,Logistic Regression,0.8160119343610144,0.817503729487817,,0.1491795126802642,,external_intervention,non-tree
Adult Income,label_noise,low,MLP,0.8412066965025692,0.845682081882977,,0.4475385380407815,,external_intervention,non-tree
Adult Income,label_noise,low,Random Forest,0.8518150174042765,0.8526437924747223,,0.08287750704458752,,external_intervention,tree
Adult Income,label_noise,low,XGBoost,0.8644123984750539,0.8668987236863915,,0.24863252113376255,,external_intervention,tree
Adult Income,label_noise,medium,Decision Tree,0.846676611967512,0.8508204873197415,,0.4143875352229487,,external_intervention,tree
Adult Income,label_noise,medium,Gaussian Naive Bayes,0.8077241836565556,0.797778882811205,,-0.9945300845350613,,external_intervention,non-tree
Adult Income,label_noise,medium,KNN,0.8082214486988232,0.8189955246146196,,1.0774075915796377,,external_intervention,non-tree
Adult Income,label_noise,medium,LightGBM,0.8652411735454998,0.8659041936018564,,0.06630200563566557,,external_intervention,tree
Adult Income,label_noise,medium,Logistic Regression,0.8163434443891928,0.817503729487817,,0.1160285098624203,,external_intervention,non-tree
Adult Income,label_noise,medium,MLP,0.8422012265871043,0.845682081882977,,0.348085529587272,,external_intervention,non-tree
Adult Income,label_noise,medium,Random Forest,0.8528095474888115,0.8526437924747223,,-0.016575501408921944,,external_intervention,tree
Adult Income,label_noise,medium,XGBoost,0.8660699486159457,0.8668987236863915,,0.08287750704458752,,external_intervention,tree
Adult Income,label_noise_asymmetric,high,Decision Tree,0.7652909000497266,0.8508204873197415,,8.552958727001492,,external_intervention,tree
Adult Income,label_noise_asymmetric,high,Gaussian Naive Bayes,0.7863417868390519,0.797778882811205,,1.1437095972153144,,external_intervention,non-tree
Adult Income,label_noise_asymmetric,high,KNN,0.7709265705287585,0.8189955246146196,,4.80689540858611,,external_intervention,non-tree
Adult Income,label_noise_asymmetric,high,LightGBM,0.7578319244157136,0.8659041936018564,,10.807226918614287,,external_intervention,tree
Adult Income,label_noise_asymmetric,high,Logistic Regression,0.7561743742748218,0.817503729487817,,6.132935521299521,,external_intervention,non-tree
Adult Income,label_noise_asymmetric,high,MLP,0.7624730648102105,0.845682081882977,,8.32090170727665,,external_intervention,non-tree
Adult Income,label_noise_asymmetric,high,Random Forest,0.7526935189789491,0.8526437924747223,,9.995027349577324,,external_intervention,tree
Adult Income,label_noise_asymmetric,high,XGBoost,0.7594894745566053,0.8668987236863915,,10.740924912978622,,external_intervention,tree
Adult Income,label_noise_asymmetric,low,Decision Tree,0.8397149013757667,0.8508204873197415,,1.1105585943974816,,external_intervention,tree
Adult Income,label_noise_asymmetric,low,Gaussian Naive Bayes,0.8145201392342118,0.797778882811205,,-1.6741256423006834,,external_intervention,non-tree
Adult Income,label_noise_asymmetric,low,KNN,0.8148516492623902,0.8189955246146196,,0.4143875352229376,,external_intervention,non-tree
Adult Income,label_noise_asymmetric,low,LightGBM,0.8559588927565058,0.8659041936018564,,0.9945300845350613,,external_intervention,tree
Adult Income,label_noise_asymmetric,low,Logistic Regression,0.7989391679098292,0.817503729487817,,1.8564561577987804,,external_intervention,non-tree
Adult Income,label_noise_asymmetric,low,MLP,0.8345764959390022,0.845682081882977,,1.1105585943974816,,external_intervention,non-tree
Adult Income,label_noise_asymmetric,low,Random Forest,0.849494447207028,0.8526437924747223,,0.3149345267694281,,external_intervention,tree
Adult Income,label_noise_asymmetric,low,XGBoost,0.8599370130946461,0.8668987236863915,,0.696171059174544,,external_intervention,tree
Adult Income,label_noise_asymmetric,medium,Decision Tree,0.805237858445218,0.8508204873197415,,4.558262887452347,,external_intervention,tree
Adult Income,label_noise_asymmetric,medium,Gaussian Naive Bayes,0.7997679429802752,0.797778882811205,,-0.19890601690701892,,external_intervention,non-tree
Adult Income,label_noise_asymmetric,medium,KNN,0.7931377424167081,0.8189955246146196,,2.585778219791146,,external_intervention,non-tree
Adult Income,label_noise_asymmetric,medium,LightGBM,0.8150174042764794,0.8659041936018564,,5.088678932537705,,external_intervention,tree
Adult Income,label_noise_asymmetric,medium,Logistic Regression,0.7709265705287585,0.817503729487817,,4.657715895905856,,external_intervention,non-tree
Adult Income,label_noise_asymmetric,medium,MLP,0.7918117023039947,0.845682081882977,,5.387037957898233,,external_intervention,non-tree
Adult Income,label_noise_asymmetric,medium,Random Forest,0.7957898226421349,0.8526437924747223,,5.685396983258739,,external_intervention,tree
Adult Income,label_noise_asymmetric,medium,XGBoost,0.8140228741919443,0.8668987236863915,,5.287584949444724,,external_intervention,tree
Adult Income,missing_values,high,Decision Tree,0.8423669816011934,0.8508204873197415,0.8402121664180342,0.8453505718548082,-0.21548151831591866,automated_cleaning,tree
Adult Income,missing_values,high,Gaussian Naive Bayes,0.789325377092657,0.797778882811205,0.8131940991214984,0.8453505718547971,2.3868722028841383,automated_cleaning,non-tree
Adult Income,missing_values,high,KNN,0.8060666335156639,0.8189955246146196,0.8171722194596387,1.2928891098955675,1.1105585943974816,automated_cleaning,non-tree
Adult Income,missing_values,high,LightGBM,0.8624233383059837,0.8659041936018564,0.8614288082214487,0.348085529587272,-0.09945300845349836,automated_cleaning,tree
Adult Income,missing_values,high,Logistic Regression,0.815680424332836,0.817503729487817,0.8143543842201226,0.18233051549809698,-0.13260401127134225,automated_cleaning,non-tree
Adult Income,missing_values,high,MLP,0.8425327366152826,0.845682081882977,0.8378915962207857,0.3149345267694392,-0.4641140394496923,automated_cleaning,non-tree
Adult Income,missing_values,high,Random Forest,0.8498259572352064,0.8526437924747223,0.8488314271506713,0.28178352395159534,-0.09945300845350946,automated_cleaning,tree
Adult Income,missing_values,high,XGBoost,0.8629206033482513,0.8668987236863915,0.8602685231228244,0.39781203381402674,-0.2652080225426845,automated_cleaning,tree
Adult Income,missing_values,low,Decision Tree,0.8473396320238687,0.8508204873197415,0.8475053870379579,0.348085529587272,0.016575501408910842,automated_cleaning,tree
Adult Income,missing_values,low,Gaussian Naive Bayes,0.7878335819658545,0.797778882811205,0.7999336979943643,0.9945300845350502,1.21001160285098,automated_cleaning,non-tree
Adult Income,missing_values,low,KNN,0.814685894248301,0.8189955246146196,0.8194927896568871,0.43096303663185953,0.48068954085861426,automated_cleaning,non-tree
Adult Income,missing_values,low,LightGBM,0.8667329686723023,0.8659041936018564,0.8644123984750539,-0.08287750704458752,-0.2320570197248406,automated_cleaning,tree
Adult Income,missing_values,low,Logistic Regression,0.8158461793469253,0.817503729487817,0.8178352395159953,0.16575501408917503,0.19890601690700782,automated_cleaning,non-tree
Adult Income,missing_values,low,MLP,0.8441902867561744,0.845682081882977,0.8471738770097795,0.1491795126802642,0.2983590253605173,automated_cleaning,non-tree
Adult Income,missing_values,low,Random Forest,0.8524780374606332,0.8526437924747223,0.850488977291563,0.016575501408910842,-0.19890601690701892,automated_cleaning,tree
Adult Income,missing_values,low,XGBoost,0.8650754185314106,0.8668987236863915,0.8632521133764296,0.18233051549809698,-0.18233051549809698,automated_cleaning,tree
Adult Income,missing_values,medium,Decision Tree,0.8461793469252444,0.8508204873197415,0.8448533068125311,0.4641140394497034,-0.13260401127133115,automated_cleaning,tree
Adult Income,missing_values,medium,Gaussian Naive Bayes,0.789325377092657,0.797778882811205,0.8120338140228742,0.8453505718547971,2.270843693021718,automated_cleaning,non-tree
Adult Income,missing_values,medium,KNN,0.8082214486988232,0.8189955246146196,0.8173379744737278,1.0774075915796377,0.9116525774904627,automated_cleaning,non-tree
Adult Income,missing_values,medium,LightGBM,0.8662357036300348,0.8659041936018564,0.8662357036300348,-0.033151002817832786,0.0,automated_cleaning,tree
Adult Income,missing_values,medium,Logistic Regression,0.8163434443891928,0.817503729487817,0.8145201392342118,0.1160285098624203,-0.18233051549809698,automated_cleaning,non-tree
Adult Income,missing_values,medium,MLP,0.8403779214321233,0.845682081882977,0.8350737609812697,0.530416045085369,-0.5304160450853579,automated_cleaning,non-tree
Adult Income,missing_values,medium,Random Forest,0.8511519973479198,0.8526437924747223,0.8475053870379579,0.1491795126802531,-0.36466103099619396,automated_cleaning,tree
Adult Income,missing_values,medium,XGBoost,0.8655726835736781,0.8668987236863915,0.8644123984750539,0.13260401127134225,-0.1160285098624203,automated_cleaning,tree
Adult Income,missing_values_mnar,high,Decision Tree,0.759157964528427,0.8508204873197415,0.7878335819658545,9.166252279131449,2.8675617437427525,automated_cleaning,tree
Adult Income,missing_values_mnar,high,Gaussian Naive Bayes,0.7986076578816509,0.797778882811205,0.7813691364163766,-0.08287750704458752,-1.723852146527427,automated_cleaning,non-tree
Adult Income,missing_values_mnar,high,KNN,0.7598209845847836,0.8189955246146196,0.7984419028675618,5.917454002983591,3.862091828277814,automated_cleaning,non-tree
Adult Income,missing_values_mnar,high,LightGBM,0.7510359688380573,0.8659041936018564,0.7870048068954086,11.48682247637991,3.5968838057351293,automated_cleaning,tree
Adult Income,missing_values_mnar,high,Logistic Regression,0.7715895905851152,0.817503729487817,0.8004309630366319,4.5914138902701795,2.8841372451516634,automated_cleaning,non-tree
Adult Income,missing_values_mnar,high,MLP,0.7548483341621084,0.845682081882977,0.7841869716558926,9.083374772086861,2.933863749378418,automated_cleaning,non-tree
Adult Income,missing_values_mnar,high,Random Forest,0.7510359688380573,0.8526437924747223,0.7820321564727333,10.160782363666499,3.099618763467593,automated_cleaning,tree
Adult Income,missing_values_mnar,high,XGBoost,0.7510359688380573,0.8668987236863915,0.7868390518813194,11.586275484833418,3.5803083043262074,automated_cleaning,tree
Adult Income,missing_values_mnar,low,Decision Tree,0.7926404773744405,0.8508204873197415,0.8329189457981104,5.818000994530093,4.027846842366989,automated_cleaning,tree
Adult Income,missing_values_mnar,low,Gaussian Naive Bayes,0.7936350074589756,0.797778882811205,0.8291065804740594,0.4143875352229376,3.5471573015083746,automated_cleaning,non-tree
Adult Income,missing_values_mnar,low,KNN,0.7903199071771921,0.8189955246146196,0.8186640145864412,2.8675617437427414,2.8344107409249086,automated_cleaning,non-tree
Adult Income,missing_values_mnar,low,LightGBM,0.8035803083043263,0.8659041936018564,0.8436930217139068,6.232388529753019,4.011271340958055,automated_cleaning,tree
Adult Income,missing_values_mnar,low,Logistic Regression,0.7957898226421349,0.817503729487817,0.8180009945300846,2.1713906845682085,2.2211171887949632,automated_cleaning,non-tree
Adult Income,missing_values_mnar,low,MLP,0.7894911321067463,0.845682081882977,0.8286093154317918,5.619094977623074,3.9118183325045575,automated_cleaning,non-tree
Adult Income,missing_values_mnar,low,Random Forest,0.7944637825294215,0.8526437924747223,0.8408751864743909,5.818000994530081,4.641140394496935,automated_cleaning,tree
Adult Income,missing_values_mnar,low,XGBoost,0.8030830432620587,0.8668987236863915,0.8415382065307475,6.381568042433283,3.845516326868881,automated_cleaning,tree
Adult Income,missing_values_mnar,medium,Decision Tree,0.7656224100779049,0.8508204873197415,0.8075584286424664,8.519807724183659,4.193601856456153,automated_cleaning,tree
Adult Income,missing_values_mnar,medium,Gaussian Naive Bayes,0.7974473727830267,0.797778882811205,0.8044090833747721,0.033151002817832786,0.696171059174544,automated_cleaning,non-tree
Adult Income,missing_values_mnar,medium,KNN,0.7679429802751533,0.8189955246146196,0.8160119343610144,5.105254433946627,4.80689540858611,automated_cleaning,non-tree
Adult Income,missing_values_mnar,medium,LightGBM,0.7611470246974971,0.8659041936018564,0.8126968340792309,10.475716890435937,5.154980938173381,automated_cleaning,tree
Adult Income,missing_values_mnar,medium,Logistic Regression,0.7860102768108735,0.817503729487817,0.8120338140228742,3.149345267694348,2.602353721200068,automated_cleaning,non-tree
Adult Income,missing_values_mnar,medium,MLP,0.7571689043593569,0.845682081882977,0.8067296535720205,8.851317752362009,4.956074921266362,automated_cleaning,non-tree
Adult Income,missing_values_mnar,medium,Random Forest,0.7538538040775733,0.8526437924747223,0.8130283441074092,9.878998839714903,5.917454002983591,automated_cleaning,tree
Adult Income,missing_values_mnar,medium,XGBoost,0.7596552295706945,0.8668987236863915,0.813691364163766,10.724349411569701,5.403613459307143,automated_cleaning,tree
Adult Income,outliers,high,Decision Tree,0.8476711420520471,0.8508204873197415,0.8476711420520471,0.3149345267694392,0.0,automated_cleaning,tree
Adult Income,outliers,high,Gaussian Naive Bayes,0.7802088513177524,0.797778882811205,0.7924747223603514,1.7570031493452598,1.226587104259902,automated_cleaning,non-tree
Adult Income,outliers,high,KNN,0.8160119343610144,0.8189955246146196,0.8125310790651418,0.2983590253605173,-0.3480855295872609,automated_cleaning,non-tree
Adult Income,outliers,high,LightGBM,0.8667329686723023,0.8659041936018564,0.8678932537709265,-0.08287750704458752,0.1160285098624203,automated_cleaning,tree
Adult Income,outliers,high,Logistic Regression,0.7828609315431792,0.817503729487817,0.7936350074589756,3.464279794463787,1.0774075915796488,automated_cleaning,non-tree
Adult Income,outliers,high,MLP,0.8423669816011934,0.845682081882977,0.8420354715730151,0.33151002817836117,-0.033151002817832786,automated_cleaning,non-tree
Adult Income,outliers,high,Random Forest,0.8508204873197415,0.8526437924747223,0.852312282446544,0.18233051549808588,0.1491795126802531,automated_cleaning,tree
Adult Income,outliers,high,XGBoost,0.8680590087850157,0.8668987236863915,0.8670644787004806,-0.1160285098624203,-0.09945300845350946,automated_cleaning,tree
Adult Income,outliers,low,Decision Tree,0.8486656721365822,0.8508204873197415,0.8509862423338306,0.21548151831592977,0.2320570197248406,automated_cleaning,tree
Adult Income,outliers,low,Gaussian Naive Bayes,0.8184982595723521,0.797778882811205,0.8171722194596387,-2.07193767611471,-0.13260401127134225,automated_cleaning,non-tree
Adult Income,outliers,low,KNN,0.8208188297696005,0.8189955246146196,0.8221448698823139,-0.18233051549809698,0.13260401127134225,automated_cleaning,non-tree
Adult Income,outliers,low,LightGBM,0.8678932537709265,0.8659041936018564,0.8695508039118184,-0.19890601690700782,0.16575501408918614,automated_cleaning,tree
Adult Income,outliers,low,Logistic Regression,0.8103762638819825,0.817503729487817,0.8153489143046577,0.7127465605834549,0.4972650422675251,automated_cleaning,non-tree
Adult Income,outliers,low,MLP,0.8426984916293718,0.845682081882977,0.8453505718547986,0.2983590253605173,0.2652080225426734,automated_cleaning,non-tree
Adult Income,outliers,low,Random Forest,0.8519807724183657,0.8526437924747223,0.8538040775733466,0.06630200563566557,0.18233051549809698,automated_cleaning,tree
Adult Income,outliers,low,XGBoost,0.8667329686723023,0.8668987236863915,0.8680590087850157,0.016575501408921944,0.13260401127134225,automated_cleaning,tree
Adult Income,outliers,medium,Decision Tree,0.8508204873197415,0.8508204873197415,0.850488977291563,0.0,-0.03315100281784389,automated_cleaning,tree
Adult Income,outliers,medium,Gaussian Naive Bayes,0.8093817337974474,0.797778882811205,0.8133598541355876,-1.1602850986242363,0.39781203381402674,automated_cleaning,non-tree
Adult Income,outliers,medium,KNN,0.8201558097132439,0.8189955246146196,0.8221448698823139,-0.1160285098624314,0.19890601690700782,automated_cleaning,non-tree
Adult Income,outliers,medium,LightGBM,0.8668987236863915,0.8659041936018564,0.870213823968175,-0.09945300845350946,0.33151002817835007,automated_cleaning,tree
Adult Income,outliers,medium,Logistic Regression,0.7971158627548484,0.817503729487817,0.8042433283606829,2.0387866732968662,0.7127465605834549,automated_cleaning,non-tree
Adult Income,outliers,medium,MLP,0.8410409414884801,0.845682081882977,0.8398806563898558,0.4641140394496923,-0.1160285098624314,automated_cleaning,non-tree
Adult Income,outliers,medium,Random Forest,0.8529753025029008,0.8526437924747223,0.854135587601525,-0.03315100281784389,0.1160285098624203,automated_cleaning,tree
Adult Income,outliers,medium,XGBoost,0.8667329686723023,0.8668987236863915,0.8708768440245317,0.016575501408921944,0.4143875352229376,automated_cleaning,tree
Adult Income,outliers_targeted,high,Decision Tree,0.8451848168407095,0.8508204873197415,0.8458478368970661,0.5635670479032018,0.06630200563566557,automated_cleaning,tree
Adult Income,outliers_targeted,high,Gaussian Naive Bayes,0.7886623570363004,0.797778882811205,0.7886623570363004,0.9116525774904627,0.0,automated_cleaning,non-tree
Adult Income,outliers_targeted,high,KNN,0.8141886292060335,0.8189955246146196,0.8135256091496768,0.48068954085860316,-0.06630200563567668,automated_cleaning,non-tree
Adult Income,outliers_targeted,high,LightGBM,0.8649096635173213,0.8659041936018564,0.8649096635173213,0.09945300845350946,0.0,automated_cleaning,tree
Adult Income,outliers_targeted,high,Logistic Regression,0.7964528426984916,0.817503729487817,0.8035803083043263,2.105088678932543,0.712746560583466,automated_cleaning,non-tree
Adult Income,outliers_targeted,high,MLP,0.8446875517984419,0.845682081882977,0.8471738770097795,0.09945300845350946,0.24863252113376255,automated_cleaning,non-tree
Adult Income,outliers_targeted,high,Random Forest,0.8531410575169899,0.8526437924747223,0.8543013426156141,-0.04972650422675473,0.1160285098624203,automated_cleaning,tree
Adult Income,outliers_targeted,high,XGBoost,0.8657384385877673,0.8668987236863915,0.8642466434609647,0.1160285098624203,-0.1491795126802642,automated_cleaning,tree
Adult Income,outliers_targeted,low,Decision Tree,0.8468423669816012,0.8508204873197415,0.8473396320238687,0.39781203381402674,0.04972650422675473,automated_cleaning,tree
Adult Income,outliers_targeted,low,Gaussian Naive Bayes,0.791148682247638,0.797778882811205,0.7961213326703133,0.6630200563567001,0.4972650422675251,automated_cleaning,non-tree
Adult Income,outliers_targeted,low,KNN,0.8204873197414222,0.8189955246146196,0.8199900546991546,-0.1491795126802642,-0.04972650422675473,automated_cleaning,non-tree
Adult Income,outliers_targeted,low,LightGBM,0.8670644787004806,0.8659041936018564,0.8677274987568374,-0.1160285098624203,0.06630200563567668,automated_cleaning,tree
Adult Income,outliers_targeted,low,Logistic Regression,0.8125310790651418,0.817503729487817,0.8153489143046577,0.4972650422675251,0.28178352395159534,automated_cleaning,non-tree
Adult Income,outliers_targeted,low,MLP,0.8443560417702636,0.845682081882977,0.8461793469252444,0.13260401127134225,0.18233051549808588,automated_cleaning,non-tree
Adult Income,outliers_targeted,low,Random Forest,0.8514835073760981,0.8526437924747223,0.8519807724183657,0.1160285098624203,0.04972650422675473,automated_cleaning,tree
Adult Income,outliers_targeted,low,XGBoost,0.868224763799105,0.8668987236863915,0.8662357036300348,-0.13260401127134225,-0.19890601690701892,automated_cleaning,tree
Adult Income,outliers_targeted,medium,Decision Tree,0.8486656721365822,0.8508204873197415,0.8486656721365822,0.21548151831592977,0.0,automated_cleaning,tree
Adult Income,outliers_targeted,medium,Gaussian Naive Bayes,0.7888281120503895,0.797778882811205,0.789325377092657,0.8950770760815518,0.04972650422675473,automated_cleaning,non-tree
Adult Income,outliers_targeted,medium,KNN,0.8160119343610144,0.8189955246146196,0.8214818498259573,0.2983590253605173,0.5469915464942909,automated_cleaning,non-tree
Adult Income,outliers_targeted,medium,LightGBM,0.8655726835736781,0.8659041936018564,0.8677274987568374,0.033151002817832786,0.21548151831592977,automated_cleaning,tree
Adult Income,outliers_targeted,medium,Logistic Regression,0.8002652080225426,0.817503729487817,0.8085529587270015,1.7238521465274381,0.8287750704458863,automated_cleaning,non-tree
Adult Income,outliers_targeted,medium,MLP,0.843858776727996,0.845682081882977,0.8480026520802254,0.18233051549809698,0.4143875352229376,automated_cleaning,non-tree
Adult Income,outliers_targeted,medium,Random Forest,0.8531410575169899,0.8526437924747223,0.8521465274324548,-0.04972650422675473,-0.09945300845350946,automated_cleaning,tree
Adult Income,outliers_targeted,medium,XGBoost,0.8660699486159457,0.8668987236863915,0.8665672136582132,0.08287750704458752,0.04972650422675473,automated_cleaning,tree
Adult Income,provenance_issues,high,Decision Tree,0.8450190618266202,0.8508204873197415,,0.5801425493121237,,external_intervention,tree
Adult Income,provenance_issues,high,Gaussian Naive Bayes,0.7931377424167081,0.797778882811205,,0.4641140394496923,,external_intervention,non-tree
Adult Income,provenance_issues,high,KNN,0.8163434443891928,0.8189955246146196,,0.2652080225426734,,external_intervention,non-tree
Adult Income,provenance_issues,high,LightGBM,0.8632521133764296,0.8659041936018564,,0.2652080225426845,,external_intervention,tree
Adult Income,provenance_issues,high,Logistic Regression,0.8005967180507211,0.817503729487817,,1.6907011437095942,,external_intervention,non-tree
Adult Income,provenance_issues,high,MLP,0.8415382065307475,0.845682081882977,,0.4143875352229487,,external_intervention,non-tree
Adult Income,provenance_issues,high,Random Forest,0.8516492623901873,0.8526437924747223,,0.09945300845349836,,external_intervention,tree
Adult Income,provenance_issues,high,XGBoost,0.8627548483341622,0.8668987236863915,,0.4143875352229376,,external_intervention,tree
Adult Income,provenance_issues,low,Decision Tree,0.848499917122493,0.8508204873197415,,0.2320570197248517,,external_intervention,tree
Adult Income,provenance_issues,low,Gaussian Naive Bayes,0.7918117023039947,0.797778882811205,,0.5967180507210346,,external_intervention,non-tree
Adult Income,provenance_issues,low,KNN,0.8206530747555113,0.8189955246146196,,-0.16575501408917503,,external_intervention,non-tree
Adult Income,provenance_issues,low,LightGBM,0.8665672136582132,0.8659041936018564,,-0.06630200563567668,,external_intervention,tree
Adult Income,provenance_issues,low,Logistic Regression,0.8088844687551798,0.817503729487817,,0.8619260732637191,,external_intervention,non-tree
Adult Income,provenance_issues,low,MLP,0.8433615116857285,0.845682081882977,,0.2320570197248517,,external_intervention,non-tree
Adult Income,provenance_issues,low,Random Forest,0.8509862423338306,0.8526437924747223,,0.16575501408917503,,external_intervention,tree
Adult Income,provenance_issues,low,XGBoost,0.8668987236863915,0.8668987236863915,,0.0,,external_intervention,tree
Adult Income,provenance_issues,medium,Decision Tree,0.8460135919111553,0.8508204873197415,,0.48068954085861426,,external_intervention,tree
Adult Income,provenance_issues,medium,Gaussian Naive Bayes,0.7924747223603514,0.797778882811205,,0.5304160450853579,,external_intervention,non-tree
Adult Income,provenance_issues,medium,KNN,0.8186640145864412,0.8189955246146196,,0.033151002817832786,,external_intervention,non-tree
Adult Income,provenance_issues,medium,LightGBM,0.8630863583623405,0.8659041936018564,,0.28178352395159534,,external_intervention,tree
Adult Income,provenance_issues,medium,Logistic Regression,0.8029172882479695,0.817503729487817,,1.4586441239847536,,external_intervention,non-tree
Adult Income,provenance_issues,medium,MLP,0.8463451019393337,0.845682081882977,,-0.06630200563566557,,external_intervention,non-tree
Adult Income,provenance_issues,medium,Random Forest,0.8508204873197415,0.8526437924747223,,0.18233051549808588,,external_intervention,tree
Adult Income,provenance_issues,medium,XGBoost,0.8654069285595889,0.8668987236863915,,0.1491795126802642,,external_intervention,tree
Adult Income,redundant_features,high,Decision Tree,0.8493286921929388,0.8508204873197415,0.8498259572352064,0.1491795126802642,0.04972650422675473,automated_cleaning,tree
Adult Income,redundant_features,high,Gaussian Naive Bayes,0.7974473727830267,0.797778882811205,0.797778882811205,0.033151002817832786,0.033151002817832786,automated_cleaning,non-tree
Adult Income,redundant_features,high,KNN,0.8145201392342118,0.8189955246146196,0.8189955246146196,0.4475385380407704,0.4475385380407704,automated_cleaning,non-tree
Adult Income,redundant_features,high,LightGBM,0.8619260732637162,0.8659041936018564,0.8659041936018564,0.39781203381402674,0.39781203381402674,automated_cleaning,tree
Adult Income,redundant_features,high,Logistic Regression,0.8151831592905685,0.817503729487817,0.817503729487817,0.2320570197248517,0.2320570197248517,automated_cleaning,non-tree
Adult Income,redundant_features,high,MLP,0.8383888612630532,0.845682081882977,0.8426984916293718,0.7293220619923768,0.43096303663185953,automated_cleaning,non-tree
Adult Income,redundant_features,high,Random Forest,0.8503232222774739,0.8526437924747223,0.8533068125310791,0.2320570197248406,0.2983590253605173,automated_cleaning,tree
Adult Income,redundant_features,high,XGBoost,0.8622575832918946,0.8668987236863915,0.8668987236863915,0.4641140394496923,0.4641140394496923,automated_cleaning,tree
Adult Income,redundant_features,low,Decision Tree,0.8508204873197415,0.8508204873197415,0.8508204873197415,0.0,0.0,automated_cleaning,tree
Adult Income,redundant_features,low,Gaussian Naive Bayes,0.797778882811205,0.797778882811205,0.797778882811205,0.0,0.0,automated_cleaning,non-tree
Adult Income,redundant_features,low,KNN,0.8189955246146196,0.8189955246146196,0.8189955246146196,0.0,0.0,automated_cleaning,non-tree
Adult Income,redundant_features,low,LightGBM,0.8659041936018564,0.8659041936018564,0.8659041936018564,0.0,0.0,automated_cleaning,tree
Adult Income,redundant_features,low,Logistic Regression,0.817503729487817,0.817503729487817,0.817503729487817,0.0,0.0,automated_cleaning,non-tree
Adult Income,redundant_features,low,MLP,0.8483341621084037,0.845682081882977,0.8483341621084037,-0.2652080225426734,0.0,automated_cleaning,non-tree
Adult Income,redundant_features,low,Random Forest,0.852312282446544,0.8526437924747223,0.852312282446544,0.033151002817832786,0.0,automated_cleaning,tree
Adult Income,redundant_features,low,XGBoost,0.8668987236863915,0.8668987236863915,0.8668987236863915,0.0,0.0,automated_cleaning,tree
Adult Income,redundant_features,medium,Decision Tree,0.8239681750372949,0.8508204873197415,0.8508204873197415,2.6852312282446555,2.6852312282446555,automated_cleaning,tree
Adult Income,redundant_features,medium,Gaussian Naive Bayes,0.7957898226421349,0.797778882811205,0.797778882811205,0.19890601690700782,0.19890601690700782,automated_cleaning,non-tree
Adult Income,redundant_features,medium,KNN,0.8125310790651418,0.8189955246146196,0.8189955246146196,0.6464445549477782,0.6464445549477782,automated_cleaning,non-tree
Adult Income,redundant_features,medium,LightGBM,0.8554616277142384,0.8659041936018564,0.8659041936018564,1.044256588761805,1.044256588761805,automated_cleaning,tree
Adult Income,redundant_features,medium,Logistic Regression,0.8072269186142881,0.817503729487817,0.817503729487817,1.027681087352894,1.027681087352894,automated_cleaning,non-tree
Adult Income,redundant_features,medium,MLP,0.8417039615448367,0.845682081882977,0.8483341621084037,0.39781203381402674,0.6630200563567001,automated_cleaning,non-tree
Adult Income,redundant_features,medium,Random Forest,0.845682081882977,0.8526437924747223,0.852312282446544,0.6961710591745329,0.6630200563567001,automated_cleaning,tree
Adult Income,redundant_features,medium,XGBoost,0.8566219128128626,0.8668987236863915,0.8668987236863915,1.027681087352894,1.027681087352894,automated_cleaning,tree
Adult Income,typographical_errors,high,Decision Tree,0.8509862423338306,0.8508204873197415,0.8501574672633847,-0.016575501408910842,-0.08287750704458752,automated_cleaning,tree
Adult Income,typographical_errors,high,Gaussian Naive Bayes,0.7938007624730649,0.797778882811205,0.8044090833747721,0.39781203381401564,1.0608320901707269,automated_cleaning,non-tree
Adult Income,typographical_errors,high,KNN,0.8133598541355876,0.8189955246146196,0.813691364163766,0.5635670479031907,0.033151002817832786,automated_cleaning,non-tree
Adult Income,typographical_errors,high,LightGBM,0.8672302337145699,0.8659041936018564,0.8680590087850157,-0.13260401127134225,0.08287750704458752,automated_cleaning,tree
Adult Income,typographical_errors,high,Logistic Regression,0.8196585446709763,0.817503729487817,0.8264545002486325,-0.21548151831592977,0.6795955577656221,automated_cleaning,non-tree
Adult Income,typographical_errors,high,MLP,0.8463451019393337,0.845682081882977,0.8402121664180342,-0.06630200563566557,-0.6132935521299454,automated_cleaning,non-tree
Adult Income,typographical_errors,high,Random Forest,0.8516492623901873,0.8526437924747223,0.8513177523620089,0.09945300845349836,-0.03315100281784389,automated_cleaning,tree
Adult Income,typographical_errors,high,XGBoost,0.8672302337145699,0.8668987236863915,0.8655726835736781,-0.033151002817832786,-0.16575501408917503,automated_cleaning,tree
Adult Income,typographical_errors,low,Decision Tree,0.8508204873197415,0.8508204873197415,0.8506547323056523,0.0,-0.016575501408921944,automated_cleaning,tree
Adult Income,typographical_errors,low,Gaussian Naive Bayes,0.7961213326703133,0.797778882811205,0.8047405934029505,0.16575501408917503,0.8619260732637191,automated_cleaning,non-tree
Adult Income,typographical_errors,low,KNN,0.8165091994032819,0.8189955246146196,0.817503729487817,0.24863252113376255,0.09945300845350946,automated_cleaning,non-tree
Adult Income,typographical_errors,low,LightGBM,0.8667329686723023,0.8659041936018564,0.8660699486159457,-0.08287750704458752,-0.06630200563566557,automated_cleaning,tree
Adult Income,typographical_errors,low,Logistic Regression,0.8180009945300846,0.817503729487817,0.8261229902204542,-0.04972650422675473,0.8121995690369643,automated_cleaning,non-tree
Adult Income,typographical_errors,low,MLP,0.8433615116857285,0.845682081882977,0.8417039615448367,0.2320570197248517,-0.16575501408917503,automated_cleaning,non-tree
Adult Income,typographical_errors,low,Random Forest,0.8503232222774739,0.8526437924747223,0.8516492623901873,0.2320570197248406,0.13260401127134225,automated_cleaning,tree
Adult Income,typographical_errors,low,XGBoost,0.8660699486159457,0.8668987236863915,0.8680590087850157,0.08287750704458752,0.19890601690700782,automated_cleaning,tree
Adult Income,typographical_errors,medium,Decision Tree,0.8506547323056523,0.8508204873197415,0.8499917122492956,0.016575501408921944,-0.06630200563566557,automated_cleaning,tree
Adult Income,typographical_errors,medium,Gaussian Naive Bayes,0.7944637825294215,0.797778882811205,0.8032487982761478,0.33151002817835007,0.8785015746726299,automated_cleaning,non-tree
Adult Income,typographical_errors,medium,KNN,0.8145201392342118,0.8189955246146196,0.8161776893751036,0.4475385380407704,0.16575501408917503,automated_cleaning,non-tree
Adult Income,typographical_errors,medium,LightGBM,0.8650754185314106,0.8659041936018564,0.8662357036300348,0.08287750704458752,0.1160285098624203,automated_cleaning,tree
Adult Income,typographical_errors,medium,Logistic Regression,0.8188297696005304,0.817503729487817,0.823139399966849,-0.13260401127134225,0.43096303663185953,automated_cleaning,non-tree
Adult Income,typographical_errors,medium,MLP,0.8425327366152826,0.845682081882977,0.8425327366152826,0.3149345267694392,0.0,automated_cleaning,non-tree
Adult Income,typographical_errors,medium,Random Forest,0.8508204873197415,0.8526437924747223,0.8533068125310791,0.18233051549808588,0.24863252113376255,automated_cleaning,tree
Adult Income,typographical_errors,medium,XGBoost,0.8668987236863915,0.8668987236863915,0.8652411735454998,0.0,-0.16575501408917503,automated_cleaning,tree
Bank Marketing,ambiguous_labels,high,Decision Tree,0.7552803273250027,0.8993696782041358,,14.40893508791331,,external_intervention,tree
Bank Marketing,ambiguous_labels,high,Gaussian Naive Bayes,0.5838770319584209,0.837996240185779,,25.411920822735812,,external_intervention,non-tree
Bank Marketing,ambiguous_labels,high,KNN,0.8102399646135132,0.8922923808470641,,8.205241623355086,,external_intervention,non-tree
Bank Marketing,ambiguous_labels,high,LightGBM,0.7705407497511888,0.9067787238748204,,13.623797412363158,,external_intervention,tree
Bank Marketing,ambiguous_labels,high,Logistic Regression,0.886431493973239,0.8914077186774301,,0.49762247041911234,,external_intervention,non-tree
Bank Marketing,ambiguous_labels,high,MLP,0.77109366360721,0.9018024991706292,,13.070883556341917,,external_intervention,non-tree
Bank Marketing,ambiguous_labels,high,Random Forest,0.7642375317925467,0.9051199823067566,,14.088245051420989,,external_intervention,tree
Bank Marketing,ambiguous_labels,high,XGBoost,0.7737476501161119,0.9094327103837222,,13.568506026761028,,external_intervention,tree
Bank Marketing,ambiguous_labels,low,Decision Tree,0.846068782483689,0.8993696782041358,,5.330089572044683,,external_intervention,tree
Bank Marketing,ambiguous_labels,low,Gaussian Naive Bayes,0.878801282760146,0.837996240185779,,-4.080504257436701,,external_intervention,non-tree
Bank Marketing,ambiguous_labels,low,KNN,0.8834457591507243,0.8922923808470641,,0.8846621696339763,,external_intervention,non-tree
Bank Marketing,ambiguous_labels,low,LightGBM,0.8601127944266284,0.9067787238748204,,4.666592944819204,,external_intervention,tree
Bank Marketing,ambiguous_labels,low,Logistic Regression,0.8888643149397324,0.8914077186774301,,0.25434037376976804,,external_intervention,non-tree
Bank Marketing,ambiguous_labels,low,MLP,0.8661948468428619,0.9018024991706292,,3.5607652327767303,,external_intervention,non-tree
Bank Marketing,ambiguous_labels,low,Random Forest,0.8715028198606657,0.9051199823067566,,3.361716244609092,,external_intervention,tree
Bank Marketing,ambiguous_labels,low,XGBoost,0.862656198164326,0.9094327103837222,,4.677651221939616,,external_intervention,tree
Bank Marketing,ambiguous_labels,medium,Decision Tree,0.8105717129271259,0.8993696782041358,,8.87979652770099,,external_intervention,tree
Bank Marketing,ambiguous_labels,medium,Gaussian Naive Bayes,0.8348999225920601,0.837996240185779,,0.3096317593718867,,external_intervention,non-tree
Bank Marketing,ambiguous_labels,medium,KNN,0.8561318146632755,0.8922923808470641,,3.61605661837886,,external_intervention,non-tree
Bank Marketing,ambiguous_labels,medium,LightGBM,0.8153267720889086,0.9067787238748204,,9.14519517859118,,external_intervention,tree
Bank Marketing,ambiguous_labels,medium,Logistic Regression,0.886873825058056,0.8914077186774301,,0.4533893619374063,,external_intervention,non-tree
Bank Marketing,ambiguous_labels,medium,MLP,0.8212982417339378,0.9018024991706292,,8.050425743669132,,external_intervention,non-tree
Bank Marketing,ambiguous_labels,medium,Random Forest,0.8133362822072321,0.9051199823067566,,9.178370009952452,,external_intervention,tree
Bank Marketing,ambiguous_labels,medium,XGBoost,0.8175384275129934,0.9094327103837222,,9.189428287072875,,external_intervention,tree
Bank Marketing,annotator_bias,high,Decision Tree,0.7302886210328431,0.8993696782041358,,16.908105717129274,,external_intervention,tree
Bank Marketing,annotator_bias,high,Gaussian Naive Bayes,0.8207453278779167,0.837996240185779,,1.7250912307862354,,external_intervention,non-tree
Bank Marketing,annotator_bias,high,KNN,0.7977441114674334,0.8922923808470641,,9.454826937963068,,external_intervention,non-tree
Bank Marketing,annotator_bias,high,LightGBM,0.7957536215857569,0.9067787238748204,,11.102510228906349,,external_intervention,tree
Bank Marketing,annotator_bias,high,Logistic Regression,0.8685170850381511,0.8914077186774301,,2.289063363927901,,external_intervention,non-tree
Bank Marketing,annotator_bias,high,MLP,0.8010615946035607,0.9018024991706292,,10.074090456706841,,external_intervention,non-tree
Bank Marketing,annotator_bias,high,Random Forest,0.8331305982527922,0.9051199823067566,,7.198938405396438,,external_intervention,tree
Bank Marketing,annotator_bias,high,XGBoost,0.7896715691695234,0.9094327103837222,,11.97611412141988,,external_intervention,tree
Bank Marketing,annotator_bias,low,Decision Tree,0.8561318146632755,0.8993696782041358,,4.323786354086034,,external_intervention,tree
Bank Marketing,annotator_bias,low,Gaussian Naive Bayes,0.8587858011721774,0.837996240185779,,-2.078956098639839,,external_intervention,non-tree
Bank Marketing,annotator_bias,low,KNN,0.8789118655313503,0.8922923808470641,,1.3380515315713826,,external_intervention,non-tree
Bank Marketing,annotator_bias,low,LightGBM,0.8785801172177374,0.9067787238748204,,2.819860665708296,,external_intervention,tree
Bank Marketing,annotator_bias,low,Logistic Regression,0.8904124737365918,0.8914077186774301,,0.09952449408382469,,external_intervention,non-tree
Bank Marketing,annotator_bias,low,MLP,0.8793541966161672,0.9018024991706292,,2.244830255446195,,external_intervention,non-tree
Bank Marketing,annotator_bias,low,Random Forest,0.8899701426517749,0.9051199823067566,,1.5149839654981734,,external_intervention,tree
Bank Marketing,annotator_bias,low,XGBoost,0.8778060378193078,0.9094327103837222,,3.1626672564414426,,external_intervention,tree
Bank Marketing,annotator_bias,medium,Decision Tree,0.870728740462236,0.8993696782041358,,2.8640937741899797,,external_intervention,tree
Bank Marketing,annotator_bias,medium,Gaussian Naive Bayes,0.8548048214088245,0.837996240185779,,-1.6808581223045516,,external_intervention,non-tree
Bank Marketing,annotator_bias,medium,KNN,0.8479486895941613,0.8922923808470641,,4.434369125290283,,external_intervention,non-tree
Bank Marketing,annotator_bias,medium,LightGBM,0.8518190865863099,0.9067787238748204,,5.49596372885105,,external_intervention,tree
Bank Marketing,annotator_bias,medium,Logistic Regression,0.8823399314386818,0.8914077186774301,,0.9067787238748237,,external_intervention,non-tree
Bank Marketing,annotator_bias,medium,MLP,0.8250580559548822,0.9018024991706292,,7.674444321574692,,external_intervention,non-tree
Bank Marketing,annotator_bias,medium,Random Forest,0.8741568063695676,0.9051199823067566,,3.0963175937189003,,external_intervention,tree
Bank Marketing,annotator_bias,medium,XGBoost,0.8518190865863099,0.9094327103837222,,5.7613623797412306,,external_intervention,tree
Bank Marketing,categorical_errors,high,Decision Tree,0.893177043016698,0.8993696782041358,0.893177043016698,0.6192635187437845,0.0,automated_cleaning,tree
Bank Marketing,categorical_errors,high,Gaussian Naive Bayes,0.8615503704522836,0.837996240185779,0.8615503704522836,-2.3554130266504547,0.0,automated_cleaning,non-tree
Bank Marketing,categorical_errors,high,KNN,0.891850049762247,0.8922923808470641,0.891850049762247,0.04423310848170603,0.0,automated_cleaning,non-tree
Bank Marketing,categorical_errors,high,LightGBM,0.9052305650779608,0.9067787238748204,0.9052305650779608,0.15481587968595445,0.0,automated_cleaning,tree
Bank Marketing,categorical_errors,high,Logistic Regression,0.8906336392790003,0.8914077186774301,0.8906336392790003,0.07740793984297722,0.0,automated_cleaning,non-tree
Bank Marketing,categorical_errors,high,MLP,0.8980426849496849,0.9018024991706292,0.8980426849496849,0.3759814220944291,0.0,automated_cleaning,non-tree
Bank Marketing,categorical_errors,high,Random Forest,0.9025765785690588,0.9051199823067566,0.9025765785690588,0.25434037376977914,0.0,automated_cleaning,tree
Bank Marketing,categorical_errors,high,XGBoost,0.9050093995355524,0.9094327103837222,0.9050093995355524,0.4423310848169826,0.0,automated_cleaning,tree
Bank Marketing,categorical_errors,low,Decision Tree,0.8939511224151278,0.8993696782041358,0.8939511224151278,0.5418555789008073,0.0,automated_cleaning,tree
Bank Marketing,categorical_errors,low,Gaussian Naive Bayes,0.8532566626119651,0.837996240185779,0.8532566626119651,-1.5260422426186082,0.0,automated_cleaning,non-tree
Bank Marketing,categorical_errors,low,KNN,0.8949463673559659,0.8922923808470641,0.8949463673559659,-0.26539865089018067,0.0,automated_cleaning,non-tree
Bank Marketing,categorical_errors,low,LightGBM,0.9072210549596372,0.9067787238748204,0.9072210549596372,-0.044233108481683825,0.0,automated_cleaning,tree
Bank Marketing,categorical_errors,low,Logistic Regression,0.8916288842198385,0.8914077186774301,0.8916288842198385,-0.022116554240847464,0.0,automated_cleaning,non-tree
Bank Marketing,categorical_errors,low,MLP,0.899922592060157,0.9018024991706292,0.899922592060157,0.18799071104721454,0.0,automated_cleaning,non-tree
Bank Marketing,categorical_errors,low,Random Forest,0.9022448302554462,0.9051199823067566,0.9022448302554462,0.28751520513103923,0.0,automated_cleaning,tree
Bank Marketing,categorical_errors,low,XGBoost,0.9072210549596372,0.9094327103837222,0.9072210549596372,0.22116554240849684,0.0,automated_cleaning,tree
Bank Marketing,categorical_errors,medium,Decision Tree,0.8943934534999447,0.8993696782041358,0.8943934534999447,0.49762247041911234,0.0,automated_cleaning,tree
Bank Marketing,categorical_errors,medium,Gaussian Naive Bayes,0.8564635629768882,0.837996240185779,0.8564635629768882,-1.8467322791109186,0.0,automated_cleaning,non-tree
Bank Marketing,categorical_errors,medium,KNN,0.8929558774742895,0.8922923808470641,0.8929558774742895,-0.06634966272254239,0.0,automated_cleaning,non-tree
Bank Marketing,categorical_errors,medium,LightGBM,0.9016919163994248,0.9067787238748204,0.9016919163994248,0.5086807475395583,0.0,automated_cleaning,tree
Bank Marketing,categorical_errors,medium,Logistic Regression,0.8907442220502045,0.8914077186774301,0.8907442220502045,0.06634966272255349,0.0,automated_cleaning,non-tree
Bank Marketing,categorical_errors,medium,MLP,0.8997014265177485,0.9018024991706292,0.8997014265177485,0.210107265288062,0.0,automated_cleaning,non-tree
Bank Marketing,categorical_errors,medium,Random Forest,0.9013601680858122,0.9051199823067566,0.9013601680858122,0.3759814220944402,0.0,automated_cleaning,tree
Bank Marketing,categorical_errors,medium,XGBoost,0.9051199823067566,0.9094327103837222,0.9051199823067566,0.43127280769655885,0.0,automated_cleaning,tree
Bank Marketing,class_imbalance,high,Decision Tree,0.899922592060157,0.8993696782041358,0.8311401083711157,-0.05529138560211866,-6.878248368904128,automated_cleaning,tree
Bank Marketing,class_imbalance,high,Gaussian Naive Bayes,0.8513767555014928,0.837996240185779,0.6899259095432931,-1.3380515315713826,-16.14508459581997,automated_cleaning,non-tree
Bank Marketing,class_imbalance,high,KNN,0.8904124737365918,0.8922923808470641,0.8616609532234878,0.18799071104722564,-2.8751520513104034,automated_cleaning,non-tree
Bank Marketing,class_imbalance,high,LightGBM,0.9036824062811014,0.9067787238748204,0.8597810461130156,0.3096317593718978,-4.390136016808577,automated_cleaning,tree
Bank Marketing,class_imbalance,high,Logistic Regression,0.8886431493973239,0.8914077186774301,0.8124516200375982,0.2764569280106155,-7.619152935972573,automated_cleaning,non-tree
Bank Marketing,class_imbalance,high,MLP,0.8976003538648678,0.9018024991706292,0.8377750746433705,0.4202145305761351,-5.982527922149727,automated_cleaning,non-tree
Bank Marketing,class_imbalance,high,Random Forest,0.8945040362711489,0.9051199823067566,0.8518190865863099,1.061594603560767,-4.268494968483905,automated_cleaning,tree
Bank Marketing,class_imbalance,high,XGBoost,0.9011390025434036,0.9094327103837222,0.8685170850381511,0.8293707840318576,-3.2621917505252562,automated_cleaning,tree
Bank Marketing,class_imbalance,low,Decision Tree,0.8962733606104168,0.8993696782041358,0.8310295255999115,0.3096317593718978,-6.524383501050535,automated_cleaning,tree
Bank Marketing,class_imbalance,low,Gaussian Naive Bayes,0.8434147959747871,0.837996240185779,0.688046002432821,-0.5418555789008073,-15.536879354196609,automated_cleaning,non-tree
Bank Marketing,class_imbalance,low,KNN,0.8909653875926131,0.8922923808470641,0.8430830476611744,0.13269932544509588,-4.7882339931438755,automated_cleaning,non-tree
Bank Marketing,class_imbalance,low,LightGBM,0.9083268826716796,0.9067787238748204,0.854583655866416,-0.15481587968592114,-5.3743226805263555,automated_cleaning,tree
Bank Marketing,class_imbalance,low,Logistic Regression,0.8910759703638174,0.8914077186774301,0.809244719672675,0.033174831361271195,-8.183125069114238,automated_cleaning,non-tree
Bank Marketing,class_imbalance,low,MLP,0.8982638504920933,0.9018024991706292,0.8475063585093442,0.3538648678535816,-5.075749198274915,automated_cleaning,non-tree
Bank Marketing,class_imbalance,low,Random Forest,0.902134247484242,0.9051199823067566,0.841092557779498,0.29857348225146296,-6.104168970474399,automated_cleaning,tree
Bank Marketing,class_imbalance,low,XGBoost,0.9091009620701096,0.9094327103837222,0.8592281322569943,0.03317483136126009,-4.987282981311525,automated_cleaning,tree
Bank Marketing,class_imbalance,medium,Decision Tree,0.9002543403737697,0.8993696782041358,0.8329094327103838,-0.08846621696338985,-6.734490766338597,automated_cleaning,tree
Bank Marketing,class_imbalance,medium,Gaussian Naive Bayes,0.8457370341700763,0.837996240185779,0.6902576578569058,-0.7740793984297278,-15.547937631317044,automated_cleaning,non-tree
Bank Marketing,class_imbalance,medium,KNN,0.8924029636182683,0.8922923808470641,0.8494968483910207,-0.011058277120423732,-4.290611522724763,automated_cleaning,non-tree
Bank Marketing,class_imbalance,medium,LightGBM,0.9044564856795312,0.9067787238748204,0.8509344244166759,0.23222381952892057,-5.35220612628553,automated_cleaning,tree
Bank Marketing,class_imbalance,medium,Logistic Regression,0.8898595598805706,0.8914077186774301,0.8090235541302665,0.15481587968594335,-8.083600575030413,automated_cleaning,non-tree
Bank Marketing,class_imbalance,medium,MLP,0.8998120092889528,0.9018024991706292,0.8457370341700763,0.19904898816763827,-5.407497511887649,automated_cleaning,non-tree
Bank Marketing,class_imbalance,medium,Random Forest,0.8994802609753401,0.9051199823067566,0.8414243060931107,0.5639721331416547,-5.805595488222936,automated_cleaning,tree
Bank Marketing,class_imbalance,medium,XGBoost,0.9058940617051864,0.9094327103837222,0.8581223045449519,0.3538648678535816,-4.777175716023452,automated_cleaning,tree
Bank Marketing,concept_drift,high,Decision Tree,0.8827822625234988,0.8993696782041358,,1.658741568063704,,external_intervention,tree
Bank Marketing,concept_drift,high,Gaussian Naive Bayes,0.8573482251465222,0.837996240185779,,-1.9351984960743196,,external_intervention,non-tree
Bank Marketing,concept_drift,high,KNN,0.7551697445537985,0.8922923808470641,,13.71226362932656,,external_intervention,non-tree
Bank Marketing,concept_drift,high,LightGBM,0.8932876257879022,0.9067787238748204,,1.3491098086918174,,external_intervention,tree
Bank Marketing,concept_drift,high,Logistic Regression,0.8878690699988941,0.8914077186774301,,0.3538648678535927,,external_intervention,non-tree
Bank Marketing,concept_drift,high,MLP,0.8836669246931328,0.9018024991706292,,1.8135574477496363,,external_intervention,non-tree
Bank Marketing,concept_drift,high,Random Forest,0.8976003538648678,0.9051199823067566,,0.7519628441888804,,external_intervention,tree
Bank Marketing,concept_drift,high,XGBoost,0.8964945261528254,0.9094327103837222,,1.2938184230896765,,external_intervention,tree
Bank Marketing,concept_drift,low,Decision Tree,0.8942828707287405,0.8993696782041358,,0.5086807475395361,,external_intervention,tree
Bank Marketing,concept_drift,low,Gaussian Naive Bayes,0.8417560544067234,0.837996240185779,,-0.3759814220944402,,external_intervention,non-tree
Bank Marketing,concept_drift,low,KNN,0.8793541966161672,0.8922923808470641,,1.2938184230896876,,external_intervention,non-tree
Bank Marketing,concept_drift,low,LightGBM,0.9064469755612076,0.9067787238748204,,0.0331748313612823,,external_intervention,tree
Bank Marketing,concept_drift,low,Logistic Regression,0.8900807254229791,0.8914077186774301,,0.13269932544509588,,external_intervention,non-tree
Bank Marketing,concept_drift,low,MLP,0.8969368572376424,0.9018024991706292,,0.4865641932986775,,external_intervention,non-tree
Bank Marketing,concept_drift,low,Random Forest,0.9024659957978548,0.9051199823067566,,0.26539865089018067,,external_intervention,tree
Bank Marketing,concept_drift,low,XGBoost,0.9074422205020458,0.9094327103837222,,0.19904898816763827,,external_intervention,tree
Bank Marketing,concept_drift,medium,Decision Tree,0.8870949906004645,0.8993696782041358,,1.2274687603671341,,external_intervention,tree
Bank Marketing,concept_drift,medium,Gaussian Naive Bayes,0.8455158686276678,0.837996240185779,,-0.7519628441888804,,external_intervention,non-tree
Bank Marketing,concept_drift,medium,KNN,0.8389914851266173,0.8922923808470641,,5.330089572044683,,external_intervention,non-tree
Bank Marketing,concept_drift,medium,LightGBM,0.9044564856795312,0.9067787238748204,,0.23222381952892057,,external_intervention,tree
Bank Marketing,concept_drift,medium,Logistic Regression,0.8890854804821409,0.8914077186774301,,0.23222381952892057,,external_intervention,non-tree
Bank Marketing,concept_drift,medium,MLP,0.8970474400088466,0.9018024991706292,,0.4755059161782538,,external_intervention,non-tree
Bank Marketing,concept_drift,medium,Random Forest,0.9006966714585868,0.9051199823067566,,0.4423310848169826,,external_intervention,tree
Bank Marketing,concept_drift,medium,XGBoost,0.9034612407386928,0.9094327103837222,,0.597146964502937,,external_intervention,tree
Bank Marketing,contextual_errors,high,Decision Tree,0.8972686055512551,0.8993696782041358,0.8957204467543957,0.2101072652880731,-0.15481587968594335,automated_cleaning,tree
Bank Marketing,contextual_errors,high,Gaussian Naive Bayes,0.8518190865863099,0.837996240185779,0.879243613844963,-1.3822846400530886,2.7424527258653075,automated_cleaning,non-tree
Bank Marketing,contextual_errors,high,KNN,0.8831140108371116,0.8922923808470641,0.8870949906004645,0.9178370009952475,0.39809797633528765,automated_cleaning,non-tree
Bank Marketing,contextual_errors,high,LightGBM,0.9069998894172288,0.9067787238748204,0.9052305650779608,-0.02211655424083636,-0.1769324339267908,automated_cleaning,tree
Bank Marketing,contextual_errors,high,Logistic Regression,0.8830034280659074,0.8914077186774301,0.8839986730067455,0.8404290611522702,0.09952449408381359,automated_cleaning,non-tree
Bank Marketing,contextual_errors,high,MLP,0.8937299568727193,0.9018024991706292,0.8947252018135574,0.8072542297909879,0.09952449408381359,automated_cleaning,non-tree
Bank Marketing,contextual_errors,high,Random Forest,0.8978215194072764,0.9051199823067566,0.8979321021784806,0.7298462899480218,0.011058277120423732,automated_cleaning,tree
Bank Marketing,contextual_errors,high,XGBoost,0.907995134358067,0.9094327103837222,0.9037929890523057,0.14375760256551962,-0.4202145305761351,automated_cleaning,tree
Bank Marketing,contextual_errors,low,Decision Tree,0.8961627778392126,0.8993696782041358,0.8914077186774301,0.32069003649232153,-0.4755059161782538,automated_cleaning,tree
Bank Marketing,contextual_errors,low,Gaussian Naive Bayes,0.862213867079509,0.837996240185779,0.8803494415570055,-2.421762689372997,1.8135574477496474,automated_cleaning,non-tree
Bank Marketing,contextual_errors,low,KNN,0.8870949906004645,0.8922923808470641,0.8857679973460135,0.5197390246599598,-0.13269932544509588,automated_cleaning,non-tree
Bank Marketing,contextual_errors,low,LightGBM,0.9072210549596372,0.9067787238748204,0.9031294924250802,-0.044233108481683825,-0.4091562534557003,automated_cleaning,tree
Bank Marketing,contextual_errors,low,Logistic Regression,0.8830034280659074,0.8914077186774301,0.8857679973460135,0.8404290611522702,0.2764569280106155,automated_cleaning,non-tree
Bank Marketing,contextual_errors,low,MLP,0.9000331748313612,0.9018024991706292,0.8973791883224593,0.1769324339267908,-0.26539865089019177,automated_cleaning,non-tree
Bank Marketing,contextual_errors,low,Random Forest,0.8992590954329316,0.9051199823067566,0.8977109366360722,0.5860886873825022,-0.15481587968594335,automated_cleaning,tree
Bank Marketing,contextual_errors,low,XGBoost,0.9104279553245604,0.9094327103837222,0.9045670684507354,-0.09952449408382469,-0.5860886873825022,automated_cleaning,tree
Bank Marketing,contextual_errors,medium,Decision Tree,0.8983744332632976,0.8993696782041358,0.8938405396439235,0.09952449408382469,-0.4533893619374063,automated_cleaning,tree
Bank Marketing,contextual_errors,medium,Gaussian Naive Bayes,0.8337940948800177,0.837996240185779,0.8637620258763684,0.4202145305761351,2.9967930996350756,automated_cleaning,non-tree
Bank Marketing,contextual_errors,medium,KNN,0.8879796527700984,0.8922923808470641,0.8907442220502045,0.43127280769656995,0.2764569280106155,automated_cleaning,non-tree
Bank Marketing,contextual_errors,medium,LightGBM,0.9061152272475947,0.9067787238748204,0.9027977441114674,0.0663496627225646,-0.33174831361273416,automated_cleaning,tree
Bank Marketing,contextual_errors,medium,Logistic Regression,0.8830034280659074,0.8914077186774301,0.885989162888422,0.8404290611522702,0.29857348225146296,automated_cleaning,non-tree
Bank Marketing,contextual_errors,medium,MLP,0.8948357845847617,0.9018024991706292,0.8970474400088466,0.6966714585867506,0.22116554240849684,automated_cleaning,non-tree
Bank Marketing,contextual_errors,medium,Random Forest,0.8974897710936636,0.9051199823067566,0.8982638504920933,0.7630211213093041,0.07740793984297722,automated_cleaning,tree
Bank Marketing,contextual_errors,medium,XGBoost,0.9085480482140884,0.9094327103837222,0.904014154594714,0.08846621696337875,-0.4533893619374396,automated_cleaning,tree
Bank Marketing,data_drift,high,Decision Tree,0.8966051089240297,0.8993696782041358,,0.2764569280106155,,external_intervention,tree
Bank Marketing,data_drift,high,Gaussian Naive Bayes,0.8486121862213867,0.837996240185779,,-1.061594603560767,,external_intervention,non-tree
Bank Marketing,data_drift,high,KNN,0.8928452947030853,0.8922923808470641,,-0.05529138560211866,,external_intervention,non-tree
Bank Marketing,data_drift,high,LightGBM,0.907110472188433,0.9067787238748204,,-0.03317483136126009,,external_intervention,tree
Bank Marketing,data_drift,high,Logistic Regression,0.8901913081941834,0.8914077186774301,,0.12164104832467215,,external_intervention,non-tree
Bank Marketing,data_drift,high,MLP,0.900364923144974,0.9018024991706292,,0.14375760256551962,,external_intervention,non-tree
Bank Marketing,data_drift,high,Random Forest,0.9020236647130376,0.9051199823067566,,0.3096317593718978,,external_intervention,tree
Bank Marketing,data_drift,high,XGBoost,0.9097644586973348,0.9094327103837222,,-0.03317483136126009,,external_intervention,tree
Bank Marketing,data_drift,low,Decision Tree,0.8968262744664381,0.8993696782041358,,0.25434037376976804,,external_intervention,tree
Bank Marketing,data_drift,low,Gaussian Naive Bayes,0.8425301338051532,0.837996240185779,,-0.4533893619374174,,external_intervention,non-tree
Bank Marketing,data_drift,low,KNN,0.8943934534999447,0.8922923808470641,,-0.210107265288062,,external_intervention,non-tree
Bank Marketing,data_drift,low,LightGBM,0.9086586309852924,0.9067787238748204,,-0.18799071104720344,,external_intervention,tree
Bank Marketing,data_drift,low,Logistic Regression,0.8906336392790003,0.8914077186774301,,0.07740793984297722,,external_intervention,non-tree
Bank Marketing,data_drift,low,MLP,0.899037929890523,0.9018024991706292,,0.2764569280106155,,external_intervention,non-tree
Bank Marketing,data_drift,low,Random Forest,0.9035718235098972,0.9051199823067566,,0.15481587968594335,,external_intervention,tree
Bank Marketing,data_drift,low,XGBoost,0.9074422205020458,0.9094327103837222,,0.19904898816763827,,external_intervention,tree
Bank Marketing,data_drift,medium,Decision Tree,0.8977109366360722,0.8993696782041358,,0.16587415680636708,,external_intervention,tree
Bank Marketing,data_drift,medium,Gaussian Naive Bayes,0.8458476169412805,0.837996240185779,,-0.7851376755501516,,external_intervention,non-tree
Bank Marketing,data_drift,medium,KNN,0.8945040362711489,0.8922923808470641,,-0.22116554240848574,,external_intervention,non-tree
Bank Marketing,data_drift,medium,LightGBM,0.907995134358067,0.9067787238748204,,-0.12164104832466105,,external_intervention,tree
Bank Marketing,data_drift,medium,Logistic Regression,0.8905230565077961,0.8914077186774301,,0.08846621696340096,,external_intervention,non-tree
Bank Marketing,data_drift,medium,MLP,0.9006966714585868,0.9018024991706292,,0.11058277120423732,,external_intervention,non-tree
Bank Marketing,data_drift,medium,Random Forest,0.9010284197721996,0.9051199823067566,,0.4091562534557003,,external_intervention,tree
Bank Marketing,data_drift,medium,XGBoost,0.9089903792989052,0.9094327103837222,,0.04423310848169493,,external_intervention,tree
Bank Marketing,data_heterogeneity,high,Decision Tree,0.8817870175826606,0.8993696782041358,0.8817870175826606,1.7582660621475177,0.0,automated_cleaning,tree
Bank Marketing,data_heterogeneity,high,Gaussian Naive Bayes,0.830808360057503,0.837996240185779,0.830808360057503,0.7187880128275981,0.0,automated_cleaning,non-tree
Bank Marketing,data_heterogeneity,high,KNN,0.8854362490324007,0.8922923808470641,0.8854362490324007,0.685613181466338,0.0,automated_cleaning,non-tree
Bank Marketing,data_heterogeneity,high,LightGBM,0.8834457591507243,0.9067787238748204,0.8834457591507243,2.3332964724096072,0.0,automated_cleaning,tree
Bank Marketing,data_heterogeneity,high,Logistic Regression,0.8833351763795201,0.8914077186774301,0.8833351763795201,0.807254229790999,0.0,automated_cleaning,non-tree
Bank Marketing,data_heterogeneity,high,MLP,0.883777507464337,0.9018024991706292,0.883777507464337,1.8024991706292126,0.0,automated_cleaning,non-tree
Bank Marketing,data_heterogeneity,high,Random Forest,0.8833351763795201,0.9051199823067566,0.8833351763795201,2.178480592723653,0.0,automated_cleaning,tree
Bank Marketing,data_heterogeneity,high,XGBoost,0.8831140108371116,0.9094327103837222,0.8831140108371116,2.631869954661059,0.0,automated_cleaning,tree
Bank Marketing,data_heterogeneity,low,Decision Tree,0.8919606325334513,0.8993696782041358,0.8919606325334513,0.7409045670684566,0.0,automated_cleaning,tree
Bank Marketing,data_heterogeneity,low,Gaussian Naive Bayes,0.8754837996240186,0.837996240185779,0.8754837996240186,-3.748755943823956,0.0,automated_cleaning,non-tree
Bank Marketing,data_heterogeneity,low,KNN,0.8909653875926131,0.8922923808470641,0.8909653875926131,0.13269932544509588,0.0,automated_cleaning,non-tree
Bank Marketing,data_heterogeneity,low,LightGBM,0.9053411478491652,0.9067787238748204,0.9053411478491652,0.14375760256551962,0.0,automated_cleaning,tree
Bank Marketing,data_heterogeneity,low,Logistic Regression,0.8875373216852814,0.8914077186774301,0.8875373216852814,0.3870396992148639,0.0,automated_cleaning,non-tree
Bank Marketing,data_heterogeneity,low,MLP,0.8961627778392126,0.9018024991706292,0.8961627778392126,0.5639721331416547,0.0,automated_cleaning,non-tree
Bank Marketing,data_heterogeneity,low,Random Forest,0.9015813336282208,0.9051199823067566,0.9015813336282208,0.3538648678535816,0.0,automated_cleaning,tree
Bank Marketing,data_heterogeneity,low,XGBoost,0.9050093995355524,0.9094327103837222,0.9050093995355524,0.4423310848169826,0.0,automated_cleaning,tree
Bank Marketing,data_heterogeneity,medium,Decision Tree,0.8959416122968041,0.8993696782041358,0.8959416122968041,0.342806590733169,0.0,automated_cleaning,tree
Bank Marketing,data_heterogeneity,medium,Gaussian Naive Bayes,0.7290722105495964,0.837996240185779,0.7290722105495964,10.892402963618263,0.0,automated_cleaning,non-tree
Bank Marketing,data_heterogeneity,medium,KNN,0.8834457591507243,0.8922923808470641,0.8834457591507243,0.8846621696339763,0.0,automated_cleaning,non-tree
Bank Marketing,data_heterogeneity,medium,LightGBM,0.8989273471193188,0.9067787238748204,0.8989273471193188,0.7851376755501627,0.0,automated_cleaning,tree
Bank Marketing,data_heterogeneity,medium,Logistic Regression,0.8893066460245493,0.8914077186774301,0.8893066460245493,0.2101072652880731,0.0,automated_cleaning,non-tree
Bank Marketing,data_heterogeneity,medium,MLP,0.8241733937852482,0.9018024991706292,0.8241733937852482,7.762910538538092,0.0,automated_cleaning,non-tree
Bank Marketing,data_heterogeneity,medium,Random Forest,0.9050093995355524,0.9051199823067566,0.9050093995355524,0.011058277120423732,0.0,automated_cleaning,tree
Bank Marketing,data_heterogeneity,medium,XGBoost,0.8917394669910428,0.9094327103837222,0.8917394669910428,1.7693243392679414,0.0,automated_cleaning,tree
Bank Marketing,data_inconsistency,high,Decision Tree,0.8983744332632976,0.8993696782041358,0.8982638504920933,0.09952449408382469,-0.011058277120423732,automated_cleaning,tree
Bank Marketing,data_inconsistency,high,Gaussian Naive Bayes,0.876589627336061,0.837996240185779,0.8739356408271591,-3.8593387150282044,-0.26539865089019177,automated_cleaning,non-tree
Bank Marketing,data_inconsistency,high,KNN,0.8929558774742895,0.8922923808470641,0.892734711931881,-0.06634966272254239,-0.022116554240847464,automated_cleaning,non-tree
Bank Marketing,data_inconsistency,high,LightGBM,0.9081057171292712,0.9067787238748204,0.9069998894172288,-0.13269932544508478,-0.11058277120424842,automated_cleaning,tree
Bank Marketing,data_inconsistency,high,Logistic Regression,0.8879796527700984,0.8914077186774301,0.8899701426517749,0.342806590733169,0.19904898816764938,automated_cleaning,non-tree
Bank Marketing,data_inconsistency,high,MLP,0.9015813336282208,0.9018024991706292,0.900364923144974,0.02211655424083636,-0.12164104832468325,automated_cleaning,non-tree
Bank Marketing,data_inconsistency,high,Random Forest,0.9031294924250802,0.9051199823067566,0.9033506579674888,0.19904898816763827,0.022116554240858566,automated_cleaning,tree
Bank Marketing,data_inconsistency,high,XGBoost,0.90755280327325,0.9094327103837222,0.9100962070109476,0.18799071104721454,0.25434037376975693,automated_cleaning,tree
Bank Marketing,data_inconsistency,low,Decision Tree,0.8966051089240297,0.8993696782041358,0.8973791883224593,0.2764569280106155,0.07740793984296612,automated_cleaning,tree
Bank Marketing,data_inconsistency,low,Gaussian Naive Bayes,0.8791330310737587,0.837996240185779,0.8487227689925909,-4.113679088797973,-3.0410262081167816,automated_cleaning,non-tree
Bank Marketing,data_inconsistency,low,KNN,0.8932876257879022,0.8922923808470641,0.891850049762247,-0.09952449408381359,-0.14375760256551962,automated_cleaning,non-tree
Bank Marketing,data_inconsistency,low,LightGBM,0.9091009620701096,0.9067787238748204,0.9094327103837222,-0.23222381952892057,0.03317483136126009,automated_cleaning,tree
Bank Marketing,data_inconsistency,low,Logistic Regression,0.8887537321685282,0.8914077186774301,0.891850049762247,0.26539865089019177,0.3096317593718867,automated_cleaning,non-tree
Bank Marketing,data_inconsistency,low,MLP,0.9034612407386928,0.9018024991706292,0.8971580227800509,-0.16587415680636708,-0.6303217958641971,automated_cleaning,non-tree
Bank Marketing,data_inconsistency,low,Random Forest,0.9035718235098972,0.9051199823067566,0.90390357182351,0.15481587968594335,0.0331748313612823,automated_cleaning,tree
Bank Marketing,data_inconsistency,low,XGBoost,0.9094327103837222,0.9094327103837222,0.9085480482140884,0.0,-0.08846621696337875,automated_cleaning,tree
Bank Marketing,data_inconsistency,medium,Decision Tree,0.8992590954329316,0.8993696782041358,0.8989273471193188,0.011058277120423732,-0.0331748313612823,automated_cleaning,tree
Bank Marketing,data_inconsistency,medium,Gaussian Naive Bayes,0.8575693906889307,0.837996240185779,0.8616609532234878,-1.957315050315167,0.4091562534557114,automated_cleaning,non-tree
Bank Marketing,data_inconsistency,medium,KNN,0.8924029636182683,0.8922923808470641,0.8920712153046555,-0.011058277120423732,-0.0331748313612823,automated_cleaning,non-tree
Bank Marketing,data_inconsistency,medium,LightGBM,0.9073316377308416,0.9067787238748204,0.9067787238748204,-0.05529138560211866,-0.05529138560211866,automated_cleaning,tree
Bank Marketing,data_inconsistency,medium,Logistic Regression,0.8880902355413026,0.8914077186774301,0.8910759703638174,0.33174831361274526,0.29857348225147406,automated_cleaning,non-tree
Bank Marketing,data_inconsistency,medium,MLP,0.902134247484242,0.9018024991706292,0.9011390025434036,-0.0331748313612823,-0.09952449408383579,automated_cleaning,non-tree
Bank Marketing,data_inconsistency,medium,Random Forest,0.9023554130266505,0.9051199823067566,0.904788233993144,0.2764569280106155,0.2432820966493554,automated_cleaning,tree
Bank Marketing,data_inconsistency,medium,XGBoost,0.9072210549596372,0.9094327103837222,0.9096538759261308,0.22116554240849684,0.2432820966493554,automated_cleaning,tree
Bank Marketing,data_leakage,high,Decision Tree,0.870286409377419,0.8993696782041358,0.8963839433816212,2.9083268826716857,2.6097534004202227,automated_cleaning,tree
Bank Marketing,data_leakage,high,Gaussian Naive Bayes,0.8748203029967931,0.837996240185779,0.8373327435585536,-3.6824062811014135,-3.748755943823956,automated_cleaning,non-tree
Bank Marketing,data_leakage,high,KNN,0.885104500718788,0.8922923808470641,0.8941722879575362,0.7187880128276092,0.9067787238748237,automated_cleaning,non-tree
Bank Marketing,data_leakage,high,LightGBM,0.7708724980648015,0.9067787238748204,0.9089903792989052,13.590622581001888,13.811788123410373,automated_cleaning,tree
Bank Marketing,data_leakage,high,Logistic Regression,0.8856574145748093,0.8914077186774301,0.891850049762247,0.5750304102620785,0.6192635187437734,automated_cleaning,non-tree
Bank Marketing,data_leakage,high,MLP,0.8896383943381622,0.9018024991706292,0.901249585314608,1.2164104832466993,1.1611190976445807,automated_cleaning,non-tree
Bank Marketing,data_leakage,high,Random Forest,0.8729403958863209,0.9051199823067566,0.9001437576025655,3.2179586420435724,2.72033617162446,automated_cleaning,tree
Bank Marketing,data_leakage,high,XGBoost,0.8834457591507243,0.9094327103837222,0.9104279553245604,2.598695123299788,2.6982196173836126,automated_cleaning,tree
Bank Marketing,data_leakage,low,Decision Tree,0.8946146190423532,0.8993696782041358,0.8946146190423532,0.4755059161782649,0.0,automated_cleaning,tree
Bank Marketing,data_leakage,low,Gaussian Naive Bayes,0.8464005307973018,0.837996240185779,0.8464005307973018,-0.8404290611522813,0.0,automated_cleaning,non-tree
Bank Marketing,data_leakage,low,KNN,0.8933982085591065,0.8922923808470641,0.8933982085591065,-0.11058277120423732,0.0,automated_cleaning,non-tree
Bank Marketing,data_leakage,low,LightGBM,0.9026871613402632,0.9067787238748204,0.9026871613402632,0.4091562534557225,0.0,automated_cleaning,tree
Bank Marketing,data_leakage,low,Logistic Regression,0.8903018909653876,0.8914077186774301,0.8903018909653876,0.11058277120424842,0.0,automated_cleaning,non-tree
Bank Marketing,data_leakage,low,MLP,0.8994802609753401,0.9018024991706292,0.8994802609753401,0.23222381952890947,0.0,automated_cleaning,non-tree
Bank Marketing,data_leakage,low,Random Forest,0.8969368572376424,0.9051199823067566,0.8969368572376424,0.8183125069114228,0.0,automated_cleaning,tree
Bank Marketing,data_leakage,low,XGBoost,0.9010284197721996,0.9094327103837222,0.9010284197721996,0.8404290611522591,0.0,automated_cleaning,tree
Bank Marketing,data_leakage,medium,Decision Tree,0.8854362490324007,0.8993696782041358,0.8854362490324007,1.3933429171735123,0.0,automated_cleaning,tree
Bank Marketing,data_leakage,medium,Gaussian Naive Bayes,0.8597810461130156,0.837996240185779,0.8597810461130156,-2.178480592723664,0.0,automated_cleaning,non-tree
Bank Marketing,data_leakage,medium,KNN,0.8912971359062258,0.8922923808470641,0.8912971359062258,0.09952449408382469,0.0,automated_cleaning,non-tree
Bank Marketing,data_leakage,medium,LightGBM,0.8856574145748093,0.9067787238748204,0.8856574145748093,2.1121309300011104,0.0,automated_cleaning,tree
Bank Marketing,data_leakage,medium,Logistic Regression,0.8878690699988941,0.8914077186774301,0.8878690699988941,0.3538648678535927,0.0,automated_cleaning,non-tree
Bank Marketing,data_leakage,medium,MLP,0.8939511224151278,0.9018024991706292,0.8939511224151278,0.7851376755501405,0.0,automated_cleaning,non-tree
Bank Marketing,data_leakage,medium,Random Forest,0.8887537321685282,0.9051199823067566,0.8887537321685282,1.6366250138228455,0.0,automated_cleaning,tree
Bank Marketing,data_leakage,medium,XGBoost,0.8899701426517749,0.9094327103837222,0.8899701426517749,1.9462567731947322,0.0,automated_cleaning,tree
Bank Marketing,data_representativeness,high,Decision Tree,0.8969368572376424,0.8993696782041358,,0.2432820966493443,,external_intervention,tree
Bank Marketing,data_representativeness,high,Gaussian Naive Bayes,0.8483910206789782,0.837996240185779,,-1.0394780493199196,,external_intervention,non-tree
Bank Marketing,data_representativeness,high,KNN,0.8941722879575362,0.8922923808470641,,-0.18799071104721454,,external_intervention,non-tree
Bank Marketing,data_representativeness,high,LightGBM,0.9074422205020458,0.9067787238748204,,-0.06634966272254239,,external_intervention,tree
Bank Marketing,data_representativeness,high,Logistic Regression,0.8898595598805706,0.8914077186774301,,0.15481587968594335,,external_intervention,non-tree
Bank Marketing,data_representativeness,high,MLP,0.8978215194072764,0.9018024991706292,,0.39809797633527655,,external_intervention,non-tree
Bank Marketing,data_representativeness,high,Random Forest,0.8991485126617274,0.9051199823067566,,0.5971469645029259,,external_intervention,tree
Bank Marketing,data_representativeness,high,XGBoost,0.9061152272475947,0.9094327103837222,,0.33174831361274526,,external_intervention,tree
Bank Marketing,data_representativeness,low,Decision Tree,0.8995908437465443,0.8993696782041358,,-0.022116554240847464,,external_intervention,tree
Bank Marketing,data_representativeness,low,Gaussian Naive Bayes,0.8428618821187659,0.837996240185779,,-0.4865641932986886,,external_intervention,non-tree
Bank Marketing,data_representativeness,low,KNN,0.8945040362711489,0.8922923808470641,,-0.22116554240848574,,external_intervention,non-tree
Bank Marketing,data_representativeness,low,LightGBM,0.9087692137564968,0.9067787238748204,,-0.19904898816763827,,external_intervention,tree
Bank Marketing,data_representativeness,low,Logistic Regression,0.8909653875926131,0.8914077186774301,,0.04423310848169493,,external_intervention,non-tree
Bank Marketing,data_representativeness,low,MLP,0.9014707508570164,0.9018024991706292,,0.033174831361271195,,external_intervention,non-tree
Bank Marketing,data_representativeness,low,Random Forest,0.9034612407386928,0.9051199823067566,,0.16587415680637818,,external_intervention,tree
Bank Marketing,data_representativeness,low,XGBoost,0.9094327103837222,0.9094327103837222,,0.0,,external_intervention,tree
Bank Marketing,data_representativeness,medium,Decision Tree,0.8984850160345018,0.8993696782041358,,0.08846621696340096,,external_intervention,tree
Bank Marketing,data_representativeness,medium,Gaussian Naive Bayes,0.8509344244166759,0.837996240185779,,-1.2938184230896876,,external_intervention,non-tree
Bank Marketing,data_representativeness,medium,KNN,0.8920712153046555,0.8922923808470641,,0.022116554240858566,,external_intervention,non-tree
Bank Marketing,data_representativeness,medium,LightGBM,0.907110472188433,0.9067787238748204,,-0.03317483136126009,,external_intervention,tree
Bank Marketing,data_representativeness,medium,Logistic Regression,0.8903018909653876,0.8914077186774301,,0.11058277120424842,,external_intervention,non-tree
Bank Marketing,data_representativeness,medium,MLP,0.9001437576025655,0.9018024991706292,,0.16587415680636708,,external_intervention,non-tree
Bank Marketing,data_representativeness,medium,Random Forest,0.900364923144974,0.9051199823067566,,0.4755059161782649,,external_intervention,tree
Bank Marketing,data_representativeness,medium,XGBoost,0.9054517306203692,0.9094327103837222,,0.39809797633529875,,external_intervention,tree
Bank Marketing,domain_violations,high,Decision Tree,0.8957204467543957,0.8993696782041358,0.8941722879575362,0.36492314497401646,-0.15481587968594335,automated_cleaning,tree
Bank Marketing,domain_violations,high,Gaussian Naive Bayes,0.855910649120867,0.837996240185779,0.8800176932433926,-1.7914408935088,2.4107044122525623,automated_cleaning,non-tree
Bank Marketing,domain_violations,high,KNN,0.884662169633971,0.8922923808470641,0.8872055733716687,0.7630211213093041,0.25434037376976804,automated_cleaning,non-tree
Bank Marketing,domain_violations,high,LightGBM,0.90755280327325,0.9067787238748204,0.904898816764348,-0.07740793984296612,-0.26539865089020287,automated_cleaning,tree
Bank Marketing,domain_violations,high,Logistic Regression,0.8830034280659074,0.8914077186774301,0.8848833351763795,0.8404290611522702,0.18799071104721454,automated_cleaning,non-tree
Bank Marketing,domain_violations,high,MLP,0.8987061815769103,0.9018024991706292,0.8971580227800509,0.3096317593718867,-0.15481587968594335,automated_cleaning,non-tree
Bank Marketing,domain_violations,high,Random Forest,0.8989273471193188,0.9051199823067566,0.8982638504920933,0.6192635187437845,-0.06634966272254239,automated_cleaning,tree
Bank Marketing,domain_violations,high,XGBoost,0.9078845515868628,0.9094327103837222,0.904014154594714,0.15481587968594335,-0.387039699214875,automated_cleaning,tree
Bank Marketing,domain_violations,low,Decision Tree,0.8978215194072764,0.8993696782041358,0.8907442220502045,0.15481587968594335,-0.7077297357071854,automated_cleaning,tree
Bank Marketing,domain_violations,low,Gaussian Naive Bayes,0.8748203029967931,0.837996240185779,0.8789118655313503,-3.6824062811014135,0.4091562534557114,automated_cleaning,non-tree
Bank Marketing,domain_violations,low,KNN,0.8866526595156474,0.8922923808470641,0.8900807254229791,0.5639721331416658,0.342806590733169,automated_cleaning,non-tree
Bank Marketing,domain_violations,low,LightGBM,0.9081057171292712,0.9067787238748204,0.9035718235098972,-0.13269932544508478,-0.4533893619374063,automated_cleaning,tree
Bank Marketing,domain_violations,low,Logistic Regression,0.8830034280659074,0.8914077186774301,0.8872055733716687,0.8404290611522702,0.4202145305761351,automated_cleaning,non-tree
Bank Marketing,domain_violations,low,MLP,0.9002543403737697,0.9018024991706292,0.8969368572376424,0.15481587968594335,-0.33174831361273416,automated_cleaning,non-tree
Bank Marketing,domain_violations,low,Random Forest,0.9005860886873825,0.9051199823067566,0.899037929890523,0.4533893619374063,-0.15481587968595445,automated_cleaning,tree
Bank Marketing,domain_violations,low,XGBoost,0.9094327103837222,0.9094327103837222,0.905783478933982,0.0,-0.36492314497401646,automated_cleaning,tree
Bank Marketing,domain_violations,medium,Decision Tree,0.9000331748313612,0.8993696782041358,0.8959416122968041,-0.06634966272254239,-0.4091562534557114,automated_cleaning,tree
Bank Marketing,domain_violations,medium,Gaussian Naive Bayes,0.8713922370894615,0.837996240185779,0.8800176932433926,-3.3395996903682446,0.8625456153931177,automated_cleaning,non-tree
Bank Marketing,domain_violations,medium,KNN,0.8882008183125069,0.8922923808470641,0.8895278115669578,0.4091562534557225,0.13269932544509588,automated_cleaning,non-tree
Bank Marketing,domain_violations,medium,LightGBM,0.910206789782152,0.9067787238748204,0.904788233993144,-0.3428065907331579,-0.5418555789007962,automated_cleaning,tree
Bank Marketing,domain_violations,medium,Logistic Regression,0.8830034280659074,0.8914077186774301,0.8857679973460135,0.8404290611522702,0.2764569280106155,automated_cleaning,non-tree
Bank Marketing,domain_violations,medium,MLP,0.901249585314608,0.9018024991706292,0.8988167643481145,0.05529138560211866,-0.2432820966493443,automated_cleaning,non-tree
Bank Marketing,domain_violations,medium,Random Forest,0.8998120092889528,0.9051199823067566,0.8982638504920933,0.5307973017803835,-0.15481587968594335,automated_cleaning,tree
Bank Marketing,domain_violations,medium,XGBoost,0.907995134358067,0.9094327103837222,0.9041247373659184,0.14375760256551962,-0.3870396992148639,automated_cleaning,tree
Bank Marketing,duplicates,high,Decision Tree,0.8946146190423532,0.8993696782041358,0.8993696782041358,0.4755059161782649,0.4755059161782649,automated_cleaning,tree
Bank Marketing,duplicates,high,Gaussian Naive Bayes,0.8406502266946809,0.837996240185779,0.837996240185779,-0.26539865089019177,-0.26539865089019177,automated_cleaning,non-tree
Bank Marketing,duplicates,high,KNN,0.8894172287957536,0.8922923808470641,0.8922923808470641,0.28751520513105033,0.28751520513105033,automated_cleaning,non-tree
Bank Marketing,duplicates,high,LightGBM,0.908437465442884,0.9067787238748204,0.9067787238748204,-0.16587415680635598,-0.16587415680635598,automated_cleaning,tree
Bank Marketing,duplicates,high,Logistic Regression,0.8914077186774301,0.8914077186774301,0.8914077186774301,0.0,0.0,automated_cleaning,non-tree
Bank Marketing,duplicates,high,MLP,0.900807254229791,0.9018024991706292,0.9018024991706292,0.09952449408381359,0.09952449408381359,automated_cleaning,non-tree
Bank Marketing,duplicates,high,Random Forest,0.904014154594714,0.9051199823067566,0.9051199823067566,0.11058277120425952,0.11058277120425952,automated_cleaning,tree
Bank Marketing,duplicates,high,XGBoost,0.9103173725533562,0.9094327103837222,0.9094327103837222,-0.08846621696340096,-0.08846621696340096,automated_cleaning,tree
Bank Marketing,duplicates,low,Decision Tree,0.9004755059161783,0.8993696782041358,0.8993696782041358,-0.11058277120424842,-0.11058277120424842,automated_cleaning,tree
Bank Marketing,duplicates,low,Gaussian Naive Bayes,0.8383279884993918,0.837996240185779,0.837996240185779,-0.0331748313612823,-0.0331748313612823,automated_cleaning,non-tree
Bank Marketing,duplicates,low,KNN,0.8904124737365918,0.8922923808470641,0.8922923808470641,0.18799071104722564,0.18799071104722564,automated_cleaning,non-tree
Bank Marketing,duplicates,low,LightGBM,0.9094327103837222,0.9067787238748204,0.9067787238748204,-0.26539865089018067,-0.26539865089018067,automated_cleaning,tree
Bank Marketing,duplicates,low,Logistic Regression,0.8909653875926131,0.8914077186774301,0.8914077186774301,0.04423310848169493,0.04423310848169493,automated_cleaning,non-tree
Bank Marketing,duplicates,low,MLP,0.9011390025434036,0.9018024991706292,0.9018024991706292,0.06634966272255349,0.06634966272255349,automated_cleaning,non-tree
Bank Marketing,duplicates,low,Random Forest,0.9043459029083268,0.9051199823067566,0.9051199823067566,0.07740793984297722,0.07740793984297722,automated_cleaning,tree
Bank Marketing,duplicates,low,XGBoost,0.908879796527701,0.9094327103837222,0.9094327103837222,0.05529138560211866,0.05529138560211866,automated_cleaning,tree
Bank Marketing,duplicates,medium,Decision Tree,0.898595598805706,0.8993696782041358,0.8993696782041358,0.07740793984297722,0.07740793984297722,automated_cleaning,tree
Bank Marketing,duplicates,medium,Gaussian Naive Bayes,0.83932323344023,0.837996240185779,0.837996240185779,-0.13269932544509588,-0.13269932544509588,automated_cleaning,non-tree
Bank Marketing,duplicates,medium,KNN,0.8910759703638174,0.8922923808470641,0.8922923808470641,0.12164104832467215,0.12164104832467215,automated_cleaning,non-tree
Bank Marketing,duplicates,medium,LightGBM,0.9078845515868628,0.9067787238748204,0.9067787238748204,-0.11058277120423732,-0.11058277120423732,automated_cleaning,tree
Bank Marketing,duplicates,medium,Logistic Regression,0.8915183014486343,0.8914077186774301,0.8914077186774301,-0.011058277120423732,-0.011058277120423732,automated_cleaning,non-tree
Bank Marketing,duplicates,medium,MLP,0.8995908437465443,0.9018024991706292,0.9018024991706292,0.22116554240848574,0.22116554240848574,automated_cleaning,non-tree
Bank Marketing,duplicates,medium,Random Forest,0.9046776512219395,0.9051199823067566,0.9051199823067566,0.04423310848170603,0.04423310848170603,automated_cleaning,tree
Bank Marketing,duplicates,medium,XGBoost,0.9103173725533562,0.9094327103837222,0.9094327103837222,-0.08846621696340096,-0.08846621696340096,automated_cleaning,tree
Bank Marketing,duplicates_minority,high,Decision Tree,0.885989162888422,0.8993696782041358,0.8993696782041358,1.3380515315713826,1.3380515315713826,automated_cleaning,tree
Bank Marketing,duplicates_minority,high,Gaussian Naive Bayes,0.8082494747318367,0.837996240185779,0.837996240185779,2.974676545394228,2.974676545394228,automated_cleaning,non-tree
Bank Marketing,duplicates_minority,high,KNN,0.8647572708172067,0.8922923808470641,0.8922923808470641,2.7535110029857424,2.7535110029857424,automated_cleaning,non-tree
Bank Marketing,duplicates_minority,high,LightGBM,0.9023554130266505,0.9067787238748204,0.9067787238748204,0.4423310848169937,0.4423310848169937,automated_cleaning,tree
Bank Marketing,duplicates_minority,high,Logistic Regression,0.884662169633971,0.8914077186774301,0.8914077186774301,0.6745549043459032,0.6745549043459032,automated_cleaning,non-tree
Bank Marketing,duplicates_minority,high,MLP,0.8862103284308305,0.9018024991706292,0.9018024991706292,1.5592170739798683,1.5592170739798683,automated_cleaning,non-tree
Bank Marketing,duplicates_minority,high,Random Forest,0.9015813336282208,0.9051199823067566,0.9051199823067566,0.3538648678535816,0.3538648678535816,automated_cleaning,tree
Bank Marketing,duplicates_minority,high,XGBoost,0.9052305650779608,0.9094327103837222,0.9094327103837222,0.4202145305761351,0.4202145305761351,automated_cleaning,tree
Bank Marketing,duplicates_minority,low,Decision Tree,0.8961627778392126,0.8993696782041358,0.8993696782041358,0.32069003649232153,0.32069003649232153,automated_cleaning,tree
Bank Marketing,duplicates_minority,low,Gaussian Naive Bayes,0.8251686387260865,0.837996240185779,0.837996240185779,1.2827601459692528,1.2827601459692528,automated_cleaning,non-tree
Bank Marketing,duplicates_minority,low,KNN,0.8827822625234988,0.8922923808470641,0.8922923808470641,0.9510118323565298,0.9510118323565298,automated_cleaning,non-tree
Bank Marketing,duplicates_minority,low,LightGBM,0.9092115448413136,0.9067787238748204,0.9067787238748204,-0.2432820966493221,-0.2432820966493221,automated_cleaning,tree
Bank Marketing,duplicates_minority,low,Logistic Regression,0.8901913081941834,0.8914077186774301,0.8914077186774301,0.12164104832467215,0.12164104832467215,automated_cleaning,non-tree
Bank Marketing,duplicates_minority,low,MLP,0.8994802609753401,0.9018024991706292,0.9018024991706292,0.23222381952890947,0.23222381952890947,automated_cleaning,non-tree
Bank Marketing,duplicates_minority,low,Random Forest,0.9051199823067566,0.9051199823067566,0.9051199823067566,0.0,0.0,automated_cleaning,tree
Bank Marketing,duplicates_minority,low,XGBoost,0.908437465442884,0.9094327103837222,0.9094327103837222,0.09952449408382469,0.09952449408382469,automated_cleaning,tree
Bank Marketing,duplicates_minority,medium,Decision Tree,0.893177043016698,0.8993696782041358,0.8993696782041358,0.6192635187437845,0.6192635187437845,automated_cleaning,tree
Bank Marketing,duplicates_minority,medium,Gaussian Naive Bayes,0.8149950237752958,0.837996240185779,0.837996240185779,2.300121641048325,2.300121641048325,automated_cleaning,non-tree
Bank Marketing,duplicates_minority,medium,KNN,0.8759261307088355,0.8922923808470641,0.8922923808470641,1.6366250138228566,1.6366250138228566,automated_cleaning,non-tree
Bank Marketing,duplicates_minority,medium,LightGBM,0.9065575583324118,0.9067787238748204,0.9067787238748204,0.022116554240858566,0.022116554240858566,automated_cleaning,tree
Bank Marketing,duplicates_minority,medium,Logistic Regression,0.8876479044564857,0.8914077186774301,0.8914077186774301,0.3759814220944402,0.3759814220944402,automated_cleaning,non-tree
Bank Marketing,duplicates_minority,medium,MLP,0.8957204467543957,0.9018024991706292,0.9018024991706292,0.6082052416233497,0.6082052416233497,automated_cleaning,non-tree
Bank Marketing,duplicates_minority,medium,Random Forest,0.9046776512219395,0.9051199823067566,0.9051199823067566,0.04423310848170603,0.04423310848170603,automated_cleaning,tree
Bank Marketing,duplicates_minority,medium,XGBoost,0.9089903792989052,0.9094327103837222,0.9094327103837222,0.04423310848169493,0.04423310848169493,automated_cleaning,tree
Bank Marketing,duplicates_targeted,high,Decision Tree,0.8959416122968041,0.8993696782041358,0.8993696782041358,0.342806590733169,0.342806590733169,automated_cleaning,tree
Bank Marketing,duplicates_targeted,high,Gaussian Naive Bayes,0.8425301338051532,0.837996240185779,0.837996240185779,-0.4533893619374174,-0.4533893619374174,automated_cleaning,non-tree
Bank Marketing,duplicates_targeted,high,KNN,0.8937299568727193,0.8922923808470641,0.8922923808470641,-0.14375760256551962,-0.14375760256551962,automated_cleaning,non-tree
Bank Marketing,duplicates_targeted,high,LightGBM,0.9083268826716796,0.9067787238748204,0.9067787238748204,-0.15481587968592114,-0.15481587968592114,automated_cleaning,tree
Bank Marketing,duplicates_targeted,high,Logistic Regression,0.8903018909653876,0.8914077186774301,0.8914077186774301,0.11058277120424842,0.11058277120424842,automated_cleaning,non-tree
Bank Marketing,duplicates_targeted,high,MLP,0.8993696782041358,0.9018024991706292,0.9018024991706292,0.2432820966493332,0.2432820966493332,automated_cleaning,non-tree
Bank Marketing,duplicates_targeted,high,Random Forest,0.902134247484242,0.9051199823067566,0.9051199823067566,0.29857348225146296,0.29857348225146296,automated_cleaning,tree
Bank Marketing,duplicates_targeted,high,XGBoost,0.9094327103837222,0.9094327103837222,0.9094327103837222,0.0,0.0,automated_cleaning,tree
Bank Marketing,duplicates_targeted,low,Decision Tree,0.8983744332632976,0.8993696782041358,0.8993696782041358,0.09952449408382469,0.09952449408382469,automated_cleaning,tree
Bank Marketing,duplicates_targeted,low,Gaussian Naive Bayes,0.8406502266946809,0.837996240185779,0.837996240185779,-0.26539865089019177,-0.26539865089019177,automated_cleaning,non-tree
Bank Marketing,duplicates_targeted,low,KNN,0.8926241291606768,0.8922923808470641,0.8922923808470641,-0.033174831361271195,-0.033174831361271195,automated_cleaning,non-tree
Bank Marketing,duplicates_targeted,low,LightGBM,0.9074422205020458,0.9067787238748204,0.9067787238748204,-0.06634966272254239,-0.06634966272254239,automated_cleaning,tree
Bank Marketing,duplicates_targeted,low,Logistic Regression,0.8915183014486343,0.8914077186774301,0.8914077186774301,-0.011058277120423732,-0.011058277120423732,automated_cleaning,non-tree
Bank Marketing,duplicates_targeted,low,MLP,0.8984850160345018,0.9018024991706292,0.9018024991706292,0.33174831361273416,0.33174831361273416,automated_cleaning,non-tree
Bank Marketing,duplicates_targeted,low,Random Forest,0.9042353201371226,0.9051199823067566,0.9051199823067566,0.08846621696340096,0.08846621696340096,automated_cleaning,tree
Bank Marketing,duplicates_targeted,low,XGBoost,0.9095432931549264,0.9094327103837222,0.9094327103837222,-0.011058277120423732,-0.011058277120423732,automated_cleaning,tree
Bank Marketing,duplicates_targeted,medium,Decision Tree,0.8984850160345018,0.8993696782041358,0.8993696782041358,0.08846621696340096,0.08846621696340096,automated_cleaning,tree
Bank Marketing,duplicates_targeted,medium,Gaussian Naive Bayes,0.8399867300674555,0.837996240185779,0.837996240185779,-0.19904898816764938,-0.19904898816764938,automated_cleaning,non-tree
Bank Marketing,duplicates_targeted,medium,KNN,0.8933982085591065,0.8922923808470641,0.8922923808470641,-0.11058277120423732,-0.11058277120423732,automated_cleaning,non-tree
Bank Marketing,duplicates_targeted,medium,LightGBM,0.910206789782152,0.9067787238748204,0.9067787238748204,-0.3428065907331579,-0.3428065907331579,automated_cleaning,tree
Bank Marketing,duplicates_targeted,medium,Logistic Regression,0.8910759703638174,0.8914077186774301,0.8914077186774301,0.033174831361271195,0.033174831361271195,automated_cleaning,non-tree
Bank Marketing,duplicates_targeted,medium,MLP,0.900807254229791,0.9018024991706292,0.9018024991706292,0.09952449408381359,0.09952449408381359,automated_cleaning,non-tree
Bank Marketing,duplicates_targeted,medium,Random Forest,0.9009178370009951,0.9051199823067566,0.9051199823067566,0.4202145305761462,0.4202145305761462,automated_cleaning,tree
Bank Marketing,duplicates_targeted,medium,XGBoost,0.9086586309852924,0.9094327103837222,0.9094327103837222,0.07740793984297722,0.07740793984297722,automated_cleaning,tree
Bank Marketing,feature_noise,high,Decision Tree,0.8952781156695787,0.8993696782041358,0.8952781156695787,0.4091562534557114,0.0,automated_cleaning,tree
Bank Marketing,feature_noise,high,Gaussian Naive Bayes,0.8423089682627447,0.837996240185779,0.840207895609864,-0.43127280769656995,-0.2101072652880731,automated_cleaning,non-tree
Bank Marketing,feature_noise,high,KNN,0.8924029636182683,0.8922923808470641,0.8917394669910428,-0.011058277120423732,-0.06634966272255349,automated_cleaning,non-tree
Bank Marketing,feature_noise,high,LightGBM,0.9064469755612076,0.9067787238748204,0.9058940617051864,0.0331748313612823,-0.05529138560211866,automated_cleaning,tree
Bank Marketing,feature_noise,high,Logistic Regression,0.8914077186774301,0.8914077186774301,0.8911865531350216,0.0,-0.022116554240847464,automated_cleaning,non-tree
Bank Marketing,feature_noise,high,MLP,0.8973791883224593,0.9018024991706292,0.8967156916952339,0.4423310848169826,-0.06634966272254239,automated_cleaning,non-tree
Bank Marketing,feature_noise,high,Random Forest,0.899922592060157,0.9051199823067566,0.899922592060157,0.5197390246599598,0.0,automated_cleaning,tree
Bank Marketing,feature_noise,high,XGBoost,0.905783478933982,0.9094327103837222,0.905783478933982,0.36492314497401646,0.0,automated_cleaning,tree
Bank Marketing,feature_noise,low,Decision Tree,0.894061705186332,0.8993696782041358,0.894061705186332,0.5307973017803835,0.0,automated_cleaning,tree
Bank Marketing,feature_noise,low,Gaussian Naive Bayes,0.8382174057281876,0.837996240185779,0.8373327435585536,-0.022116554240858566,-0.08846621696340096,automated_cleaning,non-tree
Bank Marketing,feature_noise,low,KNN,0.8928452947030853,0.8922923808470641,0.8928452947030853,-0.05529138560211866,0.0,automated_cleaning,non-tree
Bank Marketing,feature_noise,low,LightGBM,0.9083268826716796,0.9067787238748204,0.9091009620701096,-0.15481587968592114,0.07740793984299943,automated_cleaning,tree
Bank Marketing,feature_noise,low,Logistic Regression,0.8914077186774301,0.8914077186774301,0.8912971359062258,0.0,-0.011058277120423732,automated_cleaning,non-tree
Bank Marketing,feature_noise,low,MLP,0.9027977441114674,0.9018024991706292,0.9023554130266505,-0.09952449408382469,-0.04423310848169493,automated_cleaning,non-tree
Bank Marketing,feature_noise,low,Random Forest,0.9024659957978548,0.9051199823067566,0.9024659957978548,0.26539865089018067,0.0,automated_cleaning,tree
Bank Marketing,feature_noise,low,XGBoost,0.9099856242397436,0.9094327103837222,0.9099856242397436,-0.05529138560214086,0.0,automated_cleaning,tree
Bank Marketing,feature_noise,medium,Decision Tree,0.9006966714585868,0.8993696782041358,0.9006966714585868,-0.13269932544509588,0.0,automated_cleaning,tree
Bank Marketing,feature_noise,medium,Gaussian Naive Bayes,0.839765564525047,0.837996240185779,0.8377750746433705,-0.1769324339268019,-0.19904898816764938,automated_cleaning,non-tree
Bank Marketing,feature_noise,medium,KNN,0.8914077186774301,0.8922923808470641,0.8897489771093664,0.08846621696340096,-0.16587415680636708,automated_cleaning,non-tree
Bank Marketing,feature_noise,medium,LightGBM,0.9104279553245604,0.9067787238748204,0.908437465442884,-0.36492314497400535,-0.19904898816764938,automated_cleaning,tree
Bank Marketing,feature_noise,medium,Logistic Regression,0.8908548048214088,0.8914077186774301,0.8908548048214088,0.05529138560212976,0.0,automated_cleaning,non-tree
Bank Marketing,feature_noise,medium,MLP,0.9005860886873825,0.9018024991706292,0.8997014265177485,0.12164104832466105,-0.08846621696340096,automated_cleaning,non-tree
Bank Marketing,feature_noise,medium,Random Forest,0.9033506579674888,0.9051199823067566,0.9033506579674888,0.1769324339267797,0.0,automated_cleaning,tree
Bank Marketing,feature_noise,medium,XGBoost,0.9082162999004756,0.9094327103837222,0.9082162999004756,0.12164104832466105,0.0,automated_cleaning,tree
Bank Marketing,feature_noise_targeted,high,Decision Tree,0.8939511224151278,0.8993696782041358,0.8939511224151278,0.5418555789008073,0.0,automated_cleaning,tree
Bank Marketing,feature_noise_targeted,high,Gaussian Naive Bayes,0.8467322791109145,0.837996240185779,0.8441888753732169,-0.8736038925135525,-0.25434037376976804,automated_cleaning,non-tree
Bank Marketing,feature_noise_targeted,high,KNN,0.8899701426517749,0.8922923808470641,0.8886431493973239,0.23222381952892057,-0.13269932544509588,automated_cleaning,non-tree
Bank Marketing,feature_noise_targeted,high,LightGBM,0.9055623133915736,0.9067787238748204,0.9062258100187992,0.12164104832468325,0.0663496627225646,automated_cleaning,tree
Bank Marketing,feature_noise_targeted,high,Logistic Regression,0.8903018909653876,0.8914077186774301,0.8903018909653876,0.11058277120424842,0.0,automated_cleaning,non-tree
Bank Marketing,feature_noise_targeted,high,MLP,0.8980426849496849,0.9018024991706292,0.8963839433816212,0.3759814220944291,-0.16587415680636708,automated_cleaning,non-tree
Bank Marketing,feature_noise_targeted,high,Random Forest,0.8994802609753401,0.9051199823067566,0.8994802609753401,0.5639721331416547,0.0,automated_cleaning,tree
Bank Marketing,feature_noise_targeted,high,XGBoost,0.9045670684507354,0.9094327103837222,0.9061152272475947,0.4865641932986775,0.15481587968593225,automated_cleaning,tree
Bank Marketing,feature_noise_targeted,low,Decision Tree,0.8950569501271702,0.8993696782041358,0.8951675328983745,0.43127280769655885,0.011058277120423732,automated_cleaning,tree
Bank Marketing,feature_noise_targeted,low,Gaussian Naive Bayes,0.8383279884993918,0.837996240185779,0.8377750746433705,-0.0331748313612823,-0.05529138560212976,automated_cleaning,non-tree
Bank Marketing,feature_noise_targeted,low,KNN,0.8932876257879022,0.8922923808470641,0.8922923808470641,-0.09952449408381359,-0.09952449408381359,automated_cleaning,non-tree
Bank Marketing,feature_noise_targeted,low,LightGBM,0.908437465442884,0.9067787238748204,0.9081057171292712,-0.16587415680635598,-0.033174831361271195,automated_cleaning,tree
Bank Marketing,feature_noise_targeted,low,Logistic Regression,0.8917394669910428,0.8914077186774301,0.8915183014486343,-0.033174831361271195,-0.022116554240847464,automated_cleaning,non-tree
Bank Marketing,feature_noise_targeted,low,MLP,0.900364923144974,0.9018024991706292,0.9019130819418336,0.14375760256551962,0.15481587968596555,automated_cleaning,non-tree
Bank Marketing,feature_noise_targeted,low,Random Forest,0.9033506579674888,0.9051199823067566,0.903018909653876,0.1769324339267797,-0.0331748313612823,automated_cleaning,tree
Bank Marketing,feature_noise_targeted,low,XGBoost,0.9086586309852924,0.9094327103837222,0.9099856242397436,0.07740793984297722,0.1326993254451181,automated_cleaning,tree
Bank Marketing,feature_noise_targeted,medium,Decision Tree,0.8952781156695787,0.8993696782041358,0.8952781156695787,0.4091562534557114,0.0,automated_cleaning,tree
Bank Marketing,feature_noise_targeted,medium,Gaussian Naive Bayes,0.8403184783810682,0.837996240185779,0.8385491540418003,-0.23222381952892057,-0.1769324339267908,automated_cleaning,non-tree
Bank Marketing,feature_noise_targeted,medium,KNN,0.8919606325334513,0.8922923808470641,0.8922923808470641,0.0331748313612823,0.0331748313612823,automated_cleaning,non-tree
Bank Marketing,feature_noise_targeted,medium,LightGBM,0.9062258100187992,0.9067787238748204,0.9053411478491652,0.05529138560211866,-0.08846621696340096,automated_cleaning,tree
Bank Marketing,feature_noise_targeted,medium,Logistic Regression,0.8914077186774301,0.8914077186774301,0.8911865531350216,0.0,-0.022116554240847464,automated_cleaning,non-tree
Bank Marketing,feature_noise_targeted,medium,MLP,0.8991485126617274,0.9018024991706292,0.900364923144974,0.26539865089018067,0.12164104832466105,automated_cleaning,non-tree
Bank Marketing,feature_noise_targeted,medium,Random Forest,0.900364923144974,0.9051199823067566,0.900364923144974,0.4755059161782649,0.0,automated_cleaning,tree
Bank Marketing,feature_noise_targeted,medium,XGBoost,0.9067787238748204,0.9094327103837222,0.9054517306203692,0.26539865089018067,-0.1326993254451181,automated_cleaning,tree
Bank Marketing,imbalanced_feature_distribution,high,Decision Tree,0.8924029636182683,0.8993696782041358,0.8924029636182683,0.6966714585867506,0.0,automated_cleaning,tree
Bank Marketing,imbalanced_feature_distribution,high,Gaussian Naive Bayes,0.8220723211323676,0.837996240185779,0.8049319915957094,1.5923919053411395,-1.7140329536658228,automated_cleaning,non-tree
Bank Marketing,imbalanced_feature_distribution,high,KNN,0.8862103284308305,0.8922923808470641,0.886431493973239,0.6082052416233608,0.022116554240847464,automated_cleaning,non-tree
Bank Marketing,imbalanced_feature_distribution,high,LightGBM,0.9018024991706292,0.9067787238748204,0.8995908437465443,0.49762247041912344,-0.22116554240848574,automated_cleaning,tree
Bank Marketing,imbalanced_feature_distribution,high,Logistic Regression,0.8834457591507243,0.8914077186774301,0.8932876257879022,0.7961959526705753,0.9841866637177898,automated_cleaning,non-tree
Bank Marketing,imbalanced_feature_distribution,high,MLP,0.8939511224151278,0.9018024991706292,0.8945040362711489,0.7851376755501405,0.05529138560211866,automated_cleaning,non-tree
Bank Marketing,imbalanced_feature_distribution,high,Random Forest,0.8966051089240297,0.9051199823067566,0.8964945261528254,0.851487338272694,-0.011058277120423732,automated_cleaning,tree
Bank Marketing,imbalanced_feature_distribution,high,XGBoost,0.901249585314608,0.9094327103837222,0.9010284197721996,0.8183125069114228,-0.02211655424083636,automated_cleaning,tree
Bank Marketing,imbalanced_feature_distribution,low,Decision Tree,0.8900807254229791,0.8993696782041358,0.8901913081941834,0.9288952781156712,0.011058277120423732,automated_cleaning,tree
Bank Marketing,imbalanced_feature_distribution,low,Gaussian Naive Bayes,0.8154373548601128,0.837996240185779,0.8044896605108924,2.255888532566619,-1.0947694349220383,automated_cleaning,non-tree
Bank Marketing,imbalanced_feature_distribution,low,KNN,0.8860997456596262,0.8922923808470641,0.886431493973239,0.6192635187437845,0.033174831361271195,automated_cleaning,non-tree
Bank Marketing,imbalanced_feature_distribution,low,LightGBM,0.9000331748313612,0.9067787238748204,0.8989273471193188,0.6745549043459143,-0.11058277120424842,automated_cleaning,tree
Bank Marketing,imbalanced_feature_distribution,low,Logistic Regression,0.8835563419219286,0.8914077186774301,0.8925135463894726,0.7851376755501516,0.8957204467544,automated_cleaning,non-tree
Bank Marketing,imbalanced_feature_distribution,low,MLP,0.8946146190423532,0.9018024991706292,0.8932876257879022,0.7187880128275981,-0.13269932544509588,automated_cleaning,non-tree
Bank Marketing,imbalanced_feature_distribution,low,Random Forest,0.8962733606104168,0.9051199823067566,0.8963839433816212,0.8846621696339763,0.011058277120434834,automated_cleaning,tree
Bank Marketing,imbalanced_feature_distribution,low,XGBoost,0.8993696782041358,0.9094327103837222,0.9002543403737697,1.0063032179586373,0.08846621696338985,automated_cleaning,tree
Bank Marketing,imbalanced_feature_distribution,medium,Decision Tree,0.8963839433816212,0.8993696782041358,0.8964945261528254,0.29857348225146296,0.011058277120423732,automated_cleaning,tree
Bank Marketing,imbalanced_feature_distribution,medium,Gaussian Naive Bayes,0.8412031405507022,0.837996240185779,0.8264956319805374,-0.32069003649232153,-1.4707508570164785,automated_cleaning,non-tree
Bank Marketing,imbalanced_feature_distribution,medium,KNN,0.8912971359062258,0.8922923808470641,0.8933982085591065,0.09952449408382469,0.210107265288062,automated_cleaning,non-tree
Bank Marketing,imbalanced_feature_distribution,medium,LightGBM,0.909322127612518,0.9067787238748204,0.9083268826716796,-0.25434037376975693,-0.09952449408383579,automated_cleaning,tree
Bank Marketing,imbalanced_feature_distribution,medium,Logistic Regression,0.8920712153046555,0.8914077186774301,0.899037929890523,-0.06634966272254239,0.6966714585867506,automated_cleaning,non-tree
Bank Marketing,imbalanced_feature_distribution,medium,MLP,0.9015813336282208,0.9018024991706292,0.9006966714585868,0.02211655424083636,-0.08846621696340096,automated_cleaning,non-tree
Bank Marketing,imbalanced_feature_distribution,medium,Random Forest,0.9046776512219395,0.9051199823067566,0.904788233993144,0.04423310848170603,0.011058277120445936,automated_cleaning,tree
Bank Marketing,imbalanced_feature_distribution,medium,XGBoost,0.9087692137564968,0.9094327103837222,0.908437465442884,0.06634966272254239,-0.0331748313612823,automated_cleaning,tree
Bank Marketing,invalid_values,high,Decision Tree,0.9006966714585868,0.8993696782041358,0.8945040362711489,-0.13269932544509588,-0.6192635187437845,automated_cleaning,tree
Bank Marketing,invalid_values,high,Gaussian Naive Bayes,0.8655313502156364,0.837996240185779,0.8729403958863209,-2.7535110029857424,0.7409045670684455,automated_cleaning,non-tree
Bank Marketing,invalid_values,high,KNN,0.885546831803605,0.8922923808470641,0.8901913081941834,0.6745549043459032,0.46444763905783004,automated_cleaning,non-tree
Bank Marketing,invalid_values,high,LightGBM,0.9062258100187992,0.9067787238748204,0.9099856242397436,0.05529138560211866,0.3759814220944402,automated_cleaning,tree
Bank Marketing,invalid_values,high,Logistic Regression,0.8828928452947031,0.8914077186774301,0.8896383943381622,0.851487338272694,0.6745549043459032,automated_cleaning,non-tree
Bank Marketing,invalid_values,high,MLP,0.9004755059161783,0.9018024991706292,0.901249585314608,0.13269932544508478,0.07740793984296612,automated_cleaning,non-tree
Bank Marketing,invalid_values,high,Random Forest,0.9001437576025655,0.9051199823067566,0.9032400751962844,0.49762247041911234,0.3096317593718867,automated_cleaning,tree
Bank Marketing,invalid_values,high,XGBoost,0.9085480482140884,0.9094327103837222,0.908879796527701,0.08846621696337875,0.03317483136126009,automated_cleaning,tree
Bank Marketing,invalid_values,low,Decision Tree,0.8976003538648678,0.8993696782041358,0.898595598805706,0.1769324339268019,0.09952449408382469,automated_cleaning,tree
Bank Marketing,invalid_values,low,Gaussian Naive Bayes,0.8677430056397213,0.837996240185779,0.8764790445648568,-2.974676545394228,0.8736038925135525,automated_cleaning,non-tree
Bank Marketing,invalid_values,low,KNN,0.8910759703638174,0.8922923808470641,0.8900807254229791,0.12164104832467215,-0.09952449408382469,automated_cleaning,non-tree
Bank Marketing,invalid_values,low,LightGBM,0.908879796527701,0.9067787238748204,0.9082162999004756,-0.210107265288062,-0.06634966272254239,automated_cleaning,tree
Bank Marketing,invalid_values,low,Logistic Regression,0.8828928452947031,0.8914077186774301,0.8896383943381622,0.851487338272694,0.6745549043459032,automated_cleaning,non-tree
Bank Marketing,invalid_values,low,MLP,0.899922592060157,0.9018024991706292,0.900364923144974,0.18799071104721454,0.04423310848169493,automated_cleaning,non-tree
Bank Marketing,invalid_values,low,Random Forest,0.9020236647130376,0.9051199823067566,0.9026871613402632,0.3096317593718978,0.06634966272255349,automated_cleaning,tree
Bank Marketing,invalid_values,low,XGBoost,0.9094327103837222,0.9094327103837222,0.9087692137564968,0.0,-0.06634966272254239,automated_cleaning,tree
Bank Marketing,invalid_values,medium,Decision Tree,0.8979321021784806,0.8993696782041358,0.8973791883224593,0.14375760256551962,-0.05529138560212976,automated_cleaning,tree
Bank Marketing,invalid_values,medium,Gaussian Naive Bayes,0.836669246931328,0.837996240185779,0.8728298131151166,0.13269932544509588,3.61605661837886,automated_cleaning,non-tree
Bank Marketing,invalid_values,medium,KNN,0.8896383943381622,0.8922923808470641,0.8893066460245493,0.26539865089019177,-0.0331748313612823,automated_cleaning,non-tree
Bank Marketing,invalid_values,medium,LightGBM,0.909322127612518,0.9067787238748204,0.9087692137564968,-0.25434037376975693,-0.05529138560211866,automated_cleaning,tree
Bank Marketing,invalid_values,medium,Logistic Regression,0.8828928452947031,0.8914077186774301,0.8896383943381622,0.851487338272694,0.6745549043459032,automated_cleaning,non-tree
Bank Marketing,invalid_values,medium,MLP,0.9025765785690588,0.9018024991706292,0.9014707508570164,-0.07740793984296612,-0.11058277120423732,automated_cleaning,non-tree
Bank Marketing,invalid_values,medium,Random Forest,0.899922592060157,0.9051199823067566,0.9051199823067566,0.5197390246599598,0.5197390246599598,automated_cleaning,tree
Bank Marketing,invalid_values,medium,XGBoost,0.9077739688156584,0.9094327103837222,0.9104279553245604,0.16587415680637818,0.26539865089020287,automated_cleaning,tree
Bank Marketing,label_noise,high,Decision Tree,0.893177043016698,0.8993696782041358,,0.6192635187437845,,external_intervention,tree
Bank Marketing,label_noise,high,Gaussian Naive Bayes,0.8625456153931218,0.837996240185779,,-2.4549375207342794,,external_intervention,non-tree
Bank Marketing,label_noise,high,KNN,0.8634302775627557,0.8922923808470641,,2.8862103284308382,,external_intervention,non-tree
Bank Marketing,label_noise,high,LightGBM,0.9072210549596372,0.9067787238748204,,-0.044233108481683825,,external_intervention,tree
Bank Marketing,label_noise,high,Logistic Regression,0.8888643149397324,0.8914077186774301,,0.25434037376976804,,external_intervention,non-tree
Bank Marketing,label_noise,high,MLP,0.8970474400088466,0.9018024991706292,,0.4755059161782538,,external_intervention,non-tree
Bank Marketing,label_noise,high,Random Forest,0.9032400751962844,0.9051199823067566,,0.18799071104722564,,external_intervention,tree
Bank Marketing,label_noise,high,XGBoost,0.905783478933982,0.9094327103837222,,0.36492314497401646,,external_intervention,tree
Bank Marketing,label_noise,low,Decision Tree,0.8970474400088466,0.8993696782041358,,0.23222381952892057,,external_intervention,tree
Bank Marketing,label_noise,low,Gaussian Naive Bayes,0.8389914851266173,0.837996240185779,,-0.09952449408382469,,external_intervention,non-tree
Bank Marketing,label_noise,low,KNN,0.8885325666261197,0.8922923808470641,,0.3759814220944402,,external_intervention,non-tree
Bank Marketing,label_noise,low,LightGBM,0.90755280327325,0.9067787238748204,,-0.07740793984296612,,external_intervention,tree
Bank Marketing,label_noise,low,Logistic Regression,0.8904124737365918,0.8914077186774301,,0.09952449408382469,,external_intervention,non-tree
Bank Marketing,label_noise,low,MLP,0.8972686055512551,0.9018024991706292,,0.4533893619374063,,external_intervention,non-tree
Bank Marketing,label_noise,low,Random Forest,0.904898816764348,0.9051199823067566,,0.022116554240858566,,external_intervention,tree
Bank Marketing,label_noise,low,XGBoost,0.9082162999004756,0.9094327103837222,,0.12164104832466105,,external_intervention,tree
Bank Marketing,label_noise,medium,Decision Tree,0.8907442220502045,0.8993696782041358,,0.8625456153931288,,external_intervention,tree
Bank Marketing,label_noise,medium,Gaussian Naive Bayes,0.8458476169412805,0.837996240185779,,-0.7851376755501516,,external_intervention,non-tree
Bank Marketing,label_noise,medium,KNN,0.8793541966161672,0.8922923808470641,,1.2938184230896876,,external_intervention,non-tree
Bank Marketing,label_noise,medium,LightGBM,0.9065575583324118,0.9067787238748204,,0.022116554240858566,,external_intervention,tree
Bank Marketing,label_noise,medium,Logistic Regression,0.8888643149397324,0.8914077186774301,,0.25434037376976804,,external_intervention,non-tree
Bank Marketing,label_noise,medium,MLP,0.8973791883224593,0.9018024991706292,,0.4423310848169826,,external_intervention,non-tree
Bank Marketing,label_noise,medium,Random Forest,0.9013601680858122,0.9051199823067566,,0.3759814220944402,,external_intervention,tree
Bank Marketing,label_noise,medium,XGBoost,0.9058940617051864,0.9094327103837222,,0.3538648678535816,,external_intervention,tree
Bank Marketing,label_noise_asymmetric,high,Decision Tree,0.8814552692690479,0.8993696782041358,,1.7914408935087889,,external_intervention,tree
Bank Marketing,label_noise_asymmetric,high,Gaussian Naive Bayes,0.8790224483025545,0.837996240185779,,-4.102620811677548,,external_intervention,non-tree
Bank Marketing,label_noise_asymmetric,high,KNN,0.8845515868627668,0.8922923808470641,,0.7740793984297278,,external_intervention,non-tree
Bank Marketing,label_noise_asymmetric,high,LightGBM,0.8836669246931328,0.9067787238748204,,2.31117991816876,,external_intervention,tree
Bank Marketing,label_noise_asymmetric,high,Logistic Regression,0.8828928452947031,0.8914077186774301,,0.851487338272694,,external_intervention,non-tree
Bank Marketing,label_noise_asymmetric,high,MLP,0.8834457591507243,0.9018024991706292,,1.8356740019904838,,external_intervention,non-tree
Bank Marketing,label_noise_asymmetric,high,Random Forest,0.8830034280659074,0.9051199823067566,,2.211655424084924,,external_intervention,tree
Bank Marketing,label_noise_asymmetric,high,XGBoost,0.8830034280659074,0.9094327103837222,,2.642928231781483,,external_intervention,tree
Bank Marketing,label_noise_asymmetric,low,Decision Tree,0.8872055733716687,0.8993696782041358,,1.2164104832467104,,external_intervention,tree
Bank Marketing,label_noise_asymmetric,low,Gaussian Naive Bayes,0.8646466880460024,0.837996240185779,,-2.6650447860223414,,external_intervention,non-tree
Bank Marketing,label_noise_asymmetric,low,KNN,0.886431493973239,0.8922923808470641,,0.5860886873825133,,external_intervention,non-tree
Bank Marketing,label_noise_asymmetric,low,LightGBM,0.8890854804821409,0.9067787238748204,,1.7693243392679525,,external_intervention,tree
Bank Marketing,label_noise_asymmetric,low,Logistic Regression,0.8834457591507243,0.8914077186774301,,0.7961959526705753,,external_intervention,non-tree
Bank Marketing,label_noise_asymmetric,low,MLP,0.8875373216852814,0.9018024991706292,,1.4265177485347724,,external_intervention,non-tree
Bank Marketing,label_noise_asymmetric,low,Random Forest,0.8843304213203583,0.9051199823067566,,2.078956098639828,,external_intervention,tree
Bank Marketing,label_noise_asymmetric,low,XGBoost,0.8904124737365918,0.9094327103837222,,1.9020236647130373,,external_intervention,tree
Bank Marketing,label_noise_asymmetric,medium,Decision Tree,0.8828928452947031,0.8993696782041358,,1.6476832909432693,,external_intervention,tree
Bank Marketing,label_noise_asymmetric,medium,Gaussian Naive Bayes,0.8774742895056951,0.837996240185779,,-3.9478049319916053,,external_intervention,non-tree
Bank Marketing,label_noise_asymmetric,medium,KNN,0.8842198385491541,0.8922923808470641,,0.807254229790999,,external_intervention,non-tree
Bank Marketing,label_noise_asymmetric,medium,LightGBM,0.8833351763795201,0.9067787238748204,,2.344354749530031,,external_intervention,tree
Bank Marketing,label_noise_asymmetric,medium,Logistic Regression,0.8831140108371116,0.8914077186774301,,0.8293707840318465,,external_intervention,non-tree
Bank Marketing,label_noise_asymmetric,medium,MLP,0.8827822625234988,0.9018024991706292,,1.9020236647130373,,external_intervention,non-tree
Bank Marketing,label_noise_asymmetric,medium,Random Forest,0.8830034280659074,0.9051199823067566,,2.211655424084924,,external_intervention,tree
Bank Marketing,label_noise_asymmetric,medium,XGBoost,0.8828928452947031,0.9094327103837222,,2.6539865089019066,,external_intervention,tree
Bank Marketing,missing_values,high,Decision Tree,0.8920712153046555,0.8993696782041358,0.8994802609753401,0.7298462899480329,0.7409045670684566,automated_cleaning,tree
Bank Marketing,missing_values,high,Gaussian Naive Bayes,0.8471746101957315,0.837996240185779,0.8157691031737255,-0.9178370009952475,-3.140550702200595,automated_cleaning,non-tree
Bank Marketing,missing_values,high,KNN,0.8894172287957536,0.8922923808470641,0.8893066460245493,0.28751520513105033,-0.011058277120423732,automated_cleaning,non-tree
Bank Marketing,missing_values,high,LightGBM,0.9045670684507354,0.9067787238748204,0.9053411478491652,0.22116554240849684,0.07740793984297722,automated_cleaning,tree
Bank Marketing,missing_values,high,Logistic Regression,0.8887537321685282,0.8914077186774301,0.8907442220502045,0.26539865089019177,0.19904898816763827,automated_cleaning,non-tree
Bank Marketing,missing_values,high,MLP,0.8976003538648678,0.9018024991706292,0.8980426849496849,0.4202145305761351,0.04423310848170603,automated_cleaning,non-tree
Bank Marketing,missing_values,high,Random Forest,0.9034612407386928,0.9051199823067566,0.8995908437465443,0.16587415680637818,-0.3870396992148528,automated_cleaning,tree
Bank Marketing,missing_values,high,XGBoost,0.9074422205020458,0.9094327103837222,0.9056728961627778,0.19904898816763827,-0.1769324339268019,automated_cleaning,tree
Bank Marketing,missing_values,low,Decision Tree,0.9005860886873825,0.8993696782041358,0.8933982085591065,-0.12164104832467215,-0.7187880128276092,automated_cleaning,tree
Bank Marketing,missing_values,low,Gaussian Naive Bayes,0.853698993696782,0.837996240185779,0.8313612739135243,-1.5702753511003031,-2.2337719783257715,automated_cleaning,non-tree
Bank Marketing,missing_values,low,KNN,0.8912971359062258,0.8922923808470641,0.894061705186332,0.09952449408382469,0.2764569280106155,automated_cleaning,non-tree
Bank Marketing,missing_values,low,LightGBM,0.9078845515868628,0.9067787238748204,0.909322127612518,-0.11058277120423732,0.14375760256551962,automated_cleaning,tree
Bank Marketing,missing_values,low,Logistic Regression,0.8891960632533451,0.8914077186774301,0.8914077186774301,0.22116554240849684,0.22116554240849684,automated_cleaning,non-tree
Bank Marketing,missing_values,low,MLP,0.8988167643481145,0.9018024991706292,0.9006966714585868,0.29857348225146296,0.18799071104722564,automated_cleaning,non-tree
Bank Marketing,missing_values,low,Random Forest,0.904788233993144,0.9051199823067566,0.9023554130266505,0.03317483136126009,-0.2432820966493554,automated_cleaning,tree
Bank Marketing,missing_values,low,XGBoost,0.908879796527701,0.9094327103837222,0.9104279553245604,0.05529138560211866,0.15481587968594335,automated_cleaning,tree
Bank Marketing,missing_values,medium,Decision Tree,0.8921817980758597,0.8993696782041358,0.8941722879575362,0.7187880128276092,0.19904898816764938,automated_cleaning,tree
Bank Marketing,missing_values,medium,Gaussian Naive Bayes,0.8600022116554241,0.837996240185779,0.8243945593276567,-2.2005971469645114,-3.5607652327767414,automated_cleaning,non-tree
Bank Marketing,missing_values,medium,KNN,0.8889748977109366,0.8922923808470641,0.893177043016698,0.33174831361274526,0.4202145305761351,automated_cleaning,non-tree
Bank Marketing,missing_values,medium,LightGBM,0.9076633860444544,0.9067787238748204,0.9061152272475947,-0.08846621696340096,-0.15481587968596555,automated_cleaning,tree
Bank Marketing,missing_values,medium,Logistic Regression,0.8883114010837112,0.8914077186774301,0.8906336392790003,0.3096317593718867,0.23222381952890947,automated_cleaning,non-tree
Bank Marketing,missing_values,medium,MLP,0.8971580227800509,0.9018024991706292,0.8949463673559659,0.46444763905783004,-0.22116554240849684,automated_cleaning,non-tree
Bank Marketing,missing_values,medium,Random Forest,0.9023554130266505,0.9051199823067566,0.9014707508570164,0.2764569280106155,-0.08846621696340096,automated_cleaning,tree
Bank Marketing,missing_values,medium,XGBoost,0.906668141103616,0.9094327103837222,0.906668141103616,0.2764569280106155,0.0,automated_cleaning,tree
Bank Marketing,missing_values_mnar,high,Decision Tree,0.8830034280659074,0.8993696782041358,0.8823399314386818,1.6366250138228455,-0.06634966272255349,automated_cleaning,tree
Bank Marketing,missing_values_mnar,high,Gaussian Naive Bayes,0.8830034280659074,0.837996240185779,0.8003980979763353,-4.500718788012836,-8.260533008957205,automated_cleaning,non-tree
Bank Marketing,missing_values_mnar,high,KNN,0.8830034280659074,0.8922923808470641,0.8818976003538649,0.9288952781156712,-0.11058277120424842,automated_cleaning,non-tree
Bank Marketing,missing_values_mnar,high,LightGBM,0.8830034280659074,0.9067787238748204,0.8835563419219286,2.377529580891302,0.05529138560211866,automated_cleaning,tree
Bank Marketing,missing_values_mnar,high,Logistic Regression,0.8830034280659074,0.8914077186774301,0.8826716797522945,0.8404290611522702,-0.0331748313612823,automated_cleaning,non-tree
Bank Marketing,missing_values_mnar,high,MLP,0.8830034280659074,0.9018024991706292,0.8827822625234988,1.8799071104721787,-0.022116554240858566,automated_cleaning,non-tree
Bank Marketing,missing_values_mnar,high,Random Forest,0.8830034280659074,0.9051199823067566,0.8835563419219286,2.211655424084924,0.05529138560211866,automated_cleaning,tree
Bank Marketing,missing_values_mnar,high,XGBoost,0.8830034280659074,0.9094327103837222,0.8832245936083158,2.642928231781483,0.022116554240847464,automated_cleaning,tree
Bank Marketing,missing_values_mnar,low,Decision Tree,0.8830034280659074,0.8993696782041358,0.8937299568727193,1.6366250138228455,1.0726528806811908,automated_cleaning,tree
Bank Marketing,missing_values_mnar,low,Gaussian Naive Bayes,0.885989162888422,0.837996240185779,0.8441888753732169,-4.799292270264299,-4.180028751520515,automated_cleaning,non-tree
Bank Marketing,missing_values_mnar,low,KNN,0.8831140108371116,0.8922923808470641,0.8849939179475838,0.9178370009952475,0.18799071104721454,automated_cleaning,non-tree
Bank Marketing,missing_values_mnar,low,LightGBM,0.8830034280659074,0.9067787238748204,0.8898595598805706,2.377529580891302,0.6856131814663269,automated_cleaning,tree
Bank Marketing,missing_values_mnar,low,Logistic Regression,0.8827822625234988,0.8914077186774301,0.8870949906004645,0.8625456153931288,0.43127280769656995,automated_cleaning,non-tree
Bank Marketing,missing_values_mnar,low,MLP,0.8828928452947031,0.9018024991706292,0.8888643149397324,1.8909653875926025,0.5971469645029259,automated_cleaning,non-tree
Bank Marketing,missing_values_mnar,low,Random Forest,0.8830034280659074,0.9051199823067566,0.8937299568727193,2.211655424084924,1.0726528806811908,automated_cleaning,tree
Bank Marketing,missing_values_mnar,low,XGBoost,0.8830034280659074,0.9094327103837222,0.8904124737365918,2.642928231781483,0.7409045670684455,automated_cleaning,tree
Bank Marketing,missing_values_mnar,medium,Decision Tree,0.8830034280659074,0.8993696782041358,0.8834457591507243,1.6366250138228455,0.04423310848169493,automated_cleaning,tree
Bank Marketing,missing_values_mnar,medium,Gaussian Naive Bayes,0.8841092557779497,0.837996240185779,0.77109366360721,-4.611301559217074,-11.301559217073976,automated_cleaning,non-tree
Bank Marketing,missing_values_mnar,medium,KNN,0.8830034280659074,0.8922923808470641,0.8825610969810903,0.9288952781156712,-0.04423310848170603,automated_cleaning,non-tree
Bank Marketing,missing_values_mnar,medium,LightGBM,0.8830034280659074,0.9067787238748204,0.8843304213203583,2.377529580891302,0.13269932544509588,automated_cleaning,tree
Bank Marketing,missing_values_mnar,medium,Logistic Regression,0.8830034280659074,0.8914077186774301,0.8835563419219286,0.8404290611522702,0.05529138560211866,automated_cleaning,non-tree
Bank Marketing,missing_values_mnar,medium,MLP,0.8830034280659074,0.9018024991706292,0.8832245936083158,1.8799071104721787,0.022116554240847464,automated_cleaning,non-tree
Bank Marketing,missing_values_mnar,medium,Random Forest,0.8830034280659074,0.9051199823067566,0.885104500718788,2.211655424084924,0.210107265288062,automated_cleaning,tree
Bank Marketing,missing_values_mnar,medium,XGBoost,0.8830034280659074,0.9094327103837222,0.8841092557779497,2.642928231781483,0.11058277120423732,automated_cleaning,tree
Bank Marketing,outliers,high,Decision Tree,0.8956098639831914,0.8993696782041358,0.8957204467543957,0.3759814220944402,0.011058277120423732,automated_cleaning,tree
Bank Marketing,outliers,high,Gaussian Naive Bayes,0.8764790445648568,0.837996240185779,0.8764790445648568,-3.8482804379077806,0.0,automated_cleaning,non-tree
Bank Marketing,outliers,high,KNN,0.8896383943381622,0.8922923808470641,0.8895278115669578,0.26539865089019177,-0.011058277120434834,automated_cleaning,non-tree
Bank Marketing,outliers,high,LightGBM,0.9083268826716796,0.9067787238748204,0.9044564856795312,-0.15481587968592114,-0.3870396992148417,automated_cleaning,tree
Bank Marketing,outliers,high,Logistic Regression,0.8833351763795201,0.8914077186774301,0.8858785801172178,0.807254229790999,0.25434037376976804,automated_cleaning,non-tree
Bank Marketing,outliers,high,MLP,0.8968262744664381,0.9018024991706292,0.8968262744664381,0.49762247041910124,0.0,automated_cleaning,non-tree
Bank Marketing,outliers,high,Random Forest,0.8992590954329316,0.9051199823067566,0.8981532677208891,0.5860886873825022,-0.11058277120424842,automated_cleaning,tree
Bank Marketing,outliers,high,XGBoost,0.9091009620701096,0.9094327103837222,0.9069998894172288,0.03317483136126009,-0.2101072652880842,automated_cleaning,tree
Bank Marketing,outliers,low,Decision Tree,0.8997014265177485,0.8993696782041358,0.8972686055512551,-0.033174831361271195,-0.2432820966493443,automated_cleaning,tree
Bank Marketing,outliers,low,Gaussian Naive Bayes,0.8479486895941613,0.837996240185779,0.8531460798407609,-0.9952449408382247,0.5197390246599598,automated_cleaning,non-tree
Bank Marketing,outliers,low,KNN,0.8924029636182683,0.8922923808470641,0.8903018909653876,-0.011058277120423732,-0.2101072652880731,automated_cleaning,non-tree
Bank Marketing,outliers,low,LightGBM,0.9064469755612076,0.9067787238748204,0.9056728961627778,0.0331748313612823,-0.07740793984297722,automated_cleaning,tree
Bank Marketing,outliers,low,Logistic Regression,0.8905230565077961,0.8914077186774301,0.8880902355413026,0.08846621696340096,-0.2432820966493443,automated_cleaning,non-tree
Bank Marketing,outliers,low,MLP,0.900364923144974,0.9018024991706292,0.8998120092889528,0.14375760256551962,-0.05529138560211866,automated_cleaning,non-tree
Bank Marketing,outliers,low,Random Forest,0.90390357182351,0.9051199823067566,0.9014707508570164,0.12164104832466105,-0.2432820966493554,automated_cleaning,tree
Bank Marketing,outliers,low,XGBoost,0.9094327103837222,0.9094327103837222,0.9045670684507354,0.0,-0.4865641932986775,automated_cleaning,tree
Bank Marketing,outliers,medium,Decision Tree,0.8933982085591065,0.8993696782041358,0.8933982085591065,0.597146964502937,0.0,automated_cleaning,tree
Bank Marketing,outliers,medium,Gaussian Naive Bayes,0.8737144752847507,0.837996240185779,0.870728740462236,-3.571823509897165,-0.29857348225146296,automated_cleaning,non-tree
Bank Marketing,outliers,medium,KNN,0.8890854804821409,0.8922923808470641,0.8905230565077961,0.32069003649232153,0.14375760256551962,automated_cleaning,non-tree
Bank Marketing,outliers,medium,LightGBM,0.9053411478491652,0.9067787238748204,0.9043459029083268,0.14375760256551962,-0.09952449408383579,automated_cleaning,tree
Bank Marketing,outliers,medium,Logistic Regression,0.885104500718788,0.8914077186774301,0.8885325666261197,0.6303217958642082,0.342806590733169,automated_cleaning,non-tree
Bank Marketing,outliers,medium,MLP,0.8991485126617274,0.9018024991706292,0.8967156916952339,0.26539865089018067,-0.2432820966493443,automated_cleaning,non-tree
Bank Marketing,outliers,medium,Random Forest,0.8997014265177485,0.9051199823067566,0.8989273471193188,0.5418555789008073,-0.07740793984297722,automated_cleaning,tree
Bank Marketing,outliers,medium,XGBoost,0.9077739688156584,0.9094327103837222,0.9061152272475947,0.16587415680637818,-0.16587415680636708,automated_cleaning,tree
Bank Marketing,outliers_targeted,high,Decision Tree,0.8974897710936636,0.8993696782041358,0.8914077186774301,0.18799071104722564,-0.6082052416233497,automated_cleaning,tree
Bank Marketing,outliers_targeted,high,Gaussian Naive Bayes,0.846068782483689,0.837996240185779,0.8524825832135353,-0.807254229790999,0.641380072984632,automated_cleaning,non-tree
Bank Marketing,outliers_targeted,high,KNN,0.8887537321685282,0.8922923808470641,0.8890854804821409,0.3538648678535927,0.033174831361271195,automated_cleaning,non-tree
Bank Marketing,outliers_targeted,high,LightGBM,0.9065575583324118,0.9067787238748204,0.9046776512219395,0.022116554240858566,-0.18799071104722564,automated_cleaning,tree
Bank Marketing,outliers_targeted,high,Logistic Regression,0.8830034280659074,0.8914077186774301,0.8834457591507243,0.8404290611522702,0.04423310848169493,automated_cleaning,non-tree
Bank Marketing,outliers_targeted,high,MLP,0.8951675328983745,0.9018024991706292,0.8959416122968041,0.6634966272254683,0.07740793984296612,automated_cleaning,non-tree
Bank Marketing,outliers_targeted,high,Random Forest,0.8973791883224593,0.9051199823067566,0.8971580227800509,0.7740793984297278,-0.022116554240847464,automated_cleaning,tree
Bank Marketing,outliers_targeted,high,XGBoost,0.90755280327325,0.9094327103837222,0.9050093995355524,0.18799071104721454,-0.25434037376976804,automated_cleaning,tree
Bank Marketing,outliers_targeted,low,Decision Tree,0.8957204467543957,0.8993696782041358,0.894061705186332,0.36492314497401646,-0.16587415680636708,automated_cleaning,tree
Bank Marketing,outliers_targeted,low,Gaussian Naive Bayes,0.8512661727302886,0.837996240185779,0.8600022116554241,-1.3269932544509588,0.8736038925135525,automated_cleaning,non-tree
Bank Marketing,outliers_targeted,low,KNN,0.8930664602454937,0.8922923808470641,0.8919606325334513,-0.07740793984296612,-0.11058277120424842,automated_cleaning,non-tree
Bank Marketing,outliers_targeted,low,LightGBM,0.9095432931549264,0.9067787238748204,0.904788233993144,-0.2764569280106044,-0.47550591617824267,automated_cleaning,tree
Bank Marketing,outliers_targeted,low,Logistic Regression,0.8875373216852814,0.8914077186774301,0.8884219838549154,0.3870396992148639,0.08846621696340096,automated_cleaning,non-tree
Bank Marketing,outliers_targeted,low,MLP,0.8981532677208891,0.9018024991706292,0.8992590954329316,0.36492314497400535,0.11058277120424842,automated_cleaning,non-tree
Bank Marketing,outliers_targeted,low,Random Forest,0.9009178370009951,0.9051199823067566,0.9009178370009951,0.4202145305761462,0.0,automated_cleaning,tree
Bank Marketing,outliers_targeted,low,XGBoost,0.9096538759261308,0.9094327103837222,0.907995134358067,-0.022116554240858566,-0.16587415680637818,automated_cleaning,tree
Bank Marketing,outliers_targeted,medium,Decision Tree,0.8947252018135574,0.8993696782041358,0.8922923808470641,0.46444763905784114,-0.2432820966493332,automated_cleaning,tree
Bank Marketing,outliers_targeted,medium,Gaussian Naive Bayes,0.8531460798407609,0.837996240185779,0.865310184673228,-1.5149839654981845,1.2164104832467104,automated_cleaning,non-tree
Bank Marketing,outliers_targeted,medium,KNN,0.885989162888422,0.8922923808470641,0.8878690699988941,0.6303217958642082,0.18799071104721454,automated_cleaning,non-tree
Bank Marketing,outliers_targeted,medium,LightGBM,0.9062258100187992,0.9067787238748204,0.903018909653876,0.05529138560211866,-0.32069003649232153,automated_cleaning,tree
Bank Marketing,outliers_targeted,medium,Logistic Regression,0.8830034280659074,0.8914077186774301,0.8862103284308305,0.8404290611522702,0.3206900364923104,automated_cleaning,non-tree
Bank Marketing,outliers_targeted,medium,MLP,0.8962733606104168,0.9018024991706292,0.8950569501271702,0.552913856021231,-0.12164104832466105,automated_cleaning,non-tree
Bank Marketing,outliers_targeted,medium,Random Forest,0.8997014265177485,0.9051199823067566,0.8982638504920933,0.5418555789008073,-0.14375760256551962,automated_cleaning,tree
Bank Marketing,outliers_targeted,medium,XGBoost,0.9069998894172288,0.9094327103837222,0.9045670684507354,0.2432820966493443,-0.2432820966493332,automated_cleaning,tree
Bank Marketing,provenance_issues,high,Decision Tree,0.8971580227800509,0.8993696782041358,,0.22116554240849684,,external_intervention,tree
Bank Marketing,provenance_issues,high,Gaussian Naive Bayes,0.8492756828486122,0.837996240185779,,-1.1279442662833206,,external_intervention,non-tree
Bank Marketing,provenance_issues,high,KNN,0.8903018909653876,0.8922923808470641,,0.19904898816764938,,external_intervention,non-tree
Bank Marketing,provenance_issues,high,LightGBM,0.9051199823067566,0.9067787238748204,,0.16587415680637818,,external_intervention,tree
Bank Marketing,provenance_issues,high,Logistic Regression,0.8889748977109366,0.8914077186774301,,0.2432820966493443,,external_intervention,non-tree
Bank Marketing,provenance_issues,high,MLP,0.9016919163994248,0.9018024991706292,,0.011058277120434834,,external_intervention,non-tree
Bank Marketing,provenance_issues,high,Random Forest,0.9020236647130376,0.9051199823067566,,0.3096317593718978,,external_intervention,tree
Bank Marketing,provenance_issues,high,XGBoost,0.9092115448413136,0.9094327103837222,,0.022116554240858566,,external_intervention,tree
Bank Marketing,provenance_issues,low,Decision Tree,0.8968262744664381,0.8993696782041358,,0.25434037376976804,,external_intervention,tree
Bank Marketing,provenance_issues,low,Gaussian Naive Bayes,0.8436359615171957,0.837996240185779,,-0.5639721331416658,,external_intervention,non-tree
Bank Marketing,provenance_issues,low,KNN,0.8910759703638174,0.8922923808470641,,0.12164104832467215,,external_intervention,non-tree
Bank Marketing,provenance_issues,low,LightGBM,0.9061152272475947,0.9067787238748204,,0.0663496627225646,,external_intervention,tree
Bank Marketing,provenance_issues,low,Logistic Regression,0.8904124737365918,0.8914077186774301,,0.09952449408382469,,external_intervention,non-tree
Bank Marketing,provenance_issues,low,MLP,0.8998120092889528,0.9018024991706292,,0.19904898816763827,,external_intervention,non-tree
Bank Marketing,provenance_issues,low,Random Forest,0.9027977441114674,0.9051199823067566,,0.23222381952892057,,external_intervention,tree
Bank Marketing,provenance_issues,low,XGBoost,0.9068893066460244,0.9094327103837222,,0.25434037376977914,,external_intervention,tree
Bank Marketing,provenance_issues,medium,Decision Tree,0.8987061815769103,0.8993696782041358,,0.06634966272255349,,external_intervention,tree
Bank Marketing,provenance_issues,medium,Gaussian Naive Bayes,0.8470640274245272,0.837996240185779,,-0.9067787238748237,,external_intervention,non-tree
Bank Marketing,provenance_issues,medium,KNN,0.891850049762247,0.8922923808470641,,0.04423310848170603,,external_intervention,non-tree
Bank Marketing,provenance_issues,medium,LightGBM,0.905783478933982,0.9067787238748204,,0.09952449408383579,,external_intervention,tree
Bank Marketing,provenance_issues,medium,Logistic Regression,0.8896383943381622,0.8914077186774301,,0.1769324339267908,,external_intervention,non-tree
Bank Marketing,provenance_issues,medium,MLP,0.9005860886873825,0.9018024991706292,,0.12164104832466105,,external_intervention,non-tree
Bank Marketing,provenance_issues,medium,Random Forest,0.9041247373659184,0.9051199823067566,,0.09952449408382469,,external_intervention,tree
Bank Marketing,provenance_issues,medium,XGBoost,0.9078845515868628,0.9094327103837222,,0.15481587968594335,,external_intervention,tree
Bank Marketing,redundant_features,high,Decision Tree,0.8872055733716687,0.8993696782041358,0.8987061815769103,1.2164104832467104,1.150060820524157,automated_cleaning,tree
Bank Marketing,redundant_features,high,Gaussian Naive Bayes,0.8281543735486011,0.837996240185779,0.837996240185779,0.9841866637177898,0.9841866637177898,automated_cleaning,non-tree
Bank Marketing,redundant_features,high,KNN,0.8928452947030853,0.8922923808470641,0.8922923808470641,-0.05529138560211866,-0.05529138560211866,automated_cleaning,non-tree
Bank Marketing,redundant_features,high,LightGBM,0.908879796527701,0.9067787238748204,0.9067787238748204,-0.210107265288062,-0.210107265288062,automated_cleaning,tree
Bank Marketing,redundant_features,high,Logistic Regression,0.8901913081941834,0.8914077186774301,0.8914077186774301,0.12164104832467215,0.12164104832467215,automated_cleaning,non-tree
Bank Marketing,redundant_features,high,MLP,0.8939511224151278,0.9018024991706292,0.898595598805706,0.7851376755501405,0.46444763905783004,automated_cleaning,non-tree
Bank Marketing,redundant_features,high,Random Forest,0.9000331748313612,0.9051199823067566,0.9027977441114674,0.5086807475395361,0.2764569280106155,automated_cleaning,tree
Bank Marketing,redundant_features,high,XGBoost,0.90755280327325,0.9094327103837222,0.9094327103837222,0.18799071104721454,0.18799071104721454,automated_cleaning,tree
Bank Marketing,redundant_features,low,Decision Tree,0.8997014265177485,0.8993696782041358,0.8993696782041358,-0.033174831361271195,-0.033174831361271195,automated_cleaning,tree
Bank Marketing,redundant_features,low,Gaussian Naive Bayes,0.8449629547716466,0.837996240185779,0.837996240185779,-0.6966714585867617,-0.6966714585867617,automated_cleaning,non-tree
Bank Marketing,redundant_features,low,KNN,0.8900807254229791,0.8922923808470641,0.8922923808470641,0.22116554240849684,0.22116554240849684,automated_cleaning,non-tree
Bank Marketing,redundant_features,low,LightGBM,0.9089903792989052,0.9067787238748204,0.9067787238748204,-0.22116554240848574,-0.22116554240848574,automated_cleaning,tree
Bank Marketing,redundant_features,low,Logistic Regression,0.8916288842198385,0.8914077186774301,0.8914077186774301,-0.022116554240847464,-0.022116554240847464,automated_cleaning,non-tree
Bank Marketing,redundant_features,low,MLP,0.8991485126617274,0.9018024991706292,0.9018024991706292,0.26539865089018067,0.26539865089018067,automated_cleaning,non-tree
Bank Marketing,redundant_features,low,Random Forest,0.903018909653876,0.9051199823067566,0.9051199823067566,0.210107265288062,0.210107265288062,automated_cleaning,tree
Bank Marketing,redundant_features,low,XGBoost,0.9091009620701096,0.9094327103837222,0.9094327103837222,0.03317483136126009,0.03317483136126009,automated_cleaning,tree
Bank Marketing,redundant_features,medium,Decision Tree,0.8995908437465443,0.8993696782041358,0.8995908437465443,-0.022116554240847464,0.0,automated_cleaning,tree
Bank Marketing,redundant_features,medium,Gaussian Naive Bayes,0.837996240185779,0.837996240185779,0.837996240185779,0.0,0.0,automated_cleaning,non-tree
Bank Marketing,redundant_features,medium,KNN,0.8922923808470641,0.8922923808470641,0.8922923808470641,0.0,0.0,automated_cleaning,non-tree
Bank Marketing,redundant_features,medium,LightGBM,0.9067787238748204,0.9067787238748204,0.9067787238748204,0.0,0.0,automated_cleaning,tree
Bank Marketing,redundant_features,medium,Logistic Regression,0.8914077186774301,0.8914077186774301,0.8914077186774301,0.0,0.0,automated_cleaning,non-tree
Bank Marketing,redundant_features,medium,MLP,0.9020236647130376,0.9018024991706292,0.9020236647130376,-0.022116554240847464,0.0,automated_cleaning,non-tree
Bank Marketing,redundant_features,medium,Random Forest,0.9014707508570164,0.9051199823067566,0.9014707508570164,0.36492314497401646,0.0,automated_cleaning,tree
Bank Marketing,redundant_features,medium,XGBoost,0.9094327103837222,0.9094327103837222,0.9094327103837222,0.0,0.0,automated_cleaning,tree
Bank Marketing,typographical_errors,high,Decision Tree,0.8963839433816212,0.8993696782041358,0.8976003538648678,0.29857348225146296,0.12164104832466105,automated_cleaning,tree
Bank Marketing,typographical_errors,high,Gaussian Naive Bayes,0.8481698551365697,0.837996240185779,0.8418666371779276,-1.0173614950790721,-0.6303217958642082,automated_cleaning,non-tree
Bank Marketing,typographical_errors,high,KNN,0.8919606325334513,0.8922923808470641,0.8919606325334513,0.0331748313612823,0.0,automated_cleaning,non-tree
Bank Marketing,typographical_errors,high,LightGBM,0.908879796527701,0.9067787238748204,0.908437465442884,-0.210107265288062,-0.04423310848170603,automated_cleaning,tree
Bank Marketing,typographical_errors,high,Logistic Regression,0.8914077186774301,0.8914077186774301,0.8909653875926131,0.0,-0.04423310848169493,automated_cleaning,non-tree
Bank Marketing,typographical_errors,high,MLP,0.8972686055512551,0.9018024991706292,0.8976003538648678,0.4533893619374063,0.033174831361271195,automated_cleaning,non-tree
Bank Marketing,typographical_errors,high,Random Forest,0.9036824062811014,0.9051199823067566,0.90390357182351,0.14375760256551962,0.022116554240858566,automated_cleaning,tree
Bank Marketing,typographical_errors,high,XGBoost,0.9089903792989052,0.9094327103837222,0.9097644586973348,0.04423310848169493,0.07740793984295502,automated_cleaning,tree
Bank Marketing,typographical_errors,low,Decision Tree,0.8967156916952339,0.8993696782041358,0.8981532677208891,0.26539865089019177,0.14375760256551962,automated_cleaning,tree
Bank Marketing,typographical_errors,low,Gaussian Naive Bayes,0.8399867300674555,0.837996240185779,0.8318036049983413,-0.19904898816764938,-0.8183125069114228,automated_cleaning,non-tree
Bank Marketing,typographical_errors,low,KNN,0.8929558774742895,0.8922923808470641,0.8922923808470641,-0.06634966272254239,-0.06634966272254239,automated_cleaning,non-tree
Bank Marketing,typographical_errors,low,LightGBM,0.9087692137564968,0.9067787238748204,0.9069998894172288,-0.19904898816763827,-0.1769324339268019,automated_cleaning,tree
Bank Marketing,typographical_errors,low,Logistic Regression,0.8914077186774301,0.8914077186774301,0.8904124737365918,0.0,-0.09952449408382469,automated_cleaning,non-tree
Bank Marketing,typographical_errors,low,MLP,0.8997014265177485,0.9018024991706292,0.9006966714585868,0.210107265288062,0.09952449408382469,automated_cleaning,non-tree
Bank Marketing,typographical_errors,low,Random Forest,0.9033506579674888,0.9051199823067566,0.9031294924250802,0.1769324339267797,-0.022116554240858566,automated_cleaning,tree
Bank Marketing,typographical_errors,low,XGBoost,0.909322127612518,0.9094327103837222,0.907995134358067,0.011058277120423732,-0.13269932544509588,automated_cleaning,tree
Bank Marketing,typographical_errors,medium,Decision Tree,0.8976003538648678,0.8993696782041358,0.8992590954329316,0.1769324339268019,0.16587415680637818,automated_cleaning,tree
Bank Marketing,typographical_errors,medium,Gaussian Naive Bayes,0.8412031405507022,0.837996240185779,0.8322459360831582,-0.32069003649232153,-0.8957204467544,automated_cleaning,non-tree
Bank Marketing,typographical_errors,medium,KNN,0.8901913081941834,0.8922923808470641,0.8925135463894726,0.2101072652880731,0.23222381952892057,automated_cleaning,non-tree
Bank Marketing,typographical_errors,medium,LightGBM,0.9081057171292712,0.9067787238748204,0.9097644586973348,-0.13269932544508478,0.16587415680635598,automated_cleaning,tree
Bank Marketing,typographical_errors,medium,Logistic Regression,0.8909653875926131,0.8914077186774301,0.8904124737365918,0.04423310848169493,-0.05529138560212976,automated_cleaning,non-tree
Bank Marketing,typographical_errors,medium,MLP,0.8983744332632976,0.9018024991706292,0.8978215194072764,0.3428065907331579,-0.05529138560211866,automated_cleaning,non-tree
Bank Marketing,typographical_errors,medium,Random Forest,0.9031294924250802,0.9051199823067566,0.9020236647130376,0.19904898816763827,-0.11058277120425952,automated_cleaning,tree
Bank Marketing,typographical_errors,medium,XGBoost,0.9085480482140884,0.9094327103837222,0.9076633860444544,0.08846621696337875,-0.08846621696340096,automated_cleaning,tree
Breast Cancer,ambiguous_labels,high,Decision Tree,0.7807017543859649,0.9298245614035088,,14.912280701754387,,external_intervention,tree
Breast Cancer,ambiguous_labels,high,Gaussian Naive Bayes,0.9385964912280702,0.9210526315789472,,-1.7543859649122973,,external_intervention,non-tree
Breast Cancer,ambiguous_labels,high,KNN,0.8947368421052632,0.956140350877193,,6.140350877192979,,external_intervention,non-tree
Breast Cancer,ambiguous_labels,high,LightGBM,0.8333333333333334,0.9736842105263158,,14.035087719298245,,external_intervention,tree
Breast Cancer,ambiguous_labels,high,Logistic Regression,0.9035087719298246,0.9649122807017544,,6.140350877192979,,external_intervention,non-tree
Breast Cancer,ambiguous_labels,high,MLP,0.8859649122807017,0.9649122807017544,,7.8947368421052655,,external_intervention,non-tree
Breast Cancer,ambiguous_labels,high,Random Forest,0.8333333333333334,0.9736842105263158,,14.035087719298245,,external_intervention,tree
Breast Cancer,ambiguous_labels,high,XGBoost,0.8333333333333334,0.9649122807017544,,13.157894736842103,,external_intervention,tree
Breast Cancer,ambiguous_labels,low,Decision Tree,0.8771929824561403,0.9298245614035088,,5.263157894736848,,external_intervention,tree
Breast Cancer,ambiguous_labels,low,Gaussian Naive Bayes,0.9210526315789472,0.9210526315789472,,0.0,,external_intervention,non-tree
Breast Cancer,ambiguous_labels,low,KNN,0.9473684210526316,0.956140350877193,,0.877192982456132,,external_intervention,non-tree
Breast Cancer,ambiguous_labels,low,LightGBM,0.9385964912280702,0.9736842105263158,,3.508771929824561,,external_intervention,tree
Breast Cancer,ambiguous_labels,low,Logistic Regression,0.956140350877193,0.9649122807017544,,0.8771929824561431,,external_intervention,non-tree
Breast Cancer,ambiguous_labels,low,MLP,0.9824561403508772,0.9649122807017544,,-1.7543859649122862,,external_intervention,non-tree
Breast Cancer,ambiguous_labels,low,Random Forest,0.9298245614035088,0.9736842105263158,,4.385964912280704,,external_intervention,tree
Breast Cancer,ambiguous_labels,low,XGBoost,0.9385964912280702,0.9649122807017544,,2.631578947368418,,external_intervention,tree
Breast Cancer,ambiguous_labels,medium,Decision Tree,0.7894736842105263,0.9298245614035088,,14.035087719298245,,external_intervention,tree
Breast Cancer,ambiguous_labels,medium,Gaussian Naive Bayes,0.9385964912280702,0.9210526315789472,,-1.7543859649122973,,external_intervention,non-tree
Breast Cancer,ambiguous_labels,medium,KNN,0.9298245614035088,0.956140350877193,,2.631578947368418,,external_intervention,non-tree
Breast Cancer,ambiguous_labels,medium,LightGBM,0.868421052631579,0.9736842105263158,,10.526315789473683,,external_intervention,tree
Breast Cancer,ambiguous_labels,medium,Logistic Regression,0.9210526315789472,0.9649122807017544,,4.385964912280715,,external_intervention,non-tree
Breast Cancer,ambiguous_labels,medium,MLP,0.9298245614035088,0.9649122807017544,,3.508771929824561,,external_intervention,non-tree
Breast Cancer,ambiguous_labels,medium,Random Forest,0.868421052631579,0.9736842105263158,,10.526315789473683,,external_intervention,tree
Breast Cancer,ambiguous_labels,medium,XGBoost,0.8596491228070176,0.9649122807017544,,10.526315789473683,,external_intervention,tree
Breast Cancer,annotator_bias,high,Decision Tree,0.8245614035087719,0.9298245614035088,,10.526315789473683,,external_intervention,tree
Breast Cancer,annotator_bias,high,Gaussian Naive Bayes,0.912280701754386,0.9210526315789472,,0.8771929824561209,,external_intervention,non-tree
Breast Cancer,annotator_bias,high,KNN,0.8596491228070176,0.956140350877193,,9.649122807017541,,external_intervention,non-tree
Breast Cancer,annotator_bias,high,LightGBM,0.8771929824561403,0.9736842105263158,,9.649122807017552,,external_intervention,tree
Breast Cancer,annotator_bias,high,Logistic Regression,0.8157894736842105,0.9649122807017544,,14.912280701754387,,external_intervention,non-tree
Breast Cancer,annotator_bias,high,MLP,0.8859649122807017,0.9649122807017544,,7.8947368421052655,,external_intervention,non-tree
Breast Cancer,annotator_bias,high,Random Forest,0.8859649122807017,0.9736842105263158,,8.771929824561408,,external_intervention,tree
Breast Cancer,annotator_bias,high,XGBoost,0.8771929824561403,0.9649122807017544,,8.771929824561408,,external_intervention,tree
Breast Cancer,annotator_bias,low,Decision Tree,0.8508771929824561,0.9298245614035088,,7.8947368421052655,,external_intervention,tree
Breast Cancer,annotator_bias,low,Gaussian Naive Bayes,0.9210526315789472,0.9210526315789472,,0.0,,external_intervention,non-tree
Breast Cancer,annotator_bias,low,KNN,0.9473684210526316,0.956140350877193,,0.877192982456132,,external_intervention,non-tree
Breast Cancer,annotator_bias,low,LightGBM,0.9210526315789472,0.9736842105263158,,5.2631578947368585,,external_intervention,tree
Breast Cancer,annotator_bias,low,Logistic Regression,0.9298245614035088,0.9649122807017544,,3.508771929824561,,external_intervention,non-tree
Breast Cancer,annotator_bias,low,MLP,0.9736842105263158,0.9649122807017544,,-0.8771929824561431,,external_intervention,non-tree
Breast Cancer,annotator_bias,low,Random Forest,0.9298245614035088,0.9736842105263158,,4.385964912280704,,external_intervention,tree
Breast Cancer,annotator_bias,low,XGBoost,0.9210526315789472,0.9649122807017544,,4.385964912280715,,external_intervention,tree
Breast Cancer,annotator_bias,medium,Decision Tree,0.8508771929824561,0.9298245614035088,,7.8947368421052655,,external_intervention,tree
Breast Cancer,annotator_bias,medium,Gaussian Naive Bayes,0.912280701754386,0.9210526315789472,,0.8771929824561209,,external_intervention,non-tree
Breast Cancer,annotator_bias,medium,KNN,0.8421052631578947,0.956140350877193,,11.403508771929827,,external_intervention,non-tree
Breast Cancer,annotator_bias,medium,LightGBM,0.8947368421052632,0.9736842105263158,,7.8947368421052655,,external_intervention,tree
Breast Cancer,annotator_bias,medium,Logistic Regression,0.8596491228070176,0.9649122807017544,,10.526315789473683,,external_intervention,non-tree
Breast Cancer,annotator_bias,medium,MLP,0.8947368421052632,0.9649122807017544,,7.017543859649122,,external_intervention,non-tree
Breast Cancer,annotator_bias,medium,Random Forest,0.8771929824561403,0.9736842105263158,,9.649122807017552,,external_intervention,tree
Breast Cancer,annotator_bias,medium,XGBoost,0.8859649122807017,0.9649122807017544,,7.8947368421052655,,external_intervention,tree
Breast Cancer,categorical_errors,high,Decision Tree,0.9298245614035088,0.9298245614035088,0.9298245614035088,0.0,0.0,automated_cleaning,tree
Breast Cancer,categorical_errors,high,Gaussian Naive Bayes,0.9210526315789472,0.9210526315789472,0.9210526315789472,0.0,0.0,automated_cleaning,non-tree
Breast Cancer,categorical_errors,high,KNN,0.956140350877193,0.956140350877193,0.956140350877193,0.0,0.0,automated_cleaning,non-tree
Breast Cancer,categorical_errors,high,LightGBM,0.9736842105263158,0.9736842105263158,0.9736842105263158,0.0,0.0,automated_cleaning,tree
Breast Cancer,categorical_errors,high,Logistic Regression,0.9649122807017544,0.9649122807017544,0.9649122807017544,0.0,0.0,automated_cleaning,non-tree
Breast Cancer,categorical_errors,high,MLP,0.9649122807017544,0.9649122807017544,0.9649122807017544,0.0,0.0,automated_cleaning,non-tree
Breast Cancer,categorical_errors,high,Random Forest,0.9736842105263158,0.9736842105263158,0.9736842105263158,0.0,0.0,automated_cleaning,tree
Breast Cancer,categorical_errors,high,XGBoost,0.9649122807017544,0.9649122807017544,0.9649122807017544,0.0,0.0,automated_cleaning,tree
Breast Cancer,categorical_errors,low,Decision Tree,0.9298245614035088,0.9298245614035088,0.9298245614035088,0.0,0.0,automated_cleaning,tree
Breast Cancer,categorical_errors,low,Gaussian Naive Bayes,0.9210526315789472,0.9210526315789472,0.9210526315789472,0.0,0.0,automated_cleaning,non-tree
Breast Cancer,categorical_errors,low,KNN,0.956140350877193,0.956140350877193,0.956140350877193,0.0,0.0,automated_cleaning,non-tree
Breast Cancer,categorical_errors,low,LightGBM,0.9736842105263158,0.9736842105263158,0.9736842105263158,0.0,0.0,automated_cleaning,tree
Breast Cancer,categorical_errors,low,Logistic Regression,0.9649122807017544,0.9649122807017544,0.9649122807017544,0.0,0.0,automated_cleaning,non-tree
Breast Cancer,categorical_errors,low,MLP,0.9649122807017544,0.9649122807017544,0.9649122807017544,0.0,0.0,automated_cleaning,non-tree
Breast Cancer,categorical_errors,low,Random Forest,0.9736842105263158,0.9736842105263158,0.9736842105263158,0.0,0.0,automated_cleaning,tree
Breast Cancer,categorical_errors,low,XGBoost,0.9649122807017544,0.9649122807017544,0.9649122807017544,0.0,0.0,automated_cleaning,tree
Breast Cancer,categorical_errors,medium,Decision Tree,0.9298245614035088,0.9298245614035088,0.9298245614035088,0.0,0.0,automated_cleaning,tree
Breast Cancer,categorical_errors,medium,Gaussian Naive Bayes,0.9210526315789472,0.9210526315789472,0.9210526315789472,0.0,0.0,automated_cleaning,non-tree
Breast Cancer,categorical_errors,medium,KNN,0.956140350877193,0.956140350877193,0.956140350877193,0.0,0.0,automated_cleaning,non-tree
Breast Cancer,categorical_errors,medium,LightGBM,0.9736842105263158,0.9736842105263158,0.9736842105263158,0.0,0.0,automated_cleaning,tree
Breast Cancer,categorical_errors,medium,Logistic Regression,0.9649122807017544,0.9649122807017544,0.9649122807017544,0.0,0.0,automated_cleaning,non-tree
Breast Cancer,categorical_errors,medium,MLP,0.9649122807017544,0.9649122807017544,0.9649122807017544,0.0,0.0,automated_cleaning,non-tree
Breast Cancer,categorical_errors,medium,Random Forest,0.9736842105263158,0.9736842105263158,0.9736842105263158,0.0,0.0,automated_cleaning,tree
Breast Cancer,categorical_errors,medium,XGBoost,0.9649122807017544,0.9649122807017544,0.9649122807017544,0.0,0.0,automated_cleaning,tree
Breast Cancer,class_imbalance,high,Decision Tree,0.9035087719298246,0.9298245614035088,0.9035087719298246,2.631578947368418,0.0,automated_cleaning,tree
Breast Cancer,class_imbalance,high,Gaussian Naive Bayes,0.9210526315789472,0.9210526315789472,0.9210526315789472,0.0,0.0,automated_cleaning,non-tree
Breast Cancer,class_imbalance,high,KNN,0.9385964912280702,0.956140350877193,0.9473684210526316,1.754385964912275,0.8771929824561431,automated_cleaning,non-tree
Breast Cancer,class_imbalance,high,LightGBM,0.9649122807017544,0.9736842105263158,0.9736842105263158,0.8771929824561431,0.8771929824561431,automated_cleaning,tree
Breast Cancer,class_imbalance,high,Logistic Regression,0.9736842105263158,0.9649122807017544,0.9736842105263158,-0.8771929824561431,0.0,automated_cleaning,non-tree
Breast Cancer,class_imbalance,high,MLP,0.9649122807017544,0.9649122807017544,0.9736842105263158,0.0,0.8771929824561431,automated_cleaning,non-tree
Breast Cancer,class_imbalance,high,Random Forest,0.9473684210526316,0.9736842105263158,0.9736842105263158,2.631578947368418,2.631578947368418,automated_cleaning,tree
Breast Cancer,class_imbalance,high,XGBoost,0.9736842105263158,0.9649122807017544,0.9649122807017544,-0.8771929824561431,-0.8771929824561431,automated_cleaning,tree
Breast Cancer,class_imbalance,low,Decision Tree,0.9385964912280702,0.9298245614035088,0.9298245614035088,-0.8771929824561431,-0.8771929824561431,automated_cleaning,tree
Breast Cancer,class_imbalance,low,Gaussian Naive Bayes,0.9210526315789472,0.9210526315789472,0.9210526315789472,0.0,0.0,automated_cleaning,non-tree
Breast Cancer,class_imbalance,low,KNN,0.956140350877193,0.956140350877193,0.956140350877193,0.0,0.0,automated_cleaning,non-tree
Breast Cancer,class_imbalance,low,LightGBM,0.9736842105263158,0.9736842105263158,0.9649122807017544,0.0,-0.8771929824561431,automated_cleaning,tree
Breast Cancer,class_imbalance,low,Logistic Regression,0.9736842105263158,0.9649122807017544,0.9824561403508772,-0.8771929824561431,0.8771929824561431,automated_cleaning,non-tree
Breast Cancer,class_imbalance,low,MLP,0.9649122807017544,0.9649122807017544,0.9736842105263158,0.0,0.8771929824561431,automated_cleaning,non-tree
Breast Cancer,class_imbalance,low,Random Forest,0.9649122807017544,0.9736842105263158,0.9736842105263158,0.8771929824561431,0.8771929824561431,automated_cleaning,tree
Breast Cancer,class_imbalance,low,XGBoost,0.9649122807017544,0.9649122807017544,0.9649122807017544,0.0,0.0,automated_cleaning,tree
Breast Cancer,class_imbalance,medium,Decision Tree,0.9210526315789472,0.9298245614035088,0.912280701754386,0.8771929824561542,-0.8771929824561209,automated_cleaning,tree
Breast Cancer,class_imbalance,medium,Gaussian Naive Bayes,0.9298245614035088,0.9210526315789472,0.9298245614035088,-0.8771929824561542,0.0,automated_cleaning,non-tree
Breast Cancer,class_imbalance,medium,KNN,0.956140350877193,0.956140350877193,0.956140350877193,0.0,0.0,automated_cleaning,non-tree
Breast Cancer,class_imbalance,medium,LightGBM,0.9649122807017544,0.9736842105263158,0.956140350877193,0.8771929824561431,-0.8771929824561431,automated_cleaning,tree
Breast Cancer,class_imbalance,medium,Logistic Regression,0.9649122807017544,0.9649122807017544,0.9649122807017544,0.0,0.0,automated_cleaning,non-tree
Breast Cancer,class_imbalance,medium,MLP,0.9649122807017544,0.9649122807017544,0.9649122807017544,0.0,0.0,automated_cleaning,non-tree
Breast Cancer,class_imbalance,medium,Random Forest,0.956140350877193,0.9736842105263158,0.9649122807017544,1.7543859649122862,0.8771929824561431,automated_cleaning,tree
Breast Cancer,class_imbalance,medium,XGBoost,0.9649122807017544,0.9649122807017544,0.9649122807017544,0.0,0.0,automated_cleaning,tree
Breast Cancer,concept_drift,high,Decision Tree,0.7719298245614035,0.9298245614035088,,15.789473684210531,,external_intervention,tree
Breast Cancer,concept_drift,high,Gaussian Naive Bayes,0.8947368421052632,0.9210526315789472,,2.631578947368407,,external_intervention,non-tree
Breast Cancer,concept_drift,high,KNN,0.8596491228070176,0.956140350877193,,9.649122807017541,,external_intervention,non-tree
Breast Cancer,concept_drift,high,LightGBM,0.8596491228070176,0.9736842105263158,,11.403508771929827,,external_intervention,tree
Breast Cancer,concept_drift,high,Logistic Regression,0.9035087719298246,0.9649122807017544,,6.140350877192979,,external_intervention,non-tree
Breast Cancer,concept_drift,high,MLP,0.8596491228070176,0.9649122807017544,,10.526315789473683,,external_intervention,non-tree
Breast Cancer,concept_drift,high,Random Forest,0.9385964912280702,0.9736842105263158,,3.508771929824561,,external_intervention,tree
Breast Cancer,concept_drift,high,XGBoost,0.8508771929824561,0.9649122807017544,,11.403508771929827,,external_intervention,tree
Breast Cancer,concept_drift,low,Decision Tree,0.8771929824561403,0.9298245614035088,,5.263157894736848,,external_intervention,tree
Breast Cancer,concept_drift,low,Gaussian Naive Bayes,0.9210526315789472,0.9210526315789472,,0.0,,external_intervention,non-tree
Breast Cancer,concept_drift,low,KNN,0.956140350877193,0.956140350877193,,0.0,,external_intervention,non-tree
Breast Cancer,concept_drift,low,LightGBM,0.9473684210526316,0.9736842105263158,,2.631578947368418,,external_intervention,tree
Breast Cancer,concept_drift,low,Logistic Regression,0.9649122807017544,0.9649122807017544,,0.0,,external_intervention,non-tree
Breast Cancer,concept_drift,low,MLP,0.9649122807017544,0.9649122807017544,,0.0,,external_intervention,non-tree
Breast Cancer,concept_drift,low,Random Forest,0.9736842105263158,0.9736842105263158,,0.0,,external_intervention,tree
Breast Cancer,concept_drift,low,XGBoost,0.956140350877193,0.9649122807017544,,0.8771929824561431,,external_intervention,tree
Breast Cancer,concept_drift,medium,Decision Tree,0.7982456140350878,0.9298245614035088,,13.157894736842103,,external_intervention,tree
Breast Cancer,concept_drift,medium,Gaussian Naive Bayes,0.9385964912280702,0.9210526315789472,,-1.7543859649122973,,external_intervention,non-tree
Breast Cancer,concept_drift,medium,KNN,0.9298245614035088,0.956140350877193,,2.631578947368418,,external_intervention,non-tree
Breast Cancer,concept_drift,medium,LightGBM,0.9385964912280702,0.9736842105263158,,3.508771929824561,,external_intervention,tree
Breast Cancer,concept_drift,medium,Logistic Regression,0.9210526315789472,0.9649122807017544,,4.385964912280715,,external_intervention,non-tree
Breast Cancer,concept_drift,medium,MLP,0.9035087719298246,0.9649122807017544,,6.140350877192979,,external_intervention,non-tree
Breast Cancer,concept_drift,medium,Random Forest,0.9649122807017544,0.9736842105263158,,0.8771929824561431,,external_intervention,tree
Breast Cancer,concept_drift,medium,XGBoost,0.9736842105263158,0.9649122807017544,,-0.8771929824561431,,external_intervention,tree
Breast Cancer,contextual_errors,high,Decision Tree,0.912280701754386,0.9298245614035088,0.9210526315789472,1.754385964912275,0.8771929824561209,automated_cleaning,tree
Breast Cancer,contextual_errors,high,Gaussian Naive Bayes,0.631578947368421,0.9210526315789472,0.8421052631578947,28.947368421052623,21.052631578947366,automated_cleaning,non-tree
Breast Cancer,contextual_errors,high,KNN,0.631578947368421,0.956140350877193,0.8947368421052632,32.45614035087719,26.315789473684216,automated_cleaning,non-tree
Breast Cancer,contextual_errors,high,LightGBM,0.956140350877193,0.9736842105263158,0.9649122807017544,1.7543859649122862,0.8771929824561431,automated_cleaning,tree
Breast Cancer,contextual_errors,high,Logistic Regression,0.631578947368421,0.9649122807017544,0.8070175438596491,33.333333333333336,17.543859649122805,automated_cleaning,non-tree
Breast Cancer,contextual_errors,high,MLP,0.631578947368421,0.9649122807017544,0.8508771929824561,33.333333333333336,21.92982456140351,automated_cleaning,non-tree
Breast Cancer,contextual_errors,high,Random Forest,0.9473684210526316,0.9736842105263158,0.9473684210526316,2.631578947368418,0.0,automated_cleaning,tree
Breast Cancer,contextual_errors,high,XGBoost,0.956140350877193,0.9649122807017544,0.956140350877193,0.8771929824561431,0.0,automated_cleaning,tree
Breast Cancer,contextual_errors,low,Decision Tree,0.9385964912280702,0.9298245614035088,0.9385964912280702,-0.8771929824561431,0.0,automated_cleaning,tree
Breast Cancer,contextual_errors,low,Gaussian Naive Bayes,0.3684210526315789,0.9210526315789472,0.9210526315789472,55.263157894736835,55.263157894736835,automated_cleaning,non-tree
Breast Cancer,contextual_errors,low,KNN,0.9385964912280702,0.956140350877193,0.9385964912280702,1.754385964912275,0.0,automated_cleaning,non-tree
Breast Cancer,contextual_errors,low,LightGBM,0.9649122807017544,0.9736842105263158,0.9736842105263158,0.8771929824561431,0.8771929824561431,automated_cleaning,tree
Breast Cancer,contextual_errors,low,Logistic Regression,0.631578947368421,0.9649122807017544,0.9385964912280702,33.333333333333336,30.701754385964918,automated_cleaning,non-tree
Breast Cancer,contextual_errors,low,MLP,0.8771929824561403,0.9649122807017544,0.9649122807017544,8.771929824561408,8.771929824561408,automated_cleaning,non-tree
Breast Cancer,contextual_errors,low,Random Forest,0.9649122807017544,0.9736842105263158,0.956140350877193,0.8771929824561431,-0.8771929824561431,automated_cleaning,tree
Breast Cancer,contextual_errors,low,XGBoost,0.9649122807017544,0.9649122807017544,0.9649122807017544,0.0,0.0,automated_cleaning,tree
Breast Cancer,contextual_errors,medium,Decision Tree,0.912280701754386,0.9298245614035088,0.9210526315789472,1.754385964912275,0.8771929824561209,automated_cleaning,tree
Breast Cancer,contextual_errors,medium,Gaussian Naive Bayes,0.631578947368421,0.9210526315789472,0.8771929824561403,28.947368421052623,24.561403508771928,automated_cleaning,non-tree
Breast Cancer,contextual_errors,medium,KNN,0.9385964912280702,0.956140350877193,0.9385964912280702,1.754385964912275,0.0,automated_cleaning,non-tree
Breast Cancer,contextual_errors,medium,LightGBM,0.9385964912280702,0.9736842105263158,0.9385964912280702,3.508771929824561,0.0,automated_cleaning,tree
Breast Cancer,contextual_errors,medium,Logistic Regression,0.631578947368421,0.9649122807017544,0.8771929824561403,33.333333333333336,24.561403508771928,automated_cleaning,non-tree
Breast Cancer,contextual_errors,medium,MLP,0.631578947368421,0.9649122807017544,0.9385964912280702,33.333333333333336,30.701754385964918,automated_cleaning,non-tree
Breast Cancer,contextual_errors,medium,Random Forest,0.9385964912280702,0.9736842105263158,0.9473684210526316,3.508771929824561,0.8771929824561431,automated_cleaning,tree
Breast Cancer,contextual_errors,medium,XGBoost,0.956140350877193,0.9649122807017544,0.956140350877193,0.8771929824561431,0.0,automated_cleaning,tree
Breast Cancer,data_drift,high,Decision Tree,0.8947368421052632,0.9298245614035088,,3.508771929824561,,external_intervention,tree
Breast Cancer,data_drift,high,Gaussian Naive Bayes,0.9298245614035088,0.9210526315789472,,-0.8771929824561542,,external_intervention,non-tree
Breast Cancer,data_drift,high,KNN,0.9210526315789472,0.956140350877193,,3.5087719298245723,,external_intervention,non-tree
Breast Cancer,data_drift,high,LightGBM,0.9649122807017544,0.9736842105263158,,0.8771929824561431,,external_intervention,tree
Breast Cancer,data_drift,high,Logistic Regression,0.9385964912280702,0.9649122807017544,,2.631578947368418,,external_intervention,non-tree
Breast Cancer,data_drift,high,MLP,0.9385964912280702,0.9649122807017544,,2.631578947368418,,external_intervention,non-tree
Breast Cancer,data_drift,high,Random Forest,0.9385964912280702,0.9736842105263158,,3.508771929824561,,external_intervention,tree
Breast Cancer,data_drift,high,XGBoost,0.956140350877193,0.9649122807017544,,0.8771929824561431,,external_intervention,tree
Breast Cancer,data_drift,low,Decision Tree,0.9298245614035088,0.9298245614035088,,0.0,,external_intervention,tree
Breast Cancer,data_drift,low,Gaussian Naive Bayes,0.9298245614035088,0.9210526315789472,,-0.8771929824561542,,external_intervention,non-tree
Breast Cancer,data_drift,low,KNN,0.9385964912280702,0.956140350877193,,1.754385964912275,,external_intervention,non-tree
Breast Cancer,data_drift,low,LightGBM,0.956140350877193,0.9736842105263158,,1.7543859649122862,,external_intervention,tree
Breast Cancer,data_drift,low,Logistic Regression,0.9473684210526316,0.9649122807017544,,1.754385964912275,,external_intervention,non-tree
Breast Cancer,data_drift,low,MLP,0.956140350877193,0.9649122807017544,,0.8771929824561431,,external_intervention,non-tree
Breast Cancer,data_drift,low,Random Forest,0.9473684210526316,0.9736842105263158,,2.631578947368418,,external_intervention,tree
Breast Cancer,data_drift,low,XGBoost,0.9736842105263158,0.9649122807017544,,-0.8771929824561431,,external_intervention,tree
Breast Cancer,data_drift,medium,Decision Tree,0.912280701754386,0.9298245614035088,,1.754385964912275,,external_intervention,tree
Breast Cancer,data_drift,medium,Gaussian Naive Bayes,0.9385964912280702,0.9210526315789472,,-1.7543859649122973,,external_intervention,non-tree
Breast Cancer,data_drift,medium,KNN,0.9210526315789472,0.956140350877193,,3.5087719298245723,,external_intervention,non-tree
Breast Cancer,data_drift,medium,LightGBM,0.956140350877193,0.9736842105263158,,1.7543859649122862,,external_intervention,tree
Breast Cancer,data_drift,medium,Logistic Regression,0.9473684210526316,0.9649122807017544,,1.754385964912275,,external_intervention,non-tree
Breast Cancer,data_drift,medium,MLP,0.9385964912280702,0.9649122807017544,,2.631578947368418,,external_intervention,non-tree
Breast Cancer,data_drift,medium,Random Forest,0.9385964912280702,0.9736842105263158,,3.508771929824561,,external_intervention,tree
Breast Cancer,data_drift,medium,XGBoost,0.956140350877193,0.9649122807017544,,0.8771929824561431,,external_intervention,tree
Breast Cancer,data_heterogeneity,high,Decision Tree,0.8947368421052632,0.9298245614035088,0.8947368421052632,3.508771929824561,0.0,automated_cleaning,tree
Breast Cancer,data_heterogeneity,high,Gaussian Naive Bayes,0.9298245614035088,0.9210526315789472,0.9298245614035088,-0.8771929824561542,0.0,automated_cleaning,non-tree
Breast Cancer,data_heterogeneity,high,KNN,0.7719298245614035,0.956140350877193,0.7719298245614035,18.42105263157895,0.0,automated_cleaning,non-tree
Breast Cancer,data_heterogeneity,high,LightGBM,0.8947368421052632,0.9736842105263158,0.8947368421052632,7.8947368421052655,0.0,automated_cleaning,tree
Breast Cancer,data_heterogeneity,high,Logistic Regression,0.7631578947368421,0.9649122807017544,0.7631578947368421,20.175438596491226,0.0,automated_cleaning,non-tree
Breast Cancer,data_heterogeneity,high,MLP,0.7807017543859649,0.9649122807017544,0.7807017543859649,18.42105263157895,0.0,automated_cleaning,non-tree
Breast Cancer,data_heterogeneity,high,Random Forest,0.8947368421052632,0.9736842105263158,0.8947368421052632,7.8947368421052655,0.0,automated_cleaning,tree
Breast Cancer,data_heterogeneity,high,XGBoost,0.8421052631578947,0.9649122807017544,0.8421052631578947,12.28070175438597,0.0,automated_cleaning,tree
Breast Cancer,data_heterogeneity,low,Decision Tree,0.9210526315789472,0.9298245614035088,0.9210526315789472,0.8771929824561542,0.0,automated_cleaning,tree
Breast Cancer,data_heterogeneity,low,Gaussian Naive Bayes,0.9210526315789472,0.9210526315789472,0.9210526315789472,0.0,0.0,automated_cleaning,non-tree
Breast Cancer,data_heterogeneity,low,KNN,0.8947368421052632,0.956140350877193,0.8947368421052632,6.140350877192979,0.0,automated_cleaning,non-tree
Breast Cancer,data_heterogeneity,low,LightGBM,0.9473684210526316,0.9736842105263158,0.9473684210526316,2.631578947368418,0.0,automated_cleaning,tree
Breast Cancer,data_heterogeneity,low,Logistic Regression,0.9649122807017544,0.9649122807017544,0.9649122807017544,0.0,0.0,automated_cleaning,non-tree
Breast Cancer,data_heterogeneity,low,MLP,0.956140350877193,0.9649122807017544,0.956140350877193,0.8771929824561431,0.0,automated_cleaning,non-tree
Breast Cancer,data_heterogeneity,low,Random Forest,0.9649122807017544,0.9736842105263158,0.9649122807017544,0.8771929824561431,0.0,automated_cleaning,tree
Breast Cancer,data_heterogeneity,low,XGBoost,0.9649122807017544,0.9649122807017544,0.9649122807017544,0.0,0.0,automated_cleaning,tree
Breast Cancer,data_heterogeneity,medium,Decision Tree,0.9473684210526316,0.9298245614035088,0.9473684210526316,-1.7543859649122862,0.0,automated_cleaning,tree
Breast Cancer,data_heterogeneity,medium,Gaussian Naive Bayes,0.9035087719298246,0.9210526315789472,0.9035087719298246,1.754385964912264,0.0,automated_cleaning,non-tree
Breast Cancer,data_heterogeneity,medium,KNN,0.9035087719298246,0.956140350877193,0.9035087719298246,5.263157894736836,0.0,automated_cleaning,non-tree
Breast Cancer,data_heterogeneity,medium,LightGBM,0.9649122807017544,0.9736842105263158,0.9649122807017544,0.8771929824561431,0.0,automated_cleaning,tree
Breast Cancer,data_heterogeneity,medium,Logistic Regression,0.9649122807017544,0.9649122807017544,0.9649122807017544,0.0,0.0,automated_cleaning,non-tree
Breast Cancer,data_heterogeneity,medium,MLP,0.9385964912280702,0.9649122807017544,0.9385964912280702,2.631578947368418,0.0,automated_cleaning,non-tree
Breast Cancer,data_heterogeneity,medium,Random Forest,0.912280701754386,0.9736842105263158,0.912280701754386,6.140350877192979,0.0,automated_cleaning,tree
Breast Cancer,data_heterogeneity,medium,XGBoost,0.956140350877193,0.9649122807017544,0.956140350877193,0.8771929824561431,0.0,automated_cleaning,tree
Breast Cancer,data_inconsistency,high,Decision Tree,0.9210526315789472,0.9298245614035088,0.9210526315789472,0.8771929824561542,0.0,automated_cleaning,tree
Breast Cancer,data_inconsistency,high,Gaussian Naive Bayes,0.912280701754386,0.9210526315789472,0.9298245614035088,0.8771929824561209,1.754385964912275,automated_cleaning,non-tree
Breast Cancer,data_inconsistency,high,KNN,0.9473684210526316,0.956140350877193,0.9649122807017544,0.877192982456132,1.754385964912275,automated_cleaning,non-tree
Breast Cancer,data_inconsistency,high,LightGBM,0.9824561403508772,0.9736842105263158,0.9736842105263158,-0.8771929824561431,-0.8771929824561431,automated_cleaning,tree
Breast Cancer,data_inconsistency,high,Logistic Regression,0.9736842105263158,0.9649122807017544,0.9912280701754386,-0.8771929824561431,1.754385964912275,automated_cleaning,non-tree
Breast Cancer,data_inconsistency,high,MLP,0.9912280701754386,0.9649122807017544,0.9824561403508772,-2.631578947368418,-0.877192982456132,automated_cleaning,non-tree
Breast Cancer,data_inconsistency,high,Random Forest,0.9649122807017544,0.9736842105263158,0.9649122807017544,0.8771929824561431,0.0,automated_cleaning,tree
Breast Cancer,data_inconsistency,high,XGBoost,0.9736842105263158,0.9649122807017544,0.9736842105263158,-0.8771929824561431,0.0,automated_cleaning,tree
Breast Cancer,data_inconsistency,low,Decision Tree,0.9298245614035088,0.9298245614035088,0.9298245614035088,0.0,0.0,automated_cleaning,tree
Breast Cancer,data_inconsistency,low,Gaussian Naive Bayes,0.7368421052631579,0.9210526315789472,0.9298245614035088,18.421052631578938,19.298245614035093,automated_cleaning,non-tree
Breast Cancer,data_inconsistency,low,KNN,0.9385964912280702,0.956140350877193,0.956140350877193,1.754385964912275,1.754385964912275,automated_cleaning,non-tree
Breast Cancer,data_inconsistency,low,LightGBM,0.9649122807017544,0.9736842105263158,0.9649122807017544,0.8771929824561431,0.0,automated_cleaning,tree
Breast Cancer,data_inconsistency,low,Logistic Regression,0.9736842105263158,0.9649122807017544,0.9736842105263158,-0.8771929824561431,0.0,automated_cleaning,non-tree
Breast Cancer,data_inconsistency,low,MLP,0.9824561403508772,0.9649122807017544,0.9736842105263158,-1.7543859649122862,-0.8771929824561431,automated_cleaning,non-tree
Breast Cancer,data_inconsistency,low,Random Forest,0.9736842105263158,0.9736842105263158,0.9736842105263158,0.0,0.0,automated_cleaning,tree
Breast Cancer,data_inconsistency,low,XGBoost,0.9649122807017544,0.9649122807017544,0.9649122807017544,0.0,0.0,automated_cleaning,tree
Breast Cancer,data_inconsistency,medium,Decision Tree,0.956140350877193,0.9298245614035088,0.956140350877193,-2.631578947368418,0.0,automated_cleaning,tree
Breast Cancer,data_inconsistency,medium,Gaussian Naive Bayes,0.9473684210526316,0.9210526315789472,0.9298245614035088,-2.6315789473684403,-1.7543859649122862,automated_cleaning,non-tree
Breast Cancer,data_inconsistency,medium,KNN,0.9298245614035088,0.956140350877193,0.9385964912280702,2.631578947368418,0.8771929824561431,automated_cleaning,non-tree
Breast Cancer,data_inconsistency,medium,LightGBM,0.9824561403508772,0.9736842105263158,0.9736842105263158,-0.8771929824561431,-0.8771929824561431,automated_cleaning,tree
Breast Cancer,data_inconsistency,medium,Logistic Regression,0.9736842105263158,0.9649122807017544,0.9912280701754386,-0.8771929824561431,1.754385964912275,automated_cleaning,non-tree
Breast Cancer,data_inconsistency,medium,MLP,0.9736842105263158,0.9649122807017544,0.9649122807017544,-0.8771929824561431,-0.8771929824561431,automated_cleaning,non-tree
Breast Cancer,data_inconsistency,medium,Random Forest,0.956140350877193,0.9736842105263158,0.956140350877193,1.7543859649122862,0.0,automated_cleaning,tree
Breast Cancer,data_inconsistency,medium,XGBoost,0.9649122807017544,0.9649122807017544,0.9649122807017544,0.0,0.0,automated_cleaning,tree
Breast Cancer,data_leakage,high,Decision Tree,0.9035087719298246,0.9298245614035088,0.7894736842105263,2.631578947368418,-11.403508771929827,automated_cleaning,tree
Breast Cancer,data_leakage,high,Gaussian Naive Bayes,0.9210526315789472,0.9210526315789472,0.8245614035087719,0.0,-9.64912280701753,automated_cleaning,non-tree
Breast Cancer,data_leakage,high,KNN,0.9210526315789472,0.956140350877193,0.8157894736842105,3.5087719298245723,-10.526315789473673,automated_cleaning,non-tree
Breast Cancer,data_leakage,high,LightGBM,0.8859649122807017,0.9736842105263158,0.9035087719298246,8.771929824561408,1.7543859649122862,automated_cleaning,tree
Breast Cancer,data_leakage,high,Logistic Regression,0.9473684210526316,0.9649122807017544,0.8771929824561403,1.754385964912275,-7.017543859649134,automated_cleaning,non-tree
Breast Cancer,data_leakage,high,MLP,0.956140350877193,0.9649122807017544,0.868421052631579,0.8771929824561431,-8.771929824561397,automated_cleaning,non-tree
Breast Cancer,data_leakage,high,Random Forest,0.9473684210526316,0.9736842105263158,0.8596491228070176,2.631578947368418,-8.771929824561408,automated_cleaning,tree
Breast Cancer,data_leakage,high,XGBoost,0.868421052631579,0.9649122807017544,0.9035087719298246,9.649122807017541,3.508771929824561,automated_cleaning,tree
Breast Cancer,data_leakage,low,Decision Tree,0.9385964912280702,0.9298245614035088,0.7543859649122807,-0.8771929824561431,-18.42105263157895,automated_cleaning,tree
Breast Cancer,data_leakage,low,Gaussian Naive Bayes,0.9298245614035088,0.9210526315789472,0.8070175438596491,-0.8771929824561542,-12.28070175438597,automated_cleaning,non-tree
Breast Cancer,data_leakage,low,KNN,0.9298245614035088,0.956140350877193,0.8157894736842105,2.631578947368418,-11.403508771929827,automated_cleaning,non-tree
Breast Cancer,data_leakage,low,LightGBM,0.9649122807017544,0.9736842105263158,0.8859649122807017,0.8771929824561431,-7.8947368421052655,automated_cleaning,tree
Breast Cancer,data_leakage,low,Logistic Regression,0.9736842105263158,0.9649122807017544,0.8771929824561403,-0.8771929824561431,-9.649122807017552,automated_cleaning,non-tree
Breast Cancer,data_leakage,low,MLP,0.9736842105263158,0.9649122807017544,0.8596491228070176,-0.8771929824561431,-11.403508771929827,automated_cleaning,non-tree
Breast Cancer,data_leakage,low,Random Forest,0.9736842105263158,0.9736842105263158,0.8771929824561403,0.0,-9.649122807017552,automated_cleaning,tree
Breast Cancer,data_leakage,low,XGBoost,0.9649122807017544,0.9649122807017544,0.912280701754386,0.0,-5.263157894736836,automated_cleaning,tree
Breast Cancer,data_leakage,medium,Decision Tree,0.9298245614035088,0.9298245614035088,0.7894736842105263,0.0,-14.035087719298245,automated_cleaning,tree
Breast Cancer,data_leakage,medium,Gaussian Naive Bayes,0.9210526315789472,0.9210526315789472,0.8245614035087719,0.0,-9.64912280701753,automated_cleaning,non-tree
Breast Cancer,data_leakage,medium,KNN,0.9210526315789472,0.956140350877193,0.8157894736842105,3.5087719298245723,-10.526315789473673,automated_cleaning,non-tree
Breast Cancer,data_leakage,medium,LightGBM,0.956140350877193,0.9736842105263158,0.9035087719298246,1.7543859649122862,-5.263157894736836,automated_cleaning,tree
Breast Cancer,data_leakage,medium,Logistic Regression,0.9824561403508772,0.9649122807017544,0.8771929824561403,-1.7543859649122862,-10.526315789473696,automated_cleaning,non-tree
Breast Cancer,data_leakage,medium,MLP,0.9736842105263158,0.9649122807017544,0.868421052631579,-0.8771929824561431,-10.526315789473683,automated_cleaning,non-tree
Breast Cancer,data_leakage,medium,Random Forest,0.9649122807017544,0.9736842105263158,0.8596491228070176,0.8771929824561431,-10.526315789473683,automated_cleaning,tree
Breast Cancer,data_leakage,medium,XGBoost,0.9473684210526316,0.9649122807017544,0.9035087719298246,1.754385964912275,-4.385964912280704,automated_cleaning,tree
Breast Cancer,data_representativeness,high,Decision Tree,0.9210526315789472,0.9298245614035088,,0.8771929824561542,,external_intervention,tree
Breast Cancer,data_representativeness,high,Gaussian Naive Bayes,0.9385964912280702,0.9210526315789472,,-1.7543859649122973,,external_intervention,non-tree
Breast Cancer,data_representativeness,high,KNN,0.9473684210526316,0.956140350877193,,0.877192982456132,,external_intervention,non-tree
Breast Cancer,data_representativeness,high,LightGBM,0.956140350877193,0.9736842105263158,,1.7543859649122862,,external_intervention,tree
Breast Cancer,data_representativeness,high,Logistic Regression,0.956140350877193,0.9649122807017544,,0.8771929824561431,,external_intervention,non-tree
Breast Cancer,data_representativeness,high,MLP,0.9736842105263158,0.9649122807017544,,-0.8771929824561431,,external_intervention,non-tree
Breast Cancer,data_representativeness,high,Random Forest,0.956140350877193,0.9736842105263158,,1.7543859649122862,,external_intervention,tree
Breast Cancer,data_representativeness,high,XGBoost,0.9736842105263158,0.9649122807017544,,-0.8771929824561431,,external_intervention,tree
Breast Cancer,data_representativeness,low,Decision Tree,0.956140350877193,0.9298245614035088,,-2.631578947368418,,external_intervention,tree
Breast Cancer,data_representativeness,low,Gaussian Naive Bayes,0.9210526315789472,0.9210526315789472,,0.0,,external_intervention,non-tree
Breast Cancer,data_representativeness,low,KNN,0.9649122807017544,0.956140350877193,,-0.8771929824561431,,external_intervention,non-tree
Breast Cancer,data_representativeness,low,LightGBM,0.9649122807017544,0.9736842105263158,,0.8771929824561431,,external_intervention,tree
Breast Cancer,data_representativeness,low,Logistic Regression,0.956140350877193,0.9649122807017544,,0.8771929824561431,,external_intervention,non-tree
Breast Cancer,data_representativeness,low,MLP,0.9649122807017544,0.9649122807017544,,0.0,,external_intervention,non-tree
Breast Cancer,data_representativeness,low,Random Forest,0.9649122807017544,0.9736842105263158,,0.8771929824561431,,external_intervention,tree
Breast Cancer,data_representativeness,low,XGBoost,0.9736842105263158,0.9649122807017544,,-0.8771929824561431,,external_intervention,tree
Breast Cancer,data_representativeness,medium,Decision Tree,0.9298245614035088,0.9298245614035088,,0.0,,external_intervention,tree
Breast Cancer,data_representativeness,medium,Gaussian Naive Bayes,0.9298245614035088,0.9210526315789472,,-0.8771929824561542,,external_intervention,non-tree
Breast Cancer,data_representativeness,medium,KNN,0.956140350877193,0.956140350877193,,0.0,,external_intervention,non-tree
Breast Cancer,data_representativeness,medium,LightGBM,0.9649122807017544,0.9736842105263158,,0.8771929824561431,,external_intervention,tree
Breast Cancer,data_representativeness,medium,Logistic Regression,0.9824561403508772,0.9649122807017544,,-1.7543859649122862,,external_intervention,non-tree
Breast Cancer,data_representativeness,medium,MLP,0.9649122807017544,0.9649122807017544,,0.0,,external_intervention,non-tree
Breast Cancer,data_representativeness,medium,Random Forest,0.9736842105263158,0.9736842105263158,,0.0,,external_intervention,tree
Breast Cancer,data_representativeness,medium,XGBoost,0.9649122807017544,0.9649122807017544,,0.0,,external_intervention,tree
Breast Cancer,domain_violations,high,Decision Tree,0.956140350877193,0.9298245614035088,0.9473684210526316,-2.631578947368418,-0.877192982456132,automated_cleaning,tree
Breast Cancer,domain_violations,high,Gaussian Naive Bayes,0.8596491228070176,0.9210526315789472,0.9210526315789472,6.140350877192969,6.140350877192969,automated_cleaning,non-tree
Breast Cancer,domain_violations,high,KNN,0.9210526315789472,0.956140350877193,0.9298245614035088,3.5087719298245723,0.8771929824561542,automated_cleaning,non-tree
Breast Cancer,domain_violations,high,LightGBM,0.956140350877193,0.9736842105263158,0.9473684210526316,1.7543859649122862,-0.877192982456132,automated_cleaning,tree
Breast Cancer,domain_violations,high,Logistic Regression,0.8771929824561403,0.9649122807017544,0.956140350877193,8.771929824561408,7.8947368421052655,automated_cleaning,non-tree
Breast Cancer,domain_violations,high,MLP,0.9649122807017544,0.9649122807017544,0.9649122807017544,0.0,0.0,automated_cleaning,non-tree
Breast Cancer,domain_violations,high,Random Forest,0.956140350877193,0.9736842105263158,0.956140350877193,1.7543859649122862,0.0,automated_cleaning,tree
Breast Cancer,domain_violations,high,XGBoost,0.956140350877193,0.9649122807017544,0.9473684210526316,0.8771929824561431,-0.877192982456132,automated_cleaning,tree
Breast Cancer,domain_violations,low,Decision Tree,0.9473684210526316,0.9298245614035088,0.9385964912280702,-1.7543859649122862,-0.8771929824561431,automated_cleaning,tree
Breast Cancer,domain_violations,low,Gaussian Naive Bayes,0.9210526315789472,0.9210526315789472,0.9210526315789472,0.0,0.0,automated_cleaning,non-tree
Breast Cancer,domain_violations,low,KNN,0.9473684210526316,0.956140350877193,0.9298245614035088,0.877192982456132,-1.7543859649122862,automated_cleaning,non-tree
Breast Cancer,domain_violations,low,LightGBM,0.9824561403508772,0.9736842105263158,0.9824561403508772,-0.8771929824561431,0.0,automated_cleaning,tree
Breast Cancer,domain_violations,low,Logistic Regression,0.956140350877193,0.9649122807017544,0.9824561403508772,0.8771929824561431,2.6315789473684292,automated_cleaning,non-tree
Breast Cancer,domain_violations,low,MLP,0.9912280701754386,0.9649122807017544,0.9912280701754386,-2.631578947368418,0.0,automated_cleaning,non-tree
Breast Cancer,domain_violations,low,Random Forest,0.9649122807017544,0.9736842105263158,0.9649122807017544,0.8771929824561431,0.0,automated_cleaning,tree
Breast Cancer,domain_violations,low,XGBoost,0.9824561403508772,0.9649122807017544,0.9736842105263158,-1.7543859649122862,-0.8771929824561431,automated_cleaning,tree
Breast Cancer,domain_violations,medium,Decision Tree,0.9473684210526316,0.9298245614035088,0.956140350877193,-1.7543859649122862,0.877192982456132,automated_cleaning,tree
Breast Cancer,domain_violations,medium,Gaussian Naive Bayes,0.868421052631579,0.9210526315789472,0.9385964912280702,5.263157894736825,7.017543859649122,automated_cleaning,non-tree
Breast Cancer,domain_violations,medium,KNN,0.9210526315789472,0.956140350877193,0.9298245614035088,3.5087719298245723,0.8771929824561542,automated_cleaning,non-tree
Breast Cancer,domain_violations,medium,LightGBM,0.9649122807017544,0.9736842105263158,0.9649122807017544,0.8771929824561431,0.0,automated_cleaning,tree
Breast Cancer,domain_violations,medium,Logistic Regression,0.9035087719298246,0.9649122807017544,0.9649122807017544,6.140350877192979,6.140350877192979,automated_cleaning,non-tree
Breast Cancer,domain_violations,medium,MLP,0.9912280701754386,0.9649122807017544,0.9736842105263158,-2.631578947368418,-1.754385964912275,automated_cleaning,non-tree
Breast Cancer,domain_violations,medium,Random Forest,0.9649122807017544,0.9736842105263158,0.9649122807017544,0.8771929824561431,0.0,automated_cleaning,tree
Breast Cancer,domain_violations,medium,XGBoost,0.9736842105263158,0.9649122807017544,0.9736842105263158,-0.8771929824561431,0.0,automated_cleaning,tree
Breast Cancer,duplicates,high,Decision Tree,0.8947368421052632,0.9298245614035088,0.9298245614035088,3.508771929824561,3.508771929824561,automated_cleaning,tree
Breast Cancer,duplicates,high,Gaussian Naive Bayes,0.9210526315789472,0.9210526315789472,0.9210526315789472,0.0,0.0,automated_cleaning,non-tree
Breast Cancer,duplicates,high,KNN,0.956140350877193,0.956140350877193,0.956140350877193,0.0,0.0,automated_cleaning,non-tree
Breast Cancer,duplicates,high,LightGBM,0.9649122807017544,0.9736842105263158,0.9736842105263158,0.8771929824561431,0.8771929824561431,automated_cleaning,tree
Breast Cancer,duplicates,high,Logistic Regression,0.9649122807017544,0.9649122807017544,0.9649122807017544,0.0,0.0,automated_cleaning,non-tree
Breast Cancer,duplicates,high,MLP,0.9736842105263158,0.9649122807017544,0.9649122807017544,-0.8771929824561431,-0.8771929824561431,automated_cleaning,non-tree
Breast Cancer,duplicates,high,Random Forest,0.9649122807017544,0.9736842105263158,0.9736842105263158,0.8771929824561431,0.8771929824561431,automated_cleaning,tree
Breast Cancer,duplicates,high,XGBoost,0.9736842105263158,0.9649122807017544,0.9649122807017544,-0.8771929824561431,-0.8771929824561431,automated_cleaning,tree
Breast Cancer,duplicates,low,Decision Tree,0.9298245614035088,0.9298245614035088,0.9298245614035088,0.0,0.0,automated_cleaning,tree
Breast Cancer,duplicates,low,Gaussian Naive Bayes,0.9210526315789472,0.9210526315789472,0.9210526315789472,0.0,0.0,automated_cleaning,non-tree
Breast Cancer,duplicates,low,KNN,0.956140350877193,0.956140350877193,0.956140350877193,0.0,0.0,automated_cleaning,non-tree
Breast Cancer,duplicates,low,LightGBM,0.9649122807017544,0.9736842105263158,0.9736842105263158,0.8771929824561431,0.8771929824561431,automated_cleaning,tree
Breast Cancer,duplicates,low,Logistic Regression,0.9649122807017544,0.9649122807017544,0.9649122807017544,0.0,0.0,automated_cleaning,non-tree
Breast Cancer,duplicates,low,MLP,0.9649122807017544,0.9649122807017544,0.9649122807017544,0.0,0.0,automated_cleaning,non-tree
Breast Cancer,duplicates,low,Random Forest,0.9736842105263158,0.9736842105263158,0.9736842105263158,0.0,0.0,automated_cleaning,tree
Breast Cancer,duplicates,low,XGBoost,0.9649122807017544,0.9649122807017544,0.9649122807017544,0.0,0.0,automated_cleaning,tree
Breast Cancer,duplicates,medium,Decision Tree,0.9298245614035088,0.9298245614035088,0.9298245614035088,0.0,0.0,automated_cleaning,tree
Breast Cancer,duplicates,medium,Gaussian Naive Bayes,0.9210526315789472,0.9210526315789472,0.9210526315789472,0.0,0.0,automated_cleaning,non-tree
Breast Cancer,duplicates,medium,KNN,0.9385964912280702,0.956140350877193,0.956140350877193,1.754385964912275,1.754385964912275,automated_cleaning,non-tree
Breast Cancer,duplicates,medium,LightGBM,0.9649122807017544,0.9736842105263158,0.9736842105263158,0.8771929824561431,0.8771929824561431,automated_cleaning,tree
Breast Cancer,duplicates,medium,Logistic Regression,0.9649122807017544,0.9649122807017544,0.9649122807017544,0.0,0.0,automated_cleaning,non-tree
Breast Cancer,duplicates,medium,MLP,0.9649122807017544,0.9649122807017544,0.9649122807017544,0.0,0.0,automated_cleaning,non-tree
Breast Cancer,duplicates,medium,Random Forest,0.9736842105263158,0.9736842105263158,0.9736842105263158,0.0,0.0,automated_cleaning,tree
Breast Cancer,duplicates,medium,XGBoost,0.9736842105263158,0.9649122807017544,0.9649122807017544,-0.8771929824561431,-0.8771929824561431,automated_cleaning,tree
Breast Cancer,duplicates_minority,high,Decision Tree,0.8947368421052632,0.9298245614035088,0.9298245614035088,3.508771929824561,3.508771929824561,automated_cleaning,tree
Breast Cancer,duplicates_minority,high,Gaussian Naive Bayes,0.9210526315789472,0.9210526315789472,0.9210526315789472,0.0,0.0,automated_cleaning,non-tree
Breast Cancer,duplicates_minority,high,KNN,0.956140350877193,0.956140350877193,0.956140350877193,0.0,0.0,automated_cleaning,non-tree
Breast Cancer,duplicates_minority,high,LightGBM,0.9649122807017544,0.9736842105263158,0.9736842105263158,0.8771929824561431,0.8771929824561431,automated_cleaning,tree
Breast Cancer,duplicates_minority,high,Logistic Regression,0.9736842105263158,0.9649122807017544,0.9649122807017544,-0.8771929824561431,-0.8771929824561431,automated_cleaning,non-tree
Breast Cancer,duplicates_minority,high,MLP,0.9649122807017544,0.9649122807017544,0.9649122807017544,0.0,0.0,automated_cleaning,non-tree
Breast Cancer,duplicates_minority,high,Random Forest,0.9736842105263158,0.9736842105263158,0.9736842105263158,0.0,0.0,automated_cleaning,tree
Breast Cancer,duplicates_minority,high,XGBoost,0.9736842105263158,0.9649122807017544,0.9649122807017544,-0.8771929824561431,-0.8771929824561431,automated_cleaning,tree
Breast Cancer,duplicates_minority,low,Decision Tree,0.9298245614035088,0.9298245614035088,0.9298245614035088,0.0,0.0,automated_cleaning,tree
Breast Cancer,duplicates_minority,low,Gaussian Naive Bayes,0.9298245614035088,0.9210526315789472,0.9210526315789472,-0.8771929824561542,-0.8771929824561542,automated_cleaning,non-tree
Breast Cancer,duplicates_minority,low,KNN,0.956140350877193,0.956140350877193,0.956140350877193,0.0,0.0,automated_cleaning,non-tree
Breast Cancer,duplicates_minority,low,LightGBM,0.9736842105263158,0.9736842105263158,0.9736842105263158,0.0,0.0,automated_cleaning,tree
Breast Cancer,duplicates_minority,low,Logistic Regression,0.9736842105263158,0.9649122807017544,0.9649122807017544,-0.8771929824561431,-0.8771929824561431,automated_cleaning,non-tree
Breast Cancer,duplicates_minority,low,MLP,0.9649122807017544,0.9649122807017544,0.9649122807017544,0.0,0.0,automated_cleaning,non-tree
Breast Cancer,duplicates_minority,low,Random Forest,0.9736842105263158,0.9736842105263158,0.9736842105263158,0.0,0.0,automated_cleaning,tree
Breast Cancer,duplicates_minority,low,XGBoost,0.9649122807017544,0.9649122807017544,0.9649122807017544,0.0,0.0,automated_cleaning,tree
Breast Cancer,duplicates_minority,medium,Decision Tree,0.9210526315789472,0.9298245614035088,0.9298245614035088,0.8771929824561542,0.8771929824561542,automated_cleaning,tree
Breast Cancer,duplicates_minority,medium,Gaussian Naive Bayes,0.9210526315789472,0.9210526315789472,0.9210526315789472,0.0,0.0,automated_cleaning,non-tree
Breast Cancer,duplicates_minority,medium,KNN,0.956140350877193,0.956140350877193,0.956140350877193,0.0,0.0,automated_cleaning,non-tree
Breast Cancer,duplicates_minority,medium,LightGBM,0.9824561403508772,0.9736842105263158,0.9736842105263158,-0.8771929824561431,-0.8771929824561431,automated_cleaning,tree
Breast Cancer,duplicates_minority,medium,Logistic Regression,0.9736842105263158,0.9649122807017544,0.9649122807017544,-0.8771929824561431,-0.8771929824561431,automated_cleaning,non-tree
Breast Cancer,duplicates_minority,medium,MLP,0.9649122807017544,0.9649122807017544,0.9649122807017544,0.0,0.0,automated_cleaning,non-tree
Breast Cancer,duplicates_minority,medium,Random Forest,0.9649122807017544,0.9736842105263158,0.9736842105263158,0.8771929824561431,0.8771929824561431,automated_cleaning,tree
Breast Cancer,duplicates_minority,medium,XGBoost,0.9649122807017544,0.9649122807017544,0.9649122807017544,0.0,0.0,automated_cleaning,tree
Breast Cancer,duplicates_targeted,high,Decision Tree,0.8947368421052632,0.9298245614035088,0.9298245614035088,3.508771929824561,3.508771929824561,automated_cleaning,tree
Breast Cancer,duplicates_targeted,high,Gaussian Naive Bayes,0.9385964912280702,0.9210526315789472,0.9210526315789472,-1.7543859649122973,-1.7543859649122973,automated_cleaning,non-tree
Breast Cancer,duplicates_targeted,high,KNN,0.956140350877193,0.956140350877193,0.956140350877193,0.0,0.0,automated_cleaning,non-tree
Breast Cancer,duplicates_targeted,high,LightGBM,0.9736842105263158,0.9736842105263158,0.9736842105263158,0.0,0.0,automated_cleaning,tree
Breast Cancer,duplicates_targeted,high,Logistic Regression,0.956140350877193,0.9649122807017544,0.9649122807017544,0.8771929824561431,0.8771929824561431,automated_cleaning,non-tree
Breast Cancer,duplicates_targeted,high,MLP,0.9736842105263158,0.9649122807017544,0.9649122807017544,-0.8771929824561431,-0.8771929824561431,automated_cleaning,non-tree
Breast Cancer,duplicates_targeted,high,Random Forest,0.956140350877193,0.9736842105263158,0.9736842105263158,1.7543859649122862,1.7543859649122862,automated_cleaning,tree
Breast Cancer,duplicates_targeted,high,XGBoost,0.9649122807017544,0.9649122807017544,0.9649122807017544,0.0,0.0,automated_cleaning,tree
Breast Cancer,duplicates_targeted,low,Decision Tree,0.9298245614035088,0.9298245614035088,0.9298245614035088,0.0,0.0,automated_cleaning,tree
Breast Cancer,duplicates_targeted,low,Gaussian Naive Bayes,0.9210526315789472,0.9210526315789472,0.9210526315789472,0.0,0.0,automated_cleaning,non-tree
Breast Cancer,duplicates_targeted,low,KNN,0.956140350877193,0.956140350877193,0.956140350877193,0.0,0.0,automated_cleaning,non-tree
Breast Cancer,duplicates_targeted,low,LightGBM,0.9649122807017544,0.9736842105263158,0.9736842105263158,0.8771929824561431,0.8771929824561431,automated_cleaning,tree
Breast Cancer,duplicates_targeted,low,Logistic Regression,0.9736842105263158,0.9649122807017544,0.9649122807017544,-0.8771929824561431,-0.8771929824561431,automated_cleaning,non-tree
Breast Cancer,duplicates_targeted,low,MLP,0.9736842105263158,0.9649122807017544,0.9649122807017544,-0.8771929824561431,-0.8771929824561431,automated_cleaning,non-tree
Breast Cancer,duplicates_targeted,low,Random Forest,0.9736842105263158,0.9736842105263158,0.9736842105263158,0.0,0.0,automated_cleaning,tree
Breast Cancer,duplicates_targeted,low,XGBoost,0.9736842105263158,0.9649122807017544,0.9649122807017544,-0.8771929824561431,-0.8771929824561431,automated_cleaning,tree
Breast Cancer,duplicates_targeted,medium,Decision Tree,0.9298245614035088,0.9298245614035088,0.9298245614035088,0.0,0.0,automated_cleaning,tree
Breast Cancer,duplicates_targeted,medium,Gaussian Naive Bayes,0.9210526315789472,0.9210526315789472,0.9210526315789472,0.0,0.0,automated_cleaning,non-tree
Breast Cancer,duplicates_targeted,medium,KNN,0.956140350877193,0.956140350877193,0.956140350877193,0.0,0.0,automated_cleaning,non-tree
Breast Cancer,duplicates_targeted,medium,LightGBM,0.9649122807017544,0.9736842105263158,0.9736842105263158,0.8771929824561431,0.8771929824561431,automated_cleaning,tree
Breast Cancer,duplicates_targeted,medium,Logistic Regression,0.9824561403508772,0.9649122807017544,0.9649122807017544,-1.7543859649122862,-1.7543859649122862,automated_cleaning,non-tree
Breast Cancer,duplicates_targeted,medium,MLP,0.9736842105263158,0.9649122807017544,0.9649122807017544,-0.8771929824561431,-0.8771929824561431,automated_cleaning,non-tree
Breast Cancer,duplicates_targeted,medium,Random Forest,0.9649122807017544,0.9736842105263158,0.9736842105263158,0.8771929824561431,0.8771929824561431,automated_cleaning,tree
Breast Cancer,duplicates_targeted,medium,XGBoost,0.9649122807017544,0.9649122807017544,0.9649122807017544,0.0,0.0,automated_cleaning,tree
Breast Cancer,feature_noise,high,Decision Tree,0.912280701754386,0.9298245614035088,0.912280701754386,1.754385964912275,0.0,automated_cleaning,tree
Breast Cancer,feature_noise,high,Gaussian Naive Bayes,0.9385964912280702,0.9210526315789472,0.9298245614035088,-1.7543859649122973,-0.8771929824561431,automated_cleaning,non-tree
Breast Cancer,feature_noise,high,KNN,0.9473684210526316,0.956140350877193,0.9473684210526316,0.877192982456132,0.0,automated_cleaning,non-tree
Breast Cancer,feature_noise,high,LightGBM,0.9736842105263158,0.9736842105263158,0.9649122807017544,0.0,-0.8771929824561431,automated_cleaning,tree
Breast Cancer,feature_noise,high,Logistic Regression,0.9824561403508772,0.9649122807017544,0.9824561403508772,-1.7543859649122862,0.0,automated_cleaning,non-tree
Breast Cancer,feature_noise,high,MLP,0.9824561403508772,0.9649122807017544,0.9824561403508772,-1.7543859649122862,0.0,automated_cleaning,non-tree
Breast Cancer,feature_noise,high,Random Forest,0.956140350877193,0.9736842105263158,0.956140350877193,1.7543859649122862,0.0,automated_cleaning,tree
Breast Cancer,feature_noise,high,XGBoost,0.9649122807017544,0.9649122807017544,0.9649122807017544,0.0,0.0,automated_cleaning,tree
Breast Cancer,feature_noise,low,Decision Tree,0.9210526315789472,0.9298245614035088,0.9210526315789472,0.8771929824561542,0.0,automated_cleaning,tree
Breast Cancer,feature_noise,low,Gaussian Naive Bayes,0.9210526315789472,0.9210526315789472,0.9298245614035088,0.0,0.8771929824561542,automated_cleaning,non-tree
Breast Cancer,feature_noise,low,KNN,0.956140350877193,0.956140350877193,0.956140350877193,0.0,0.0,automated_cleaning,non-tree
Breast Cancer,feature_noise,low,LightGBM,0.9736842105263158,0.9736842105263158,0.9736842105263158,0.0,0.0,automated_cleaning,tree
Breast Cancer,feature_noise,low,Logistic Regression,0.9736842105263158,0.9649122807017544,0.9736842105263158,-0.8771929824561431,0.0,automated_cleaning,non-tree
Breast Cancer,feature_noise,low,MLP,0.9649122807017544,0.9649122807017544,0.9649122807017544,0.0,0.0,automated_cleaning,non-tree
Breast Cancer,feature_noise,low,Random Forest,0.9649122807017544,0.9736842105263158,0.9649122807017544,0.8771929824561431,0.0,automated_cleaning,tree
Breast Cancer,feature_noise,low,XGBoost,0.9736842105263158,0.9649122807017544,0.9736842105263158,-0.8771929824561431,0.0,automated_cleaning,tree
Breast Cancer,feature_noise,medium,Decision Tree,0.912280701754386,0.9298245614035088,0.912280701754386,1.754385964912275,0.0,automated_cleaning,tree
Breast Cancer,feature_noise,medium,Gaussian Naive Bayes,0.9210526315789472,0.9210526315789472,0.9298245614035088,0.0,0.8771929824561542,automated_cleaning,non-tree
Breast Cancer,feature_noise,medium,KNN,0.956140350877193,0.956140350877193,0.956140350877193,0.0,0.0,automated_cleaning,non-tree
Breast Cancer,feature_noise,medium,LightGBM,0.9824561403508772,0.9736842105263158,0.9824561403508772,-0.8771929824561431,0.0,automated_cleaning,tree
Breast Cancer,feature_noise,medium,Logistic Regression,0.9736842105263158,0.9649122807017544,0.9824561403508772,-0.8771929824561431,0.8771929824561431,automated_cleaning,non-tree
Breast Cancer,feature_noise,medium,MLP,0.9824561403508772,0.9649122807017544,0.9824561403508772,-1.7543859649122862,0.0,automated_cleaning,non-tree
Breast Cancer,feature_noise,medium,Random Forest,0.9649122807017544,0.9736842105263158,0.9649122807017544,0.8771929824561431,0.0,automated_cleaning,tree
Breast Cancer,feature_noise,medium,XGBoost,0.9736842105263158,0.9649122807017544,0.9736842105263158,-0.8771929824561431,0.0,automated_cleaning,tree
Breast Cancer,feature_noise_targeted,high,Decision Tree,0.9035087719298246,0.9298245614035088,0.9035087719298246,2.631578947368418,0.0,automated_cleaning,tree
Breast Cancer,feature_noise_targeted,high,Gaussian Naive Bayes,0.912280701754386,0.9210526315789472,0.9210526315789472,0.8771929824561209,0.8771929824561209,automated_cleaning,non-tree
Breast Cancer,feature_noise_targeted,high,KNN,0.9473684210526316,0.956140350877193,0.9473684210526316,0.877192982456132,0.0,automated_cleaning,non-tree
Breast Cancer,feature_noise_targeted,high,LightGBM,0.9649122807017544,0.9736842105263158,0.9649122807017544,0.8771929824561431,0.0,automated_cleaning,tree
Breast Cancer,feature_noise_targeted,high,Logistic Regression,0.9649122807017544,0.9649122807017544,0.9649122807017544,0.0,0.0,automated_cleaning,non-tree
Breast Cancer,feature_noise_targeted,high,MLP,0.9736842105263158,0.9649122807017544,0.9736842105263158,-0.8771929824561431,0.0,automated_cleaning,non-tree
Breast Cancer,feature_noise_targeted,high,Random Forest,0.956140350877193,0.9736842105263158,0.956140350877193,1.7543859649122862,0.0,automated_cleaning,tree
Breast Cancer,feature_noise_targeted,high,XGBoost,0.956140350877193,0.9649122807017544,0.956140350877193,0.8771929824561431,0.0,automated_cleaning,tree
Breast Cancer,feature_noise_targeted,low,Decision Tree,0.912280701754386,0.9298245614035088,0.912280701754386,1.754385964912275,0.0,automated_cleaning,tree
Breast Cancer,feature_noise_targeted,low,Gaussian Naive Bayes,0.9210526315789472,0.9210526315789472,0.9298245614035088,0.0,0.8771929824561542,automated_cleaning,non-tree
Breast Cancer,feature_noise_targeted,low,KNN,0.956140350877193,0.956140350877193,0.9473684210526316,0.0,-0.877192982456132,automated_cleaning,non-tree
Breast Cancer,feature_noise_targeted,low,LightGBM,0.9649122807017544,0.9736842105263158,0.9649122807017544,0.8771929824561431,0.0,automated_cleaning,tree
Breast Cancer,feature_noise_targeted,low,Logistic Regression,0.9736842105263158,0.9649122807017544,0.9736842105263158,-0.8771929824561431,0.0,automated_cleaning,non-tree
Breast Cancer,feature_noise_targeted,low,MLP,0.9649122807017544,0.9649122807017544,0.9649122807017544,0.0,0.0,automated_cleaning,non-tree
Breast Cancer,feature_noise_targeted,low,Random Forest,0.956140350877193,0.9736842105263158,0.956140350877193,1.7543859649122862,0.0,automated_cleaning,tree
Breast Cancer,feature_noise_targeted,low,XGBoost,0.9649122807017544,0.9649122807017544,0.9649122807017544,0.0,0.0,automated_cleaning,tree
Breast Cancer,feature_noise_targeted,medium,Decision Tree,0.9035087719298246,0.9298245614035088,0.9035087719298246,2.631578947368418,0.0,automated_cleaning,tree
Breast Cancer,feature_noise_targeted,medium,Gaussian Naive Bayes,0.9210526315789472,0.9210526315789472,0.9298245614035088,0.0,0.8771929824561542,automated_cleaning,non-tree
Breast Cancer,feature_noise_targeted,medium,KNN,0.9385964912280702,0.956140350877193,0.9385964912280702,1.754385964912275,0.0,automated_cleaning,non-tree
Breast Cancer,feature_noise_targeted,medium,LightGBM,0.9649122807017544,0.9736842105263158,0.9736842105263158,0.8771929824561431,0.8771929824561431,automated_cleaning,tree
Breast Cancer,feature_noise_targeted,medium,Logistic Regression,0.956140350877193,0.9649122807017544,0.956140350877193,0.8771929824561431,0.0,automated_cleaning,non-tree
Breast Cancer,feature_noise_targeted,medium,MLP,0.9649122807017544,0.9649122807017544,0.9649122807017544,0.0,0.0,automated_cleaning,non-tree
Breast Cancer,feature_noise_targeted,medium,Random Forest,0.9649122807017544,0.9736842105263158,0.9649122807017544,0.8771929824561431,0.0,automated_cleaning,tree
Breast Cancer,feature_noise_targeted,medium,XGBoost,0.9736842105263158,0.9649122807017544,0.9736842105263158,-0.8771929824561431,0.0,automated_cleaning,tree
Breast Cancer,imbalanced_feature_distribution,high,Decision Tree,0.912280701754386,0.9298245614035088,0.912280701754386,1.754385964912275,0.0,automated_cleaning,tree
Breast Cancer,imbalanced_feature_distribution,high,Gaussian Naive Bayes,0.912280701754386,0.9210526315789472,0.9736842105263158,0.8771929824561209,6.140350877192979,automated_cleaning,non-tree
Breast Cancer,imbalanced_feature_distribution,high,KNN,0.9473684210526316,0.956140350877193,0.9736842105263158,0.877192982456132,2.631578947368418,automated_cleaning,non-tree
Breast Cancer,imbalanced_feature_distribution,high,LightGBM,0.9649122807017544,0.9736842105263158,0.9736842105263158,0.8771929824561431,0.8771929824561431,automated_cleaning,tree
Breast Cancer,imbalanced_feature_distribution,high,Logistic Regression,0.956140350877193,0.9649122807017544,0.9824561403508772,0.8771929824561431,2.6315789473684292,automated_cleaning,non-tree
Breast Cancer,imbalanced_feature_distribution,high,MLP,0.9649122807017544,0.9649122807017544,0.9736842105263158,0.0,0.8771929824561431,automated_cleaning,non-tree
Breast Cancer,imbalanced_feature_distribution,high,Random Forest,0.956140350877193,0.9736842105263158,0.956140350877193,1.7543859649122862,0.0,automated_cleaning,tree
Breast Cancer,imbalanced_feature_distribution,high,XGBoost,0.956140350877193,0.9649122807017544,0.956140350877193,0.8771929824561431,0.0,automated_cleaning,tree
Breast Cancer,imbalanced_feature_distribution,low,Decision Tree,0.956140350877193,0.9298245614035088,0.9473684210526316,-2.631578947368418,-0.877192982456132,automated_cleaning,tree
Breast Cancer,imbalanced_feature_distribution,low,Gaussian Naive Bayes,0.9210526315789472,0.9210526315789472,0.9649122807017544,0.0,4.385964912280715,automated_cleaning,non-tree
Breast Cancer,imbalanced_feature_distribution,low,KNN,0.9473684210526316,0.956140350877193,0.9473684210526316,0.877192982456132,0.0,automated_cleaning,non-tree
Breast Cancer,imbalanced_feature_distribution,low,LightGBM,0.9649122807017544,0.9736842105263158,0.9649122807017544,0.8771929824561431,0.0,automated_cleaning,tree
Breast Cancer,imbalanced_feature_distribution,low,Logistic Regression,0.9649122807017544,0.9649122807017544,0.9912280701754386,0.0,2.631578947368418,automated_cleaning,non-tree
Breast Cancer,imbalanced_feature_distribution,low,MLP,0.9649122807017544,0.9649122807017544,0.9736842105263158,0.0,0.8771929824561431,automated_cleaning,non-tree
Breast Cancer,imbalanced_feature_distribution,low,Random Forest,0.9736842105263158,0.9736842105263158,0.9736842105263158,0.0,0.0,automated_cleaning,tree
Breast Cancer,imbalanced_feature_distribution,low,XGBoost,0.956140350877193,0.9649122807017544,0.956140350877193,0.8771929824561431,0.0,automated_cleaning,tree
Breast Cancer,imbalanced_feature_distribution,medium,Decision Tree,0.9210526315789472,0.9298245614035088,0.9210526315789472,0.8771929824561542,0.0,automated_cleaning,tree
Breast Cancer,imbalanced_feature_distribution,medium,Gaussian Naive Bayes,0.9210526315789472,0.9210526315789472,0.9736842105263158,0.0,5.2631578947368585,automated_cleaning,non-tree
Breast Cancer,imbalanced_feature_distribution,medium,KNN,0.9385964912280702,0.956140350877193,0.9649122807017544,1.754385964912275,2.631578947368418,automated_cleaning,non-tree
Breast Cancer,imbalanced_feature_distribution,medium,LightGBM,0.9736842105263158,0.9736842105263158,0.9649122807017544,0.0,-0.8771929824561431,automated_cleaning,tree
Breast Cancer,imbalanced_feature_distribution,medium,Logistic Regression,0.9649122807017544,0.9649122807017544,0.9824561403508772,0.0,1.7543859649122862,automated_cleaning,non-tree
Breast Cancer,imbalanced_feature_distribution,medium,MLP,0.956140350877193,0.9649122807017544,0.956140350877193,0.8771929824561431,0.0,automated_cleaning,non-tree
Breast Cancer,imbalanced_feature_distribution,medium,Random Forest,0.9649122807017544,0.9736842105263158,0.9649122807017544,0.8771929824561431,0.0,automated_cleaning,tree
Breast Cancer,imbalanced_feature_distribution,medium,XGBoost,0.9736842105263158,0.9649122807017544,0.9736842105263158,-0.8771929824561431,0.0,automated_cleaning,tree
Breast Cancer,invalid_values,high,Decision Tree,0.912280701754386,0.9298245614035088,0.9298245614035088,1.754385964912275,1.754385964912275,automated_cleaning,tree
Breast Cancer,invalid_values,high,Gaussian Naive Bayes,0.3684210526315789,0.9210526315789472,0.9035087719298246,55.263157894736835,53.508771929824576,automated_cleaning,non-tree
Breast Cancer,invalid_values,high,KNN,0.9035087719298246,0.956140350877193,0.9385964912280702,5.263157894736836,3.508771929824561,automated_cleaning,non-tree
Breast Cancer,invalid_values,high,LightGBM,0.9473684210526316,0.9736842105263158,0.9736842105263158,2.631578947368418,2.631578947368418,automated_cleaning,tree
Breast Cancer,invalid_values,high,Logistic Regression,0.6403508771929824,0.9649122807017544,0.9912280701754386,32.45614035087719,35.08771929824561,automated_cleaning,non-tree
Breast Cancer,invalid_values,high,MLP,0.8859649122807017,0.9649122807017544,0.9824561403508772,7.8947368421052655,9.649122807017552,automated_cleaning,non-tree
Breast Cancer,invalid_values,high,Random Forest,0.956140350877193,0.9736842105263158,0.9649122807017544,1.7543859649122862,0.8771929824561431,automated_cleaning,tree
Breast Cancer,invalid_values,high,XGBoost,0.9473684210526316,0.9649122807017544,0.9736842105263158,1.754385964912275,2.631578947368418,automated_cleaning,tree
Breast Cancer,invalid_values,low,Decision Tree,0.9298245614035088,0.9298245614035088,0.9210526315789472,0.0,-0.8771929824561542,automated_cleaning,tree
Breast Cancer,invalid_values,low,Gaussian Naive Bayes,0.3684210526315789,0.9210526315789472,0.9210526315789472,55.263157894736835,55.263157894736835,automated_cleaning,non-tree
Breast Cancer,invalid_values,low,KNN,0.9385964912280702,0.956140350877193,0.956140350877193,1.754385964912275,1.754385964912275,automated_cleaning,non-tree
Breast Cancer,invalid_values,low,LightGBM,0.9736842105263158,0.9736842105263158,0.9736842105263158,0.0,0.0,automated_cleaning,tree
Breast Cancer,invalid_values,low,Logistic Regression,0.8947368421052632,0.9649122807017544,0.9824561403508772,7.017543859649122,8.771929824561408,automated_cleaning,non-tree
Breast Cancer,invalid_values,low,MLP,0.956140350877193,0.9649122807017544,0.9824561403508772,0.8771929824561431,2.6315789473684292,automated_cleaning,non-tree
Breast Cancer,invalid_values,low,Random Forest,0.9649122807017544,0.9736842105263158,0.9736842105263158,0.8771929824561431,0.8771929824561431,automated_cleaning,tree
Breast Cancer,invalid_values,low,XGBoost,0.9736842105263158,0.9649122807017544,0.9736842105263158,-0.8771929824561431,0.0,automated_cleaning,tree
Breast Cancer,invalid_values,medium,Decision Tree,0.9385964912280702,0.9298245614035088,0.8947368421052632,-0.8771929824561431,-4.385964912280704,automated_cleaning,tree
Breast Cancer,invalid_values,medium,Gaussian Naive Bayes,0.3684210526315789,0.9210526315789472,0.9210526315789472,55.263157894736835,55.263157894736835,automated_cleaning,non-tree
Breast Cancer,invalid_values,medium,KNN,0.912280701754386,0.956140350877193,0.956140350877193,4.385964912280693,4.385964912280693,automated_cleaning,non-tree
Breast Cancer,invalid_values,medium,LightGBM,0.9736842105263158,0.9736842105263158,0.9736842105263158,0.0,0.0,automated_cleaning,tree
Breast Cancer,invalid_values,medium,Logistic Regression,0.8070175438596491,0.9649122807017544,0.9912280701754386,15.789473684210531,18.42105263157895,automated_cleaning,non-tree
Breast Cancer,invalid_values,medium,MLP,0.8859649122807017,0.9649122807017544,0.9736842105263158,7.8947368421052655,8.771929824561408,automated_cleaning,non-tree
Breast Cancer,invalid_values,medium,Random Forest,0.956140350877193,0.9736842105263158,0.9649122807017544,1.7543859649122862,0.8771929824561431,automated_cleaning,tree
Breast Cancer,invalid_values,medium,XGBoost,0.9649122807017544,0.9649122807017544,0.9649122807017544,0.0,0.0,automated_cleaning,tree
Breast Cancer,label_noise,high,Decision Tree,0.8596491228070176,0.9298245614035088,,7.017543859649122,,external_intervention,tree
Breast Cancer,label_noise,high,Gaussian Naive Bayes,0.9473684210526316,0.9210526315789472,,-2.6315789473684403,,external_intervention,non-tree
Breast Cancer,label_noise,high,KNN,0.9385964912280702,0.956140350877193,,1.754385964912275,,external_intervention,non-tree
Breast Cancer,label_noise,high,LightGBM,0.9385964912280702,0.9736842105263158,,3.508771929824561,,external_intervention,tree
Breast Cancer,label_noise,high,Logistic Regression,0.9298245614035088,0.9649122807017544,,3.508771929824561,,external_intervention,non-tree
Breast Cancer,label_noise,high,MLP,0.912280701754386,0.9649122807017544,,5.263157894736836,,external_intervention,non-tree
Breast Cancer,label_noise,high,Random Forest,0.9298245614035088,0.9736842105263158,,4.385964912280704,,external_intervention,tree
Breast Cancer,label_noise,high,XGBoost,0.9385964912280702,0.9649122807017544,,2.631578947368418,,external_intervention,tree
Breast Cancer,label_noise,low,Decision Tree,0.8596491228070176,0.9298245614035088,,7.017543859649122,,external_intervention,tree
Breast Cancer,label_noise,low,Gaussian Naive Bayes,0.9210526315789472,0.9210526315789472,,0.0,,external_intervention,non-tree
Breast Cancer,label_noise,low,KNN,0.9473684210526316,0.956140350877193,,0.877192982456132,,external_intervention,non-tree
Breast Cancer,label_noise,low,LightGBM,0.9649122807017544,0.9736842105263158,,0.8771929824561431,,external_intervention,tree
Breast Cancer,label_noise,low,Logistic Regression,0.9649122807017544,0.9649122807017544,,0.0,,external_intervention,non-tree
Breast Cancer,label_noise,low,MLP,0.956140350877193,0.9649122807017544,,0.8771929824561431,,external_intervention,non-tree
Breast Cancer,label_noise,low,Random Forest,0.9649122807017544,0.9736842105263158,,0.8771929824561431,,external_intervention,tree
Breast Cancer,label_noise,low,XGBoost,0.9473684210526316,0.9649122807017544,,1.754385964912275,,external_intervention,tree
Breast Cancer,label_noise,medium,Decision Tree,0.8771929824561403,0.9298245614035088,,5.263157894736848,,external_intervention,tree
Breast Cancer,label_noise,medium,Gaussian Naive Bayes,0.9298245614035088,0.9210526315789472,,-0.8771929824561542,,external_intervention,non-tree
Breast Cancer,label_noise,medium,KNN,0.9298245614035088,0.956140350877193,,2.631578947368418,,external_intervention,non-tree
Breast Cancer,label_noise,medium,LightGBM,0.9210526315789472,0.9736842105263158,,5.2631578947368585,,external_intervention,tree
Breast Cancer,label_noise,medium,Logistic Regression,0.9298245614035088,0.9649122807017544,,3.508771929824561,,external_intervention,non-tree
Breast Cancer,label_noise,medium,MLP,0.956140350877193,0.9649122807017544,,0.8771929824561431,,external_intervention,non-tree
Breast Cancer,label_noise,medium,Random Forest,0.9473684210526316,0.9736842105263158,,2.631578947368418,,external_intervention,tree
Breast Cancer,label_noise,medium,XGBoost,0.9210526315789472,0.9649122807017544,,4.385964912280715,,external_intervention,tree
Breast Cancer,label_noise_asymmetric,high,Decision Tree,0.7982456140350878,0.9298245614035088,,13.157894736842103,,external_intervention,tree
Breast Cancer,label_noise_asymmetric,high,Gaussian Naive Bayes,0.9035087719298246,0.9210526315789472,,1.754385964912264,,external_intervention,non-tree
Breast Cancer,label_noise_asymmetric,high,KNN,0.8421052631578947,0.956140350877193,,11.403508771929827,,external_intervention,non-tree
Breast Cancer,label_noise_asymmetric,high,LightGBM,0.8245614035087719,0.9736842105263158,,14.912280701754387,,external_intervention,tree
Breast Cancer,label_noise_asymmetric,high,Logistic Regression,0.7631578947368421,0.9649122807017544,,20.175438596491226,,external_intervention,non-tree
Breast Cancer,label_noise_asymmetric,high,MLP,0.8508771929824561,0.9649122807017544,,11.403508771929827,,external_intervention,non-tree
Breast Cancer,label_noise_asymmetric,high,Random Forest,0.8157894736842105,0.9736842105263158,,15.789473684210531,,external_intervention,tree
Breast Cancer,label_noise_asymmetric,high,XGBoost,0.8070175438596491,0.9649122807017544,,15.789473684210531,,external_intervention,tree
Breast Cancer,label_noise_asymmetric,low,Decision Tree,0.8947368421052632,0.9298245614035088,,3.508771929824561,,external_intervention,tree
Breast Cancer,label_noise_asymmetric,low,Gaussian Naive Bayes,0.9385964912280702,0.9210526315789472,,-1.7543859649122973,,external_intervention,non-tree
Breast Cancer,label_noise_asymmetric,low,KNN,0.9298245614035088,0.956140350877193,,2.631578947368418,,external_intervention,non-tree
Breast Cancer,label_noise_asymmetric,low,LightGBM,0.956140350877193,0.9736842105263158,,1.7543859649122862,,external_intervention,tree
Breast Cancer,label_noise_asymmetric,low,Logistic Regression,0.9385964912280702,0.9649122807017544,,2.631578947368418,,external_intervention,non-tree
Breast Cancer,label_noise_asymmetric,low,MLP,0.9736842105263158,0.9649122807017544,,-0.8771929824561431,,external_intervention,non-tree
Breast Cancer,label_noise_asymmetric,low,Random Forest,0.9473684210526316,0.9736842105263158,,2.631578947368418,,external_intervention,tree
Breast Cancer,label_noise_asymmetric,low,XGBoost,0.9385964912280702,0.9649122807017544,,2.631578947368418,,external_intervention,tree
Breast Cancer,label_noise_asymmetric,medium,Decision Tree,0.8245614035087719,0.9298245614035088,,10.526315789473683,,external_intervention,tree
Breast Cancer,label_noise_asymmetric,medium,Gaussian Naive Bayes,0.9210526315789472,0.9210526315789472,,0.0,,external_intervention,non-tree
Breast Cancer,label_noise_asymmetric,medium,KNN,0.868421052631579,0.956140350877193,,8.771929824561397,,external_intervention,non-tree
Breast Cancer,label_noise_asymmetric,medium,LightGBM,0.9035087719298246,0.9736842105263158,,7.017543859649122,,external_intervention,tree
Breast Cancer,label_noise_asymmetric,medium,Logistic Regression,0.8245614035087719,0.9649122807017544,,14.035087719298245,,external_intervention,non-tree
Breast Cancer,label_noise_asymmetric,medium,MLP,0.9035087719298246,0.9649122807017544,,6.140350877192979,,external_intervention,non-tree
Breast Cancer,label_noise_asymmetric,medium,Random Forest,0.9210526315789472,0.9736842105263158,,5.2631578947368585,,external_intervention,tree
Breast Cancer,label_noise_asymmetric,medium,XGBoost,0.8947368421052632,0.9649122807017544,,7.017543859649122,,external_intervention,tree
Breast Cancer,missing_values,high,Decision Tree,0.8859649122807017,0.9298245614035088,0.9473684210526316,4.385964912280704,6.14035087719299,automated_cleaning,tree
Breast Cancer,missing_values,high,Gaussian Naive Bayes,0.9210526315789472,0.9210526315789472,0.9298245614035088,0.0,0.8771929824561542,automated_cleaning,non-tree
Breast Cancer,missing_values,high,KNN,0.9736842105263158,0.956140350877193,0.9385964912280702,-1.7543859649122862,-3.508771929824561,automated_cleaning,non-tree
Breast Cancer,missing_values,high,LightGBM,0.9736842105263158,0.9736842105263158,0.9824561403508772,0.0,0.8771929824561431,automated_cleaning,tree
Breast Cancer,missing_values,high,Logistic Regression,0.9824561403508772,0.9649122807017544,0.9736842105263158,-1.7543859649122862,-0.8771929824561431,automated_cleaning,non-tree
Breast Cancer,missing_values,high,MLP,0.9824561403508772,0.9649122807017544,0.9736842105263158,-1.7543859649122862,-0.8771929824561431,automated_cleaning,non-tree
Breast Cancer,missing_values,high,Random Forest,0.9473684210526316,0.9736842105263158,0.9649122807017544,2.631578947368418,1.754385964912275,automated_cleaning,tree
Breast Cancer,missing_values,high,XGBoost,0.9736842105263158,0.9649122807017544,0.9912280701754386,-0.8771929824561431,1.754385964912275,automated_cleaning,tree
Breast Cancer,missing_values,low,Decision Tree,0.9298245614035088,0.9298245614035088,0.9385964912280702,0.0,0.8771929824561431,automated_cleaning,tree
Breast Cancer,missing_values,low,Gaussian Naive Bayes,0.9210526315789472,0.9210526315789472,0.9210526315789472,0.0,0.0,automated_cleaning,non-tree
Breast Cancer,missing_values,low,KNN,0.956140350877193,0.956140350877193,0.956140350877193,0.0,0.0,automated_cleaning,non-tree
Breast Cancer,missing_values,low,LightGBM,0.9824561403508772,0.9736842105263158,0.9736842105263158,-0.8771929824561431,-0.8771929824561431,automated_cleaning,tree
Breast Cancer,missing_values,low,Logistic Regression,0.9824561403508772,0.9649122807017544,0.9736842105263158,-1.7543859649122862,-0.8771929824561431,automated_cleaning,non-tree
Breast Cancer,missing_values,low,MLP,0.9649122807017544,0.9649122807017544,0.9649122807017544,0.0,0.0,automated_cleaning,non-tree
Breast Cancer,missing_values,low,Random Forest,0.9649122807017544,0.9736842105263158,0.9736842105263158,0.8771929824561431,0.8771929824561431,automated_cleaning,tree
Breast Cancer,missing_values,low,XGBoost,0.9736842105263158,0.9649122807017544,0.9649122807017544,-0.8771929824561431,-0.8771929824561431,automated_cleaning,tree
Breast Cancer,missing_values,medium,Decision Tree,0.9385964912280702,0.9298245614035088,0.912280701754386,-0.8771929824561431,-2.631578947368418,automated_cleaning,tree
Breast Cancer,missing_values,medium,Gaussian Naive Bayes,0.9210526315789472,0.9210526315789472,0.9210526315789472,0.0,0.0,automated_cleaning,non-tree
Breast Cancer,missing_values,medium,KNN,0.9298245614035088,0.956140350877193,0.9385964912280702,2.631578947368418,0.8771929824561431,automated_cleaning,non-tree
Breast Cancer,missing_values,medium,LightGBM,0.9912280701754386,0.9736842105263158,0.9824561403508772,-1.754385964912275,-0.877192982456132,automated_cleaning,tree
Breast Cancer,missing_values,medium,Logistic Regression,0.9824561403508772,0.9649122807017544,0.9824561403508772,-1.7543859649122862,0.0,automated_cleaning,non-tree
Breast Cancer,missing_values,medium,MLP,0.9649122807017544,0.9649122807017544,0.9736842105263158,0.0,0.8771929824561431,automated_cleaning,non-tree
Breast Cancer,missing_values,medium,Random Forest,0.956140350877193,0.9736842105263158,0.9736842105263158,1.7543859649122862,1.7543859649122862,automated_cleaning,tree
Breast Cancer,missing_values,medium,XGBoost,0.9912280701754386,0.9649122807017544,0.9824561403508772,-2.631578947368418,-0.877192982456132,automated_cleaning,tree
Breast Cancer,missing_values_mnar,high,Decision Tree,0.9298245614035088,0.9298245614035088,0.8771929824561403,0.0,-5.263157894736848,automated_cleaning,tree
Breast Cancer,missing_values_mnar,high,Gaussian Naive Bayes,0.9473684210526316,0.9210526315789472,0.9385964912280702,-2.6315789473684403,-0.8771929824561431,automated_cleaning,non-tree
Breast Cancer,missing_values_mnar,high,KNN,0.9035087719298246,0.956140350877193,0.9035087719298246,5.263157894736836,0.0,automated_cleaning,non-tree
Breast Cancer,missing_values_mnar,high,LightGBM,0.9210526315789472,0.9736842105263158,0.9210526315789472,5.2631578947368585,0.0,automated_cleaning,tree
Breast Cancer,missing_values_mnar,high,Logistic Regression,0.9649122807017544,0.9649122807017544,0.9385964912280702,0.0,-2.631578947368418,automated_cleaning,non-tree
Breast Cancer,missing_values_mnar,high,MLP,0.9736842105263158,0.9649122807017544,0.9298245614035088,-0.8771929824561431,-4.385964912280704,automated_cleaning,non-tree
Breast Cancer,missing_values_mnar,high,Random Forest,0.9736842105263158,0.9736842105263158,0.9210526315789472,0.0,-5.2631578947368585,automated_cleaning,tree
Breast Cancer,missing_values_mnar,high,XGBoost,0.912280701754386,0.9649122807017544,0.9298245614035088,5.263157894736836,1.754385964912275,automated_cleaning,tree
Breast Cancer,missing_values_mnar,low,Decision Tree,0.912280701754386,0.9298245614035088,0.912280701754386,1.754385964912275,0.0,automated_cleaning,tree
Breast Cancer,missing_values_mnar,low,Gaussian Naive Bayes,0.9210526315789472,0.9210526315789472,0.9298245614035088,0.0,0.8771929824561542,automated_cleaning,non-tree
Breast Cancer,missing_values_mnar,low,KNN,0.956140350877193,0.956140350877193,0.9473684210526316,0.0,-0.877192982456132,automated_cleaning,non-tree
Breast Cancer,missing_values_mnar,low,LightGBM,0.956140350877193,0.9736842105263158,0.9736842105263158,1.7543859649122862,1.7543859649122862,automated_cleaning,tree
Breast Cancer,missing_values_mnar,low,Logistic Regression,0.9912280701754386,0.9649122807017544,0.9824561403508772,-2.631578947368418,-0.877192982456132,automated_cleaning,non-tree
Breast Cancer,missing_values_mnar,low,MLP,0.9824561403508772,0.9649122807017544,0.9824561403508772,-1.7543859649122862,0.0,automated_cleaning,non-tree
Breast Cancer,missing_values_mnar,low,Random Forest,0.9736842105263158,0.9736842105263158,0.9649122807017544,0.0,-0.8771929824561431,automated_cleaning,tree
Breast Cancer,missing_values_mnar,low,XGBoost,0.9736842105263158,0.9649122807017544,0.9736842105263158,-0.8771929824561431,0.0,automated_cleaning,tree
Breast Cancer,missing_values_mnar,medium,Decision Tree,0.9298245614035088,0.9298245614035088,0.912280701754386,0.0,-1.754385964912275,automated_cleaning,tree
Breast Cancer,missing_values_mnar,medium,Gaussian Naive Bayes,0.9210526315789472,0.9210526315789472,0.9385964912280702,0.0,1.7543859649122973,automated_cleaning,non-tree
Breast Cancer,missing_values_mnar,medium,KNN,0.9298245614035088,0.956140350877193,0.9385964912280702,2.631578947368418,0.8771929824561431,automated_cleaning,non-tree
Breast Cancer,missing_values_mnar,medium,LightGBM,0.9649122807017544,0.9736842105263158,0.9473684210526316,0.8771929824561431,-1.754385964912275,automated_cleaning,tree
Breast Cancer,missing_values_mnar,medium,Logistic Regression,0.9912280701754386,0.9649122807017544,0.9824561403508772,-2.631578947368418,-0.877192982456132,automated_cleaning,non-tree
Breast Cancer,missing_values_mnar,medium,MLP,0.9824561403508772,0.9649122807017544,0.9736842105263158,-1.7543859649122862,-0.8771929824561431,automated_cleaning,non-tree
Breast Cancer,missing_values_mnar,medium,Random Forest,0.9736842105263158,0.9736842105263158,0.956140350877193,0.0,-1.7543859649122862,automated_cleaning,tree
Breast Cancer,missing_values_mnar,medium,XGBoost,0.9473684210526316,0.9649122807017544,0.9473684210526316,1.754385964912275,0.0,automated_cleaning,tree
Breast Cancer,outliers,high,Decision Tree,0.956140350877193,0.9298245614035088,0.956140350877193,-2.631578947368418,0.0,automated_cleaning,tree
Breast Cancer,outliers,high,Gaussian Naive Bayes,0.8771929824561403,0.9210526315789472,0.9298245614035088,4.385964912280693,5.263157894736848,automated_cleaning,non-tree
Breast Cancer,outliers,high,KNN,0.8771929824561403,0.956140350877193,0.9035087719298246,7.8947368421052655,2.6315789473684292,automated_cleaning,non-tree
Breast Cancer,outliers,high,LightGBM,0.9473684210526316,0.9736842105263158,0.9473684210526316,2.631578947368418,0.0,automated_cleaning,tree
Breast Cancer,outliers,high,Logistic Regression,0.9298245614035088,0.9649122807017544,0.9473684210526316,3.508771929824561,1.7543859649122862,automated_cleaning,non-tree
Breast Cancer,outliers,high,MLP,0.9649122807017544,0.9649122807017544,0.9649122807017544,0.0,0.0,automated_cleaning,non-tree
Breast Cancer,outliers,high,Random Forest,0.9649122807017544,0.9736842105263158,0.9649122807017544,0.8771929824561431,0.0,automated_cleaning,tree
Breast Cancer,outliers,high,XGBoost,0.9649122807017544,0.9649122807017544,0.9736842105263158,0.0,0.8771929824561431,automated_cleaning,tree
Breast Cancer,outliers,low,Decision Tree,0.912280701754386,0.9298245614035088,0.912280701754386,1.754385964912275,0.0,automated_cleaning,tree
Breast Cancer,outliers,low,Gaussian Naive Bayes,0.9385964912280702,0.9210526315789472,0.9298245614035088,-1.7543859649122973,-0.8771929824561431,automated_cleaning,non-tree
Breast Cancer,outliers,low,KNN,0.9473684210526316,0.956140350877193,0.956140350877193,0.877192982456132,0.877192982456132,automated_cleaning,non-tree
Breast Cancer,outliers,low,LightGBM,0.9736842105263158,0.9736842105263158,0.9736842105263158,0.0,0.0,automated_cleaning,tree
Breast Cancer,outliers,low,Logistic Regression,0.9649122807017544,0.9649122807017544,0.9649122807017544,0.0,0.0,automated_cleaning,non-tree
Breast Cancer,outliers,low,MLP,0.9736842105263158,0.9649122807017544,0.9736842105263158,-0.8771929824561431,0.0,automated_cleaning,non-tree
Breast Cancer,outliers,low,Random Forest,0.9649122807017544,0.9736842105263158,0.9736842105263158,0.8771929824561431,0.8771929824561431,automated_cleaning,tree
Breast Cancer,outliers,low,XGBoost,0.9736842105263158,0.9649122807017544,0.9736842105263158,-0.8771929824561431,0.0,automated_cleaning,tree
Breast Cancer,outliers,medium,Decision Tree,0.9649122807017544,0.9298245614035088,0.9649122807017544,-3.508771929824561,0.0,automated_cleaning,tree
Breast Cancer,outliers,medium,Gaussian Naive Bayes,0.9210526315789472,0.9210526315789472,0.9210526315789472,0.0,0.0,automated_cleaning,non-tree
Breast Cancer,outliers,medium,KNN,0.9473684210526316,0.956140350877193,0.9473684210526316,0.877192982456132,0.0,automated_cleaning,non-tree
Breast Cancer,outliers,medium,LightGBM,0.9736842105263158,0.9736842105263158,0.9649122807017544,0.0,-0.8771929824561431,automated_cleaning,tree
Breast Cancer,outliers,medium,Logistic Regression,0.956140350877193,0.9649122807017544,0.956140350877193,0.8771929824561431,0.0,automated_cleaning,non-tree
Breast Cancer,outliers,medium,MLP,0.9736842105263158,0.9649122807017544,0.956140350877193,-0.8771929824561431,-1.7543859649122862,automated_cleaning,non-tree
Breast Cancer,outliers,medium,Random Forest,0.9649122807017544,0.9736842105263158,0.9736842105263158,0.8771929824561431,0.8771929824561431,automated_cleaning,tree
Breast Cancer,outliers,medium,XGBoost,0.9736842105263158,0.9649122807017544,0.9736842105263158,-0.8771929824561431,0.0,automated_cleaning,tree
Breast Cancer,outliers_targeted,high,Decision Tree,0.9035087719298246,0.9298245614035088,0.9035087719298246,2.631578947368418,0.0,automated_cleaning,tree
Breast Cancer,outliers_targeted,high,Gaussian Naive Bayes,0.8859649122807017,0.9210526315789472,0.8859649122807017,3.50877192982455,0.0,automated_cleaning,non-tree
Breast Cancer,outliers_targeted,high,KNN,0.9035087719298246,0.956140350877193,0.8947368421052632,5.263157894736836,-0.8771929824561431,automated_cleaning,non-tree
Breast Cancer,outliers_targeted,high,LightGBM,0.9649122807017544,0.9736842105263158,0.9649122807017544,0.8771929824561431,0.0,automated_cleaning,tree
Breast Cancer,outliers_targeted,high,Logistic Regression,0.9473684210526316,0.9649122807017544,0.9649122807017544,1.754385964912275,1.754385964912275,automated_cleaning,non-tree
Breast Cancer,outliers_targeted,high,MLP,0.956140350877193,0.9649122807017544,0.9649122807017544,0.8771929824561431,0.8771929824561431,automated_cleaning,non-tree
Breast Cancer,outliers_targeted,high,Random Forest,0.9385964912280702,0.9736842105263158,0.9385964912280702,3.508771929824561,0.0,automated_cleaning,tree
Breast Cancer,outliers_targeted,high,XGBoost,0.956140350877193,0.9649122807017544,0.9473684210526316,0.8771929824561431,-0.877192982456132,automated_cleaning,tree
Breast Cancer,outliers_targeted,low,Decision Tree,0.9210526315789472,0.9298245614035088,0.9210526315789472,0.8771929824561542,0.0,automated_cleaning,tree
Breast Cancer,outliers_targeted,low,Gaussian Naive Bayes,0.9035087719298246,0.9210526315789472,0.9210526315789472,1.754385964912264,1.754385964912264,automated_cleaning,non-tree
Breast Cancer,outliers_targeted,low,KNN,0.9385964912280702,0.956140350877193,0.9385964912280702,1.754385964912275,0.0,automated_cleaning,non-tree
Breast Cancer,outliers_targeted,low,LightGBM,0.9649122807017544,0.9736842105263158,0.956140350877193,0.8771929824561431,-0.8771929824561431,automated_cleaning,tree
Breast Cancer,outliers_targeted,low,Logistic Regression,0.9736842105263158,0.9649122807017544,0.9824561403508772,-0.8771929824561431,0.8771929824561431,automated_cleaning,non-tree
Breast Cancer,outliers_targeted,low,MLP,0.9736842105263158,0.9649122807017544,0.9824561403508772,-0.8771929824561431,0.8771929824561431,automated_cleaning,non-tree
Breast Cancer,outliers_targeted,low,Random Forest,0.9649122807017544,0.9736842105263158,0.9649122807017544,0.8771929824561431,0.0,automated_cleaning,tree
Breast Cancer,outliers_targeted,low,XGBoost,0.956140350877193,0.9649122807017544,0.956140350877193,0.8771929824561431,0.0,automated_cleaning,tree
Breast Cancer,outliers_targeted,medium,Decision Tree,0.9385964912280702,0.9298245614035088,0.9385964912280702,-0.8771929824561431,0.0,automated_cleaning,tree
Breast Cancer,outliers_targeted,medium,Gaussian Naive Bayes,0.8947368421052632,0.9210526315789472,0.8859649122807017,2.631578947368407,-0.8771929824561431,automated_cleaning,non-tree
Breast Cancer,outliers_targeted,medium,KNN,0.956140350877193,0.956140350877193,0.9736842105263158,0.0,1.7543859649122862,automated_cleaning,non-tree
Breast Cancer,outliers_targeted,medium,LightGBM,0.956140350877193,0.9736842105263158,0.9736842105263158,1.7543859649122862,1.7543859649122862,automated_cleaning,tree
Breast Cancer,outliers_targeted,medium,Logistic Regression,0.9473684210526316,0.9649122807017544,0.9649122807017544,1.754385964912275,1.754385964912275,automated_cleaning,non-tree
Breast Cancer,outliers_targeted,medium,MLP,0.956140350877193,0.9649122807017544,0.9736842105263158,0.8771929824561431,1.7543859649122862,automated_cleaning,non-tree
Breast Cancer,outliers_targeted,medium,Random Forest,0.9736842105263158,0.9736842105263158,0.9649122807017544,0.0,-0.8771929824561431,automated_cleaning,tree
Breast Cancer,outliers_targeted,medium,XGBoost,0.9649122807017544,0.9649122807017544,0.956140350877193,0.0,-0.8771929824561431,automated_cleaning,tree
Breast Cancer,provenance_issues,high,Decision Tree,0.956140350877193,0.9298245614035088,,-2.631578947368418,,external_intervention,tree
Breast Cancer,provenance_issues,high,Gaussian Naive Bayes,0.912280701754386,0.9210526315789472,,0.8771929824561209,,external_intervention,non-tree
Breast Cancer,provenance_issues,high,KNN,0.9385964912280702,0.956140350877193,,1.754385964912275,,external_intervention,non-tree
Breast Cancer,provenance_issues,high,LightGBM,0.9736842105263158,0.9736842105263158,,0.0,,external_intervention,tree
Breast Cancer,provenance_issues,high,Logistic Regression,0.9649122807017544,0.9649122807017544,,0.0,,external_intervention,non-tree
Breast Cancer,provenance_issues,high,MLP,0.9649122807017544,0.9649122807017544,,0.0,,external_intervention,non-tree
Breast Cancer,provenance_issues,high,Random Forest,0.9736842105263158,0.9736842105263158,,0.0,,external_intervention,tree
Breast Cancer,provenance_issues,high,XGBoost,0.9649122807017544,0.9649122807017544,,0.0,,external_intervention,tree
Breast Cancer,provenance_issues,low,Decision Tree,0.9385964912280702,0.9298245614035088,,-0.8771929824561431,,external_intervention,tree
Breast Cancer,provenance_issues,low,Gaussian Naive Bayes,0.9385964912280702,0.9210526315789472,,-1.7543859649122973,,external_intervention,non-tree
Breast Cancer,provenance_issues,low,KNN,0.9649122807017544,0.956140350877193,,-0.8771929824561431,,external_intervention,non-tree
Breast Cancer,provenance_issues,low,LightGBM,0.9649122807017544,0.9736842105263158,,0.8771929824561431,,external_intervention,tree
Breast Cancer,provenance_issues,low,Logistic Regression,0.9736842105263158,0.9649122807017544,,-0.8771929824561431,,external_intervention,non-tree
Breast Cancer,provenance_issues,low,MLP,0.9649122807017544,0.9649122807017544,,0.0,,external_intervention,non-tree
Breast Cancer,provenance_issues,low,Random Forest,0.956140350877193,0.9736842105263158,,1.7543859649122862,,external_intervention,tree
Breast Cancer,provenance_issues,low,XGBoost,0.9736842105263158,0.9649122807017544,,-0.8771929824561431,,external_intervention,tree
Breast Cancer,provenance_issues,medium,Decision Tree,0.9298245614035088,0.9298245614035088,,0.0,,external_intervention,tree
Breast Cancer,provenance_issues,medium,Gaussian Naive Bayes,0.9298245614035088,0.9210526315789472,,-0.8771929824561542,,external_intervention,non-tree
Breast Cancer,provenance_issues,medium,KNN,0.9385964912280702,0.956140350877193,,1.754385964912275,,external_intervention,non-tree
Breast Cancer,provenance_issues,medium,LightGBM,0.9736842105263158,0.9736842105263158,,0.0,,external_intervention,tree
Breast Cancer,provenance_issues,medium,Logistic Regression,0.9736842105263158,0.9649122807017544,,-0.8771929824561431,,external_intervention,non-tree
Breast Cancer,provenance_issues,medium,MLP,0.9649122807017544,0.9649122807017544,,0.0,,external_intervention,non-tree
Breast Cancer,provenance_issues,medium,Random Forest,0.9736842105263158,0.9736842105263158,,0.0,,external_intervention,tree
Breast Cancer,provenance_issues,medium,XGBoost,0.9912280701754386,0.9649122807017544,,-2.631578947368418,,external_intervention,tree
Breast Cancer,redundant_features,high,Decision Tree,0.9298245614035088,0.9298245614035088,0.9210526315789472,0.0,-0.8771929824561542,automated_cleaning,tree
Breast Cancer,redundant_features,high,Gaussian Naive Bayes,0.9298245614035088,0.9210526315789472,0.9035087719298246,-0.8771929824561542,-2.631578947368418,automated_cleaning,non-tree
Breast Cancer,redundant_features,high,KNN,0.9385964912280702,0.956140350877193,0.9473684210526316,1.754385964912275,0.8771929824561431,automated_cleaning,non-tree
Breast Cancer,redundant_features,high,LightGBM,0.9649122807017544,0.9736842105263158,0.9649122807017544,0.8771929824561431,0.0,automated_cleaning,tree
Breast Cancer,redundant_features,high,Logistic Regression,0.9649122807017544,0.9649122807017544,0.9649122807017544,0.0,0.0,automated_cleaning,non-tree
Breast Cancer,redundant_features,high,MLP,0.9736842105263158,0.9649122807017544,0.9649122807017544,-0.8771929824561431,-0.8771929824561431,automated_cleaning,non-tree
Breast Cancer,redundant_features,high,Random Forest,0.9649122807017544,0.9736842105263158,0.9473684210526316,0.8771929824561431,-1.754385964912275,automated_cleaning,tree
Breast Cancer,redundant_features,high,XGBoost,0.9649122807017544,0.9649122807017544,0.9649122807017544,0.0,0.0,automated_cleaning,tree
Breast Cancer,redundant_features,low,Decision Tree,0.3859649122807017,0.9298245614035088,0.9210526315789472,54.38596491228071,53.50877192982455,automated_cleaning,tree
Breast Cancer,redundant_features,low,Gaussian Naive Bayes,0.9210526315789472,0.9210526315789472,0.9035087719298246,0.0,-1.754385964912264,automated_cleaning,non-tree
Breast Cancer,redundant_features,low,KNN,0.9473684210526316,0.956140350877193,0.9473684210526316,0.877192982456132,0.0,automated_cleaning,non-tree
Breast Cancer,redundant_features,low,LightGBM,0.9649122807017544,0.9736842105263158,0.9649122807017544,0.8771929824561431,0.0,automated_cleaning,tree
Breast Cancer,redundant_features,low,Logistic Regression,0.9649122807017544,0.9649122807017544,0.9649122807017544,0.0,0.0,automated_cleaning,non-tree
Breast Cancer,redundant_features,low,MLP,0.9736842105263158,0.9649122807017544,0.9649122807017544,-0.8771929824561431,-0.8771929824561431,automated_cleaning,non-tree
Breast Cancer,redundant_features,low,Random Forest,0.9736842105263158,0.9736842105263158,0.9473684210526316,0.0,-2.631578947368418,automated_cleaning,tree
Breast Cancer,redundant_features,low,XGBoost,0.9649122807017544,0.9649122807017544,0.9649122807017544,0.0,0.0,automated_cleaning,tree
Breast Cancer,redundant_features,medium,Decision Tree,0.9210526315789472,0.9298245614035088,0.9210526315789472,0.8771929824561542,0.0,automated_cleaning,tree
Breast Cancer,redundant_features,medium,Gaussian Naive Bayes,0.9210526315789472,0.9210526315789472,0.9035087719298246,0.0,-1.754385964912264,automated_cleaning,non-tree
Breast Cancer,redundant_features,medium,KNN,0.956140350877193,0.956140350877193,0.9473684210526316,0.0,-0.877192982456132,automated_cleaning,non-tree
Breast Cancer,redundant_features,medium,LightGBM,0.9649122807017544,0.9736842105263158,0.9649122807017544,0.8771929824561431,0.0,automated_cleaning,tree
Breast Cancer,redundant_features,medium,Logistic Regression,0.9736842105263158,0.9649122807017544,0.9649122807017544,-0.8771929824561431,-0.8771929824561431,automated_cleaning,non-tree
Breast Cancer,redundant_features,medium,MLP,0.9736842105263158,0.9649122807017544,0.9649122807017544,-0.8771929824561431,-0.8771929824561431,automated_cleaning,non-tree
Breast Cancer,redundant_features,medium,Random Forest,0.9736842105263158,0.9736842105263158,0.9473684210526316,0.0,-2.631578947368418,automated_cleaning,tree
Breast Cancer,redundant_features,medium,XGBoost,0.9649122807017544,0.9649122807017544,0.9649122807017544,0.0,0.0,automated_cleaning,tree
Breast Cancer,typographical_errors,high,Decision Tree,0.9298245614035088,0.9298245614035088,0.9298245614035088,0.0,0.0,automated_cleaning,tree
Breast Cancer,typographical_errors,high,Gaussian Naive Bayes,0.9210526315789472,0.9210526315789472,0.9210526315789472,0.0,0.0,automated_cleaning,non-tree
Breast Cancer,typographical_errors,high,KNN,0.956140350877193,0.956140350877193,0.956140350877193,0.0,0.0,automated_cleaning,non-tree
Breast Cancer,typographical_errors,high,LightGBM,0.9736842105263158,0.9736842105263158,0.9736842105263158,0.0,0.0,automated_cleaning,tree
Breast Cancer,typographical_errors,high,Logistic Regression,0.9649122807017544,0.9649122807017544,0.9649122807017544,0.0,0.0,automated_cleaning,non-tree
Breast Cancer,typographical_errors,high,MLP,0.9649122807017544,0.9649122807017544,0.9649122807017544,0.0,0.0,automated_cleaning,non-tree
Breast Cancer,typographical_errors,high,Random Forest,0.9736842105263158,0.9736842105263158,0.9736842105263158,0.0,0.0,automated_cleaning,tree
Breast Cancer,typographical_errors,high,XGBoost,0.9649122807017544,0.9649122807017544,0.9649122807017544,0.0,0.0,automated_cleaning,tree
Breast Cancer,typographical_errors,low,Decision Tree,0.9298245614035088,0.9298245614035088,0.9298245614035088,0.0,0.0,automated_cleaning,tree
Breast Cancer,typographical_errors,low,Gaussian Naive Bayes,0.9210526315789472,0.9210526315789472,0.9210526315789472,0.0,0.0,automated_cleaning,non-tree
Breast Cancer,typographical_errors,low,KNN,0.956140350877193,0.956140350877193,0.956140350877193,0.0,0.0,automated_cleaning,non-tree
Breast Cancer,typographical_errors,low,LightGBM,0.9736842105263158,0.9736842105263158,0.9736842105263158,0.0,0.0,automated_cleaning,tree
Breast Cancer,typographical_errors,low,Logistic Regression,0.9649122807017544,0.9649122807017544,0.9649122807017544,0.0,0.0,automated_cleaning,non-tree
Breast Cancer,typographical_errors,low,MLP,0.9649122807017544,0.9649122807017544,0.9649122807017544,0.0,0.0,automated_cleaning,non-tree
Breast Cancer,typographical_errors,low,Random Forest,0.9736842105263158,0.9736842105263158,0.9736842105263158,0.0,0.0,automated_cleaning,tree
Breast Cancer,typographical_errors,low,XGBoost,0.9649122807017544,0.9649122807017544,0.9649122807017544,0.0,0.0,automated_cleaning,tree
Breast Cancer,typographical_errors,medium,Decision Tree,0.9298245614035088,0.9298245614035088,0.9298245614035088,0.0,0.0,automated_cleaning,tree
Breast Cancer,typographical_errors,medium,Gaussian Naive Bayes,0.9210526315789472,0.9210526315789472,0.9210526315789472,0.0,0.0,automated_cleaning,non-tree
Breast Cancer,typographical_errors,medium,KNN,0.956140350877193,0.956140350877193,0.956140350877193,0.0,0.0,automated_cleaning,non-tree
Breast Cancer,typographical_errors,medium,LightGBM,0.9736842105263158,0.9736842105263158,0.9736842105263158,0.0,0.0,automated_cleaning,tree
Breast Cancer,typographical_errors,medium,Logistic Regression,0.9649122807017544,0.9649122807017544,0.9649122807017544,0.0,0.0,automated_cleaning,non-tree
Breast Cancer,typographical_errors,medium,MLP,0.9649122807017544,0.9649122807017544,0.9649122807017544,0.0,0.0,automated_cleaning,non-tree
Breast Cancer,typographical_errors,medium,Random Forest,0.9736842105263158,0.9736842105263158,0.9736842105263158,0.0,0.0,automated_cleaning,tree
Breast Cancer,typographical_errors,medium,XGBoost,0.9649122807017544,0.9649122807017544,0.9649122807017544,0.0,0.0,automated_cleaning,tree
German Credit,ambiguous_labels,high,Decision Tree,0.7,0.705,,0.5000000000000004,,external_intervention,tree
German Credit,ambiguous_labels,high,Gaussian Naive Bayes,0.67,0.685,,1.5000000000000013,,external_intervention,non-tree
German Credit,ambiguous_labels,high,KNN,0.65,0.685,,3.500000000000003,,external_intervention,non-tree
German Credit,ambiguous_labels,high,LightGBM,0.69,0.735,,4.5000000000000036,,external_intervention,tree
German Credit,ambiguous_labels,high,Logistic Regression,0.75,0.74,,-1.0000000000000009,,external_intervention,non-tree
German Credit,ambiguous_labels,high,MLP,0.71,0.725,,1.5000000000000013,,external_intervention,non-tree
German Credit,ambiguous_labels,high,Random Forest,0.765,0.76,,-0.5000000000000004,,external_intervention,tree
German Credit,ambiguous_labels,high,XGBoost,0.705,0.765,,6.000000000000005,,external_intervention,tree
German Credit,ambiguous_labels,low,Decision Tree,0.645,0.705,,5.999999999999995,,external_intervention,tree
German Credit,ambiguous_labels,low,Gaussian Naive Bayes,0.67,0.685,,1.5000000000000013,,external_intervention,non-tree
German Credit,ambiguous_labels,low,KNN,0.665,0.685,,2.0000000000000018,,external_intervention,non-tree
German Credit,ambiguous_labels,low,LightGBM,0.75,0.735,,-1.5000000000000013,,external_intervention,tree
German Credit,ambiguous_labels,low,Logistic Regression,0.73,0.74,,1.0000000000000009,,external_intervention,non-tree
German Credit,ambiguous_labels,low,MLP,0.705,0.725,,2.0000000000000018,,external_intervention,non-tree
German Credit,ambiguous_labels,low,Random Forest,0.755,0.76,,0.5000000000000004,,external_intervention,tree
German Credit,ambiguous_labels,low,XGBoost,0.715,0.765,,5.000000000000004,,external_intervention,tree
German Credit,ambiguous_labels,medium,Decision Tree,0.56,0.705,,14.499999999999991,,external_intervention,tree
German Credit,ambiguous_labels,medium,Gaussian Naive Bayes,0.67,0.685,,1.5000000000000013,,external_intervention,non-tree
German Credit,ambiguous_labels,medium,KNN,0.64,0.685,,4.5000000000000036,,external_intervention,non-tree
German Credit,ambiguous_labels,medium,LightGBM,0.72,0.735,,1.5000000000000013,,external_intervention,tree
German Credit,ambiguous_labels,medium,Logistic Regression,0.735,0.74,,0.5000000000000004,,external_intervention,non-tree
German Credit,ambiguous_labels,medium,MLP,0.7,0.725,,2.500000000000002,,external_intervention,non-tree
German Credit,ambiguous_labels,medium,Random Forest,0.76,0.76,,0.0,,external_intervention,tree
German Credit,ambiguous_labels,medium,XGBoost,0.68,0.765,,8.499999999999996,,external_intervention,tree
German Credit,annotator_bias,high,Decision Tree,0.6,0.705,,10.499999999999998,,external_intervention,tree
German Credit,annotator_bias,high,Gaussian Naive Bayes,0.64,0.685,,4.5000000000000036,,external_intervention,non-tree
German Credit,annotator_bias,high,KNN,0.665,0.685,,2.0000000000000018,,external_intervention,non-tree
German Credit,annotator_bias,high,LightGBM,0.68,0.735,,5.499999999999994,,external_intervention,tree
German Credit,annotator_bias,high,Logistic Regression,0.745,0.74,,-0.5000000000000004,,external_intervention,non-tree
German Credit,annotator_bias,high,MLP,0.7,0.725,,2.500000000000002,,external_intervention,non-tree
German Credit,annotator_bias,high,Random Forest,0.71,0.76,,5.000000000000004,,external_intervention,tree
German Credit,annotator_bias,high,XGBoost,0.705,0.765,,6.000000000000005,,external_intervention,tree
German Credit,annotator_bias,low,Decision Tree,0.645,0.705,,5.999999999999995,,external_intervention,tree
German Credit,annotator_bias,low,Gaussian Naive Bayes,0.68,0.685,,0.5000000000000004,,external_intervention,non-tree
German Credit,annotator_bias,low,KNN,0.71,0.685,,-2.499999999999991,,external_intervention,non-tree
German Credit,annotator_bias,low,LightGBM,0.76,0.735,,-2.500000000000002,,external_intervention,tree
German Credit,annotator_bias,low,Logistic Regression,0.75,0.74,,-1.0000000000000009,,external_intervention,non-tree
German Credit,annotator_bias,low,MLP,0.75,0.725,,-2.500000000000002,,external_intervention,non-tree
German Credit,annotator_bias,low,Random Forest,0.76,0.76,,0.0,,external_intervention,tree
German Credit,annotator_bias,low,XGBoost,0.785,0.765,,-2.0000000000000018,,external_intervention,tree
German Credit,annotator_bias,medium,Decision Tree,0.715,0.705,,-1.0000000000000009,,external_intervention,tree
German Credit,annotator_bias,medium,Gaussian Naive Bayes,0.66,0.685,,2.500000000000002,,external_intervention,non-tree
German Credit,annotator_bias,medium,KNN,0.685,0.685,,0.0,,external_intervention,non-tree
German Credit,annotator_bias,medium,LightGBM,0.73,0.735,,0.5000000000000004,,external_intervention,tree
German Credit,annotator_bias,medium,Logistic Regression,0.735,0.74,,0.5000000000000004,,external_intervention,non-tree
German Credit,annotator_bias,medium,MLP,0.71,0.725,,1.5000000000000013,,external_intervention,non-tree
German Credit,annotator_bias,medium,Random Forest,0.705,0.76,,5.500000000000005,,external_intervention,tree
German Credit,annotator_bias,medium,XGBoost,0.745,0.765,,2.0000000000000018,,external_intervention,tree
German Credit,categorical_errors,high,Decision Tree,0.62,0.705,0.62,8.499999999999996,0.0,automated_cleaning,tree
German Credit,categorical_errors,high,Gaussian Naive Bayes,0.72,0.685,0.72,-3.499999999999992,0.0,automated_cleaning,non-tree
German Credit,categorical_errors,high,KNN,0.705,0.685,0.705,-1.9999999999999907,0.0,automated_cleaning,non-tree
German Credit,categorical_errors,high,LightGBM,0.695,0.735,0.695,4.0000000000000036,0.0,automated_cleaning,tree
German Credit,categorical_errors,high,Logistic Regression,0.765,0.74,0.765,-2.500000000000002,0.0,automated_cleaning,non-tree
German Credit,categorical_errors,high,MLP,0.7,0.725,0.7,2.500000000000002,0.0,automated_cleaning,non-tree
German Credit,categorical_errors,high,Random Forest,0.765,0.76,0.765,-0.5000000000000004,0.0,automated_cleaning,tree
German Credit,categorical_errors,high,XGBoost,0.725,0.765,0.725,4.0000000000000036,0.0,automated_cleaning,tree
German Credit,categorical_errors,low,Decision Tree,0.71,0.705,0.71,-0.5000000000000004,0.0,automated_cleaning,tree
German Credit,categorical_errors,low,Gaussian Naive Bayes,0.705,0.685,0.705,-1.9999999999999907,0.0,automated_cleaning,non-tree
German Credit,categorical_errors,low,KNN,0.705,0.685,0.705,-1.9999999999999907,0.0,automated_cleaning,non-tree
German Credit,categorical_errors,low,LightGBM,0.78,0.735,0.78,-4.5000000000000036,0.0,automated_cleaning,tree
German Credit,categorical_errors,low,Logistic Regression,0.74,0.74,0.74,0.0,0.0,automated_cleaning,non-tree
German Credit,categorical_errors,low,MLP,0.74,0.725,0.74,-1.5000000000000013,0.0,automated_cleaning,non-tree
German Credit,categorical_errors,low,Random Forest,0.775,0.76,0.775,-1.5000000000000013,0.0,automated_cleaning,tree
German Credit,categorical_errors,low,XGBoost,0.78,0.765,0.78,-1.5000000000000013,0.0,automated_cleaning,tree
German Credit,categorical_errors,medium,Decision Tree,0.675,0.705,0.675,2.9999999999999916,0.0,automated_cleaning,tree
German Credit,categorical_errors,medium,Gaussian Naive Bayes,0.74,0.685,0.74,-5.499999999999994,0.0,automated_cleaning,non-tree
German Credit,categorical_errors,medium,KNN,0.705,0.685,0.705,-1.9999999999999907,0.0,automated_cleaning,non-tree
German Credit,categorical_errors,medium,LightGBM,0.785,0.735,0.785,-5.000000000000004,0.0,automated_cleaning,tree
German Credit,categorical_errors,medium,Logistic Regression,0.755,0.74,0.755,-1.5000000000000013,0.0,automated_cleaning,non-tree
German Credit,categorical_errors,medium,MLP,0.725,0.725,0.725,0.0,0.0,automated_cleaning,non-tree
German Credit,categorical_errors,medium,Random Forest,0.78,0.76,0.78,-2.0000000000000018,0.0,automated_cleaning,tree
German Credit,categorical_errors,medium,XGBoost,0.77,0.765,0.77,-0.5000000000000004,0.0,automated_cleaning,tree
German Credit,class_imbalance,high,Decision Tree,0.715,0.705,0.675,-1.0000000000000009,-3.9999999999999925,automated_cleaning,tree
German Credit,class_imbalance,high,Gaussian Naive Bayes,0.345,0.685,0.34,34.00000000000001,-0.4999999999999949,automated_cleaning,non-tree
German Credit,class_imbalance,high,KNN,0.695,0.685,0.66,-0.9999999999999898,-3.499999999999992,automated_cleaning,non-tree
German Credit,class_imbalance,high,LightGBM,0.78,0.735,0.765,-4.5000000000000036,-1.5000000000000013,automated_cleaning,tree
German Credit,class_imbalance,high,Logistic Regression,0.755,0.74,0.705,-1.5000000000000013,-5.000000000000004,automated_cleaning,non-tree
German Credit,class_imbalance,high,MLP,0.75,0.725,0.72,-2.500000000000002,-3.0000000000000027,automated_cleaning,non-tree
German Credit,class_imbalance,high,Random Forest,0.725,0.76,0.735,3.500000000000003,1.0000000000000009,automated_cleaning,tree
German Credit,class_imbalance,high,XGBoost,0.755,0.765,0.745,1.0000000000000009,-1.0000000000000009,automated_cleaning,tree
German Credit,class_imbalance,low,Decision Tree,0.72,0.705,0.695,-1.5000000000000013,-2.500000000000002,automated_cleaning,tree
German Credit,class_imbalance,low,Gaussian Naive Bayes,0.695,0.685,0.655,-0.9999999999999898,-3.9999999999999925,automated_cleaning,non-tree
German Credit,class_imbalance,low,KNN,0.68,0.685,0.675,0.5000000000000004,-0.5000000000000004,automated_cleaning,non-tree
German Credit,class_imbalance,low,LightGBM,0.77,0.735,0.725,-3.500000000000003,-4.5000000000000036,automated_cleaning,tree
German Credit,class_imbalance,low,Logistic Regression,0.74,0.74,0.705,0.0,-3.500000000000003,automated_cleaning,non-tree
German Credit,class_imbalance,low,MLP,0.74,0.725,0.685,-1.5000000000000013,-5.499999999999994,automated_cleaning,non-tree
German Credit,class_imbalance,low,Random Forest,0.765,0.76,0.73,-0.5000000000000004,-3.500000000000003,automated_cleaning,tree
German Credit,class_imbalance,low,XGBoost,0.78,0.765,0.75,-1.5000000000000013,-3.0000000000000027,automated_cleaning,tree
German Credit,class_imbalance,medium,Decision Tree,0.69,0.705,0.67,1.5000000000000013,-1.9999999999999907,automated_cleaning,tree
German Credit,class_imbalance,medium,Gaussian Naive Bayes,0.7,0.685,0.62,-1.4999999999999902,-7.9999999999999964,automated_cleaning,non-tree
German Credit,class_imbalance,medium,KNN,0.71,0.685,0.67,-2.499999999999991,-3.9999999999999925,automated_cleaning,non-tree
German Credit,class_imbalance,medium,LightGBM,0.785,0.735,0.775,-5.000000000000004,-1.0000000000000009,automated_cleaning,tree
German Credit,class_imbalance,medium,Logistic Regression,0.755,0.74,0.7,-1.5000000000000013,-5.500000000000005,automated_cleaning,non-tree
German Credit,class_imbalance,medium,MLP,0.74,0.725,0.725,-1.5000000000000013,-1.5000000000000013,automated_cleaning,non-tree
German Credit,class_imbalance,medium,Random Forest,0.79,0.76,0.735,-3.0000000000000027,-5.500000000000005,automated_cleaning,tree
German Credit,class_imbalance,medium,XGBoost,0.765,0.765,0.79,0.0,2.500000000000002,automated_cleaning,tree
German Credit,concept_drift,high,Decision Tree,0.64,0.705,,6.499999999999995,,external_intervention,tree
German Credit,concept_drift,high,Gaussian Naive Bayes,0.665,0.685,,2.0000000000000018,,external_intervention,non-tree
German Credit,concept_drift,high,KNN,0.66,0.685,,2.500000000000002,,external_intervention,non-tree
German Credit,concept_drift,high,LightGBM,0.655,0.735,,7.9999999999999964,,external_intervention,tree
German Credit,concept_drift,high,Logistic Regression,0.74,0.74,,0.0,,external_intervention,non-tree
German Credit,concept_drift,high,MLP,0.65,0.725,,7.499999999999996,,external_intervention,non-tree
German Credit,concept_drift,high,Random Forest,0.775,0.76,,-1.5000000000000013,,external_intervention,tree
German Credit,concept_drift,high,XGBoost,0.63,0.765,,13.5,,external_intervention,tree
German Credit,concept_drift,low,Decision Tree,0.74,0.705,,-3.500000000000003,,external_intervention,tree
German Credit,concept_drift,low,Gaussian Naive Bayes,0.655,0.685,,3.0000000000000027,,external_intervention,non-tree
German Credit,concept_drift,low,KNN,0.68,0.685,,0.5000000000000004,,external_intervention,non-tree
German Credit,concept_drift,low,LightGBM,0.745,0.735,,-1.0000000000000009,,external_intervention,tree
German Credit,concept_drift,low,Logistic Regression,0.74,0.74,,0.0,,external_intervention,non-tree
German Credit,concept_drift,low,MLP,0.705,0.725,,2.0000000000000018,,external_intervention,non-tree
German Credit,concept_drift,low,Random Forest,0.75,0.76,,1.0000000000000009,,external_intervention,tree
German Credit,concept_drift,low,XGBoost,0.725,0.765,,4.0000000000000036,,external_intervention,tree
German Credit,concept_drift,medium,Decision Tree,0.63,0.705,,7.499999999999996,,external_intervention,tree
German Credit,concept_drift,medium,Gaussian Naive Bayes,0.66,0.685,,2.500000000000002,,external_intervention,non-tree
German Credit,concept_drift,medium,KNN,0.65,0.685,,3.500000000000003,,external_intervention,non-tree
German Credit,concept_drift,medium,LightGBM,0.71,0.735,,2.500000000000002,,external_intervention,tree
German Credit,concept_drift,medium,Logistic Regression,0.775,0.74,,-3.500000000000003,,external_intervention,non-tree
German Credit,concept_drift,medium,MLP,0.68,0.725,,4.499999999999993,,external_intervention,non-tree
German Credit,concept_drift,medium,Random Forest,0.765,0.76,,-0.5000000000000004,,external_intervention,tree
German Credit,concept_drift,medium,XGBoost,0.715,0.765,,5.000000000000004,,external_intervention,tree
German Credit,contextual_errors,high,Decision Tree,0.73,0.705,0.765,-2.500000000000002,3.500000000000003,automated_cleaning,tree
German Credit,contextual_errors,high,Gaussian Naive Bayes,0.64,0.685,0.67,4.5000000000000036,3.0000000000000027,automated_cleaning,non-tree
German Credit,contextual_errors,high,KNN,0.71,0.685,0.71,-2.499999999999991,0.0,automated_cleaning,non-tree
German Credit,contextual_errors,high,LightGBM,0.715,0.735,0.74,2.0000000000000018,2.500000000000002,automated_cleaning,tree
German Credit,contextual_errors,high,Logistic Regression,0.74,0.74,0.74,0.0,0.0,automated_cleaning,non-tree
German Credit,contextual_errors,high,MLP,0.705,0.725,0.73,2.0000000000000018,2.500000000000002,automated_cleaning,non-tree
German Credit,contextual_errors,high,Random Forest,0.745,0.76,0.76,1.5000000000000013,1.5000000000000013,automated_cleaning,tree
German Credit,contextual_errors,high,XGBoost,0.75,0.765,0.76,1.5000000000000013,1.0000000000000009,automated_cleaning,tree
German Credit,contextual_errors,low,Decision Tree,0.715,0.705,0.66,-1.0000000000000009,-5.499999999999994,automated_cleaning,tree
German Credit,contextual_errors,low,Gaussian Naive Bayes,0.57,0.685,0.66,11.50000000000001,9.000000000000007,automated_cleaning,non-tree
German Credit,contextual_errors,low,KNN,0.685,0.685,0.68,0.0,-0.5000000000000004,automated_cleaning,non-tree
German Credit,contextual_errors,low,LightGBM,0.735,0.735,0.73,0.0,-0.5000000000000004,automated_cleaning,tree
German Credit,contextual_errors,low,Logistic Regression,0.745,0.74,0.755,-0.5000000000000004,1.0000000000000009,automated_cleaning,non-tree
German Credit,contextual_errors,low,MLP,0.73,0.725,0.725,-0.5000000000000004,-0.5000000000000004,automated_cleaning,non-tree
German Credit,contextual_errors,low,Random Forest,0.75,0.76,0.765,1.0000000000000009,1.5000000000000013,automated_cleaning,tree
German Credit,contextual_errors,low,XGBoost,0.73,0.765,0.77,3.500000000000003,4.0000000000000036,automated_cleaning,tree
German Credit,contextual_errors,medium,Decision Tree,0.72,0.705,0.695,-1.5000000000000013,-2.500000000000002,automated_cleaning,tree
German Credit,contextual_errors,medium,Gaussian Naive Bayes,0.68,0.685,0.695,0.5000000000000004,1.4999999999999902,automated_cleaning,non-tree
German Credit,contextual_errors,medium,KNN,0.725,0.685,0.685,-3.9999999999999925,-3.9999999999999925,automated_cleaning,non-tree
German Credit,contextual_errors,medium,LightGBM,0.765,0.735,0.775,-3.0000000000000027,1.0000000000000009,automated_cleaning,tree
German Credit,contextual_errors,medium,Logistic Regression,0.765,0.74,0.76,-2.500000000000002,-0.5000000000000004,automated_cleaning,non-tree
German Credit,contextual_errors,medium,MLP,0.745,0.725,0.78,-2.0000000000000018,3.500000000000003,automated_cleaning,non-tree
German Credit,contextual_errors,medium,Random Forest,0.77,0.76,0.755,-1.0000000000000009,-1.5000000000000013,automated_cleaning,tree
German Credit,contextual_errors,medium,XGBoost,0.755,0.765,0.755,1.0000000000000009,0.0,automated_cleaning,tree
German Credit,data_drift,high,Decision Tree,0.685,0.705,,1.9999999999999907,,external_intervention,tree
German Credit,data_drift,high,Gaussian Naive Bayes,0.685,0.685,,0.0,,external_intervention,non-tree
German Credit,data_drift,high,KNN,0.695,0.685,,-0.9999999999999898,,external_intervention,non-tree
German Credit,data_drift,high,LightGBM,0.77,0.735,,-3.500000000000003,,external_intervention,tree
German Credit,data_drift,high,Logistic Regression,0.74,0.74,,0.0,,external_intervention,non-tree
German Credit,data_drift,high,MLP,0.72,0.725,,0.5000000000000004,,external_intervention,non-tree
German Credit,data_drift,high,Random Forest,0.805,0.76,,-4.5000000000000036,,external_intervention,tree
German Credit,data_drift,high,XGBoost,0.745,0.765,,2.0000000000000018,,external_intervention,tree
German Credit,data_drift,low,Decision Tree,0.705,0.705,,0.0,,external_intervention,tree
German Credit,data_drift,low,Gaussian Naive Bayes,0.685,0.685,,0.0,,external_intervention,non-tree
German Credit,data_drift,low,KNN,0.68,0.685,,0.5000000000000004,,external_intervention,non-tree
German Credit,data_drift,low,LightGBM,0.755,0.735,,-2.0000000000000018,,external_intervention,tree
German Credit,data_drift,low,Logistic Regression,0.74,0.74,,0.0,,external_intervention,non-tree
German Credit,data_drift,low,MLP,0.735,0.725,,-1.0000000000000009,,external_intervention,non-tree
German Credit,data_drift,low,Random Forest,0.77,0.76,,-1.0000000000000009,,external_intervention,tree
German Credit,data_drift,low,XGBoost,0.74,0.765,,2.500000000000002,,external_intervention,tree
German Credit,data_drift,medium,Decision Tree,0.735,0.705,,-3.0000000000000027,,external_intervention,tree
German Credit,data_drift,medium,Gaussian Naive Bayes,0.68,0.685,,0.5000000000000004,,external_intervention,non-tree
German Credit,data_drift,medium,KNN,0.7,0.685,,-1.4999999999999902,,external_intervention,non-tree
German Credit,data_drift,medium,LightGBM,0.765,0.735,,-3.0000000000000027,,external_intervention,tree
German Credit,data_drift,medium,Logistic Regression,0.73,0.74,,1.0000000000000009,,external_intervention,non-tree
German Credit,data_drift,medium,MLP,0.73,0.725,,-0.5000000000000004,,external_intervention,non-tree
German Credit,data_drift,medium,Random Forest,0.765,0.76,,-0.5000000000000004,,external_intervention,tree
German Credit,data_drift,medium,XGBoost,0.755,0.765,,1.0000000000000009,,external_intervention,tree
German Credit,data_heterogeneity,high,Decision Tree,0.71,0.705,0.71,-0.5000000000000004,0.0,automated_cleaning,tree
German Credit,data_heterogeneity,high,Gaussian Naive Bayes,0.7,0.685,0.7,-1.4999999999999902,0.0,automated_cleaning,non-tree
German Credit,data_heterogeneity,high,KNN,0.67,0.685,0.67,1.5000000000000013,0.0,automated_cleaning,non-tree
German Credit,data_heterogeneity,high,LightGBM,0.71,0.735,0.71,2.500000000000002,0.0,automated_cleaning,tree
German Credit,data_heterogeneity,high,Logistic Regression,0.73,0.74,0.73,1.0000000000000009,0.0,automated_cleaning,non-tree
German Credit,data_heterogeneity,high,MLP,0.72,0.725,0.72,0.5000000000000004,0.0,automated_cleaning,non-tree
German Credit,data_heterogeneity,high,Random Forest,0.73,0.76,0.73,3.0000000000000027,0.0,automated_cleaning,tree
German Credit,data_heterogeneity,high,XGBoost,0.74,0.765,0.74,2.500000000000002,0.0,automated_cleaning,tree
German Credit,data_heterogeneity,low,Decision Tree,0.705,0.705,0.705,0.0,0.0,automated_cleaning,tree
German Credit,data_heterogeneity,low,Gaussian Naive Bayes,0.695,0.685,0.695,-0.9999999999999898,0.0,automated_cleaning,non-tree
German Credit,data_heterogeneity,low,KNN,0.65,0.685,0.65,3.500000000000003,0.0,automated_cleaning,non-tree
German Credit,data_heterogeneity,low,LightGBM,0.715,0.735,0.715,2.0000000000000018,0.0,automated_cleaning,tree
German Credit,data_heterogeneity,low,Logistic Regression,0.73,0.74,0.73,1.0000000000000009,0.0,automated_cleaning,non-tree
German Credit,data_heterogeneity,low,MLP,0.705,0.725,0.705,2.0000000000000018,0.0,automated_cleaning,non-tree
German Credit,data_heterogeneity,low,Random Forest,0.73,0.76,0.73,3.0000000000000027,0.0,automated_cleaning,tree
German Credit,data_heterogeneity,low,XGBoost,0.74,0.765,0.74,2.500000000000002,0.0,automated_cleaning,tree
German Credit,data_heterogeneity,medium,Decision Tree,0.61,0.705,0.61,9.499999999999996,0.0,automated_cleaning,tree
German Credit,data_heterogeneity,medium,Gaussian Naive Bayes,0.67,0.685,0.67,1.5000000000000013,0.0,automated_cleaning,non-tree
German Credit,data_heterogeneity,medium,KNN,0.685,0.685,0.685,0.0,0.0,automated_cleaning,non-tree
German Credit,data_heterogeneity,medium,LightGBM,0.73,0.735,0.73,0.5000000000000004,0.0,automated_cleaning,tree
German Credit,data_heterogeneity,medium,Logistic Regression,0.73,0.74,0.73,1.0000000000000009,0.0,automated_cleaning,non-tree
German Credit,data_heterogeneity,medium,MLP,0.695,0.725,0.695,3.0000000000000027,0.0,automated_cleaning,non-tree
German Credit,data_heterogeneity,medium,Random Forest,0.76,0.76,0.76,0.0,0.0,automated_cleaning,tree
German Credit,data_heterogeneity,medium,XGBoost,0.745,0.765,0.745,2.0000000000000018,0.0,automated_cleaning,tree
German Credit,data_inconsistency,high,Decision Tree,0.695,0.705,0.695,1.0000000000000009,0.0,automated_cleaning,tree
German Credit,data_inconsistency,high,Gaussian Naive Bayes,0.335,0.685,0.685,35.0,35.0,automated_cleaning,non-tree
German Credit,data_inconsistency,high,KNN,0.69,0.685,0.7,-0.49999999999998934,1.0000000000000009,automated_cleaning,non-tree
German Credit,data_inconsistency,high,LightGBM,0.765,0.735,0.745,-3.0000000000000027,-2.0000000000000018,automated_cleaning,tree
German Credit,data_inconsistency,high,Logistic Regression,0.725,0.74,0.74,1.5000000000000013,1.5000000000000013,automated_cleaning,non-tree
German Credit,data_inconsistency,high,MLP,0.75,0.725,0.72,-2.500000000000002,-3.0000000000000027,automated_cleaning,non-tree
German Credit,data_inconsistency,high,Random Forest,0.785,0.76,0.78,-2.500000000000002,-0.5000000000000004,automated_cleaning,tree
German Credit,data_inconsistency,high,XGBoost,0.77,0.765,0.765,-0.5000000000000004,-0.5000000000000004,automated_cleaning,tree
German Credit,data_inconsistency,low,Decision Tree,0.68,0.705,0.69,2.499999999999991,0.9999999999999898,automated_cleaning,tree
German Credit,data_inconsistency,low,Gaussian Naive Bayes,0.56,0.685,0.69,12.5,12.99999999999999,automated_cleaning,non-tree
German Credit,data_inconsistency,low,KNN,0.665,0.685,0.69,2.0000000000000018,2.499999999999991,automated_cleaning,non-tree
German Credit,data_inconsistency,low,LightGBM,0.75,0.735,0.735,-1.5000000000000013,-1.5000000000000013,automated_cleaning,tree
German Credit,data_inconsistency,low,Logistic Regression,0.73,0.74,0.745,1.0000000000000009,1.5000000000000013,automated_cleaning,non-tree
German Credit,data_inconsistency,low,MLP,0.69,0.725,0.73,3.500000000000003,4.0000000000000036,automated_cleaning,non-tree
German Credit,data_inconsistency,low,Random Forest,0.78,0.76,0.775,-2.0000000000000018,-0.5000000000000004,automated_cleaning,tree
German Credit,data_inconsistency,low,XGBoost,0.745,0.765,0.77,2.0000000000000018,2.500000000000002,automated_cleaning,tree
German Credit,data_inconsistency,medium,Decision Tree,0.695,0.705,0.69,1.0000000000000009,-0.5000000000000004,automated_cleaning,tree
German Credit,data_inconsistency,medium,Gaussian Naive Bayes,0.335,0.685,0.685,35.0,35.0,automated_cleaning,non-tree
German Credit,data_inconsistency,medium,KNN,0.7,0.685,0.715,-1.4999999999999902,1.5000000000000013,automated_cleaning,non-tree
German Credit,data_inconsistency,medium,LightGBM,0.755,0.735,0.73,-2.0000000000000018,-2.500000000000002,automated_cleaning,tree
German Credit,data_inconsistency,medium,Logistic Regression,0.73,0.74,0.745,1.0000000000000009,1.5000000000000013,automated_cleaning,non-tree
German Credit,data_inconsistency,medium,MLP,0.745,0.725,0.745,-2.0000000000000018,0.0,automated_cleaning,non-tree
German Credit,data_inconsistency,medium,Random Forest,0.78,0.76,0.76,-2.0000000000000018,-2.0000000000000018,automated_cleaning,tree
German Credit,data_inconsistency,medium,XGBoost,0.77,0.765,0.755,-0.5000000000000004,-1.5000000000000013,automated_cleaning,tree
German Credit,data_leakage,high,Decision Tree,0.54,0.705,0.705,16.499999999999993,16.499999999999993,automated_cleaning,tree
German Credit,data_leakage,high,Gaussian Naive Bayes,0.545,0.685,0.695,14.000000000000002,14.999999999999991,automated_cleaning,non-tree
German Credit,data_leakage,high,KNN,0.65,0.685,0.68,3.500000000000003,3.0000000000000027,automated_cleaning,non-tree
German Credit,data_leakage,high,LightGBM,0.465,0.735,0.775,26.999999999999996,31.0,automated_cleaning,tree
German Credit,data_leakage,high,Logistic Regression,0.66,0.74,0.74,7.9999999999999964,7.9999999999999964,automated_cleaning,non-tree
German Credit,data_leakage,high,MLP,0.645,0.725,0.72,7.9999999999999964,7.499999999999996,automated_cleaning,non-tree
German Credit,data_leakage,high,Random Forest,0.515,0.76,0.79,24.5,27.500000000000004,automated_cleaning,tree
German Credit,data_leakage,high,XGBoost,0.445,0.765,0.77,32.0,32.5,automated_cleaning,tree
German Credit,data_leakage,low,Decision Tree,0.645,0.705,0.645,5.999999999999995,0.0,automated_cleaning,tree
German Credit,data_leakage,low,Gaussian Naive Bayes,0.695,0.685,0.695,-0.9999999999999898,0.0,automated_cleaning,non-tree
German Credit,data_leakage,low,KNN,0.655,0.685,0.655,3.0000000000000027,0.0,automated_cleaning,non-tree
German Credit,data_leakage,low,LightGBM,0.745,0.735,0.745,-1.0000000000000009,0.0,automated_cleaning,tree
German Credit,data_leakage,low,Logistic Regression,0.745,0.74,0.745,-0.5000000000000004,0.0,automated_cleaning,non-tree
German Credit,data_leakage,low,MLP,0.725,0.725,0.725,0.0,0.0,automated_cleaning,non-tree
German Credit,data_leakage,low,Random Forest,0.71,0.76,0.71,5.000000000000004,0.0,automated_cleaning,tree
German Credit,data_leakage,low,XGBoost,0.705,0.765,0.705,6.000000000000005,0.0,automated_cleaning,tree
German Credit,data_leakage,medium,Decision Tree,0.67,0.705,0.705,3.499999999999992,3.499999999999992,automated_cleaning,tree
German Credit,data_leakage,medium,Gaussian Naive Bayes,0.7,0.685,0.695,-1.4999999999999902,-0.5000000000000004,automated_cleaning,non-tree
German Credit,data_leakage,medium,KNN,0.655,0.685,0.68,3.0000000000000027,2.500000000000002,automated_cleaning,non-tree
German Credit,data_leakage,medium,LightGBM,0.65,0.735,0.775,8.499999999999996,12.5,automated_cleaning,tree
German Credit,data_leakage,medium,Logistic Regression,0.705,0.74,0.74,3.500000000000003,3.500000000000003,automated_cleaning,non-tree
German Credit,data_leakage,medium,MLP,0.73,0.725,0.72,-0.5000000000000004,-1.0000000000000009,automated_cleaning,non-tree
German Credit,data_leakage,medium,Random Forest,0.63,0.76,0.79,13.0,16.000000000000004,automated_cleaning,tree
German Credit,data_leakage,medium,XGBoost,0.63,0.765,0.77,13.5,14.000000000000002,automated_cleaning,tree
German Credit,data_representativeness,high,Decision Tree,0.705,0.705,,0.0,,external_intervention,tree
German Credit,data_representativeness,high,Gaussian Naive Bayes,0.705,0.685,,-1.9999999999999907,,external_intervention,non-tree
German Credit,data_representativeness,high,KNN,0.685,0.685,,0.0,,external_intervention,non-tree
German Credit,data_representativeness,high,LightGBM,0.755,0.735,,-2.0000000000000018,,external_intervention,tree
German Credit,data_representativeness,high,Logistic Regression,0.755,0.74,,-1.5000000000000013,,external_intervention,non-tree
German Credit,data_representativeness,high,MLP,0.75,0.725,,-2.500000000000002,,external_intervention,non-tree
German Credit,data_representativeness,high,Random Forest,0.755,0.76,,0.5000000000000004,,external_intervention,tree
German Credit,data_representativeness,high,XGBoost,0.74,0.765,,2.500000000000002,,external_intervention,tree
German Credit,data_representativeness,low,Decision Tree,0.725,0.705,,-2.0000000000000018,,external_intervention,tree
German Credit,data_representativeness,low,Gaussian Naive Bayes,0.69,0.685,,-0.49999999999998934,,external_intervention,non-tree
German Credit,data_representativeness,low,KNN,0.685,0.685,,0.0,,external_intervention,non-tree
German Credit,data_representativeness,low,LightGBM,0.76,0.735,,-2.500000000000002,,external_intervention,tree
German Credit,data_representativeness,low,Logistic Regression,0.735,0.74,,0.5000000000000004,,external_intervention,non-tree
German Credit,data_representativeness,low,MLP,0.72,0.725,,0.5000000000000004,,external_intervention,non-tree
German Credit,data_representativeness,low,Random Forest,0.755,0.76,,0.5000000000000004,,external_intervention,tree
German Credit,data_representativeness,low,XGBoost,0.75,0.765,,1.5000000000000013,,external_intervention,tree
German Credit,data_representativeness,medium,Decision Tree,0.63,0.705,,7.499999999999996,,external_intervention,tree
German Credit,data_representativeness,medium,Gaussian Naive Bayes,0.695,0.685,,-0.9999999999999898,,external_intervention,non-tree
German Credit,data_representativeness,medium,KNN,0.695,0.685,,-0.9999999999999898,,external_intervention,non-tree
German Credit,data_representativeness,medium,LightGBM,0.745,0.735,,-1.0000000000000009,,external_intervention,tree
German Credit,data_representativeness,medium,Logistic Regression,0.75,0.74,,-1.0000000000000009,,external_intervention,non-tree
German Credit,data_representativeness,medium,MLP,0.725,0.725,,0.0,,external_intervention,non-tree
German Credit,data_representativeness,medium,Random Forest,0.78,0.76,,-2.0000000000000018,,external_intervention,tree
German Credit,data_representativeness,medium,XGBoost,0.74,0.765,,2.500000000000002,,external_intervention,tree
German Credit,domain_violations,high,Decision Tree,0.685,0.705,0.715,1.9999999999999907,2.9999999999999916,automated_cleaning,tree
German Credit,domain_violations,high,Gaussian Naive Bayes,0.665,0.685,0.685,2.0000000000000018,2.0000000000000018,automated_cleaning,non-tree
German Credit,domain_violations,high,KNN,0.695,0.685,0.695,-0.9999999999999898,0.0,automated_cleaning,non-tree
German Credit,domain_violations,high,LightGBM,0.74,0.735,0.745,-0.5000000000000004,0.5000000000000004,automated_cleaning,tree
German Credit,domain_violations,high,Logistic Regression,0.75,0.74,0.745,-1.0000000000000009,-0.5000000000000004,automated_cleaning,non-tree
German Credit,domain_violations,high,MLP,0.71,0.725,0.725,1.5000000000000013,1.5000000000000013,automated_cleaning,non-tree
German Credit,domain_violations,high,Random Forest,0.775,0.76,0.765,-1.5000000000000013,-1.0000000000000009,automated_cleaning,tree
German Credit,domain_violations,high,XGBoost,0.77,0.765,0.745,-0.5000000000000004,-2.500000000000002,automated_cleaning,tree
German Credit,domain_violations,low,Decision Tree,0.71,0.705,0.685,-0.5000000000000004,-2.499999999999991,automated_cleaning,tree
German Credit,domain_violations,low,Gaussian Naive Bayes,0.68,0.685,0.685,0.5000000000000004,0.5000000000000004,automated_cleaning,non-tree
German Credit,domain_violations,low,KNN,0.715,0.685,0.7,-2.9999999999999916,-1.5000000000000013,automated_cleaning,non-tree
German Credit,domain_violations,low,LightGBM,0.77,0.735,0.77,-3.500000000000003,0.0,automated_cleaning,tree
German Credit,domain_violations,low,Logistic Regression,0.75,0.74,0.735,-1.0000000000000009,-1.5000000000000013,automated_cleaning,non-tree
German Credit,domain_violations,low,MLP,0.695,0.725,0.725,3.0000000000000027,3.0000000000000027,automated_cleaning,non-tree
German Credit,domain_violations,low,Random Forest,0.78,0.76,0.785,-2.0000000000000018,0.5000000000000004,automated_cleaning,tree
German Credit,domain_violations,low,XGBoost,0.78,0.765,0.745,-1.5000000000000013,-3.500000000000003,automated_cleaning,tree
German Credit,domain_violations,medium,Decision Tree,0.71,0.705,0.695,-0.5000000000000004,-1.5000000000000013,automated_cleaning,tree
German Credit,domain_violations,medium,Gaussian Naive Bayes,0.675,0.685,0.665,1.0000000000000009,-1.0000000000000009,automated_cleaning,non-tree
German Credit,domain_violations,medium,KNN,0.68,0.685,0.7,0.5000000000000004,1.9999999999999907,automated_cleaning,non-tree
German Credit,domain_violations,medium,LightGBM,0.75,0.735,0.73,-1.5000000000000013,-2.0000000000000018,automated_cleaning,tree
German Credit,domain_violations,medium,Logistic Regression,0.745,0.74,0.76,-0.5000000000000004,1.5000000000000013,automated_cleaning,non-tree
German Credit,domain_violations,medium,MLP,0.685,0.725,0.735,3.9999999999999925,4.999999999999993,automated_cleaning,non-tree
German Credit,domain_violations,medium,Random Forest,0.765,0.76,0.745,-0.5000000000000004,-2.0000000000000018,automated_cleaning,tree
German Credit,domain_violations,medium,XGBoost,0.755,0.765,0.76,1.0000000000000009,0.5000000000000004,automated_cleaning,tree
German Credit,duplicates,high,Decision Tree,0.725,0.705,0.705,-2.0000000000000018,-2.0000000000000018,automated_cleaning,tree
German Credit,duplicates,high,Gaussian Naive Bayes,0.68,0.685,0.685,0.5000000000000004,0.5000000000000004,automated_cleaning,non-tree
German Credit,duplicates,high,KNN,0.685,0.685,0.685,0.0,0.0,automated_cleaning,non-tree
German Credit,duplicates,high,LightGBM,0.76,0.735,0.735,-2.500000000000002,-2.500000000000002,automated_cleaning,tree
German Credit,duplicates,high,Logistic Regression,0.745,0.74,0.74,-0.5000000000000004,-0.5000000000000004,automated_cleaning,non-tree
German Credit,duplicates,high,MLP,0.735,0.725,0.725,-1.0000000000000009,-1.0000000000000009,automated_cleaning,non-tree
German Credit,duplicates,high,Random Forest,0.775,0.76,0.76,-1.5000000000000013,-1.5000000000000013,automated_cleaning,tree
German Credit,duplicates,high,XGBoost,0.765,0.765,0.765,0.0,0.0,automated_cleaning,tree
German Credit,duplicates,low,Decision Tree,0.68,0.705,0.705,2.499999999999991,2.499999999999991,automated_cleaning,tree
German Credit,duplicates,low,Gaussian Naive Bayes,0.69,0.685,0.685,-0.49999999999998934,-0.49999999999998934,automated_cleaning,non-tree
German Credit,duplicates,low,KNN,0.685,0.685,0.685,0.0,0.0,automated_cleaning,non-tree
German Credit,duplicates,low,LightGBM,0.77,0.735,0.735,-3.500000000000003,-3.500000000000003,automated_cleaning,tree
German Credit,duplicates,low,Logistic Regression,0.735,0.74,0.74,0.5000000000000004,0.5000000000000004,automated_cleaning,non-tree
German Credit,duplicates,low,MLP,0.715,0.725,0.725,1.0000000000000009,1.0000000000000009,automated_cleaning,non-tree
German Credit,duplicates,low,Random Forest,0.77,0.76,0.76,-1.0000000000000009,-1.0000000000000009,automated_cleaning,tree
German Credit,duplicates,low,XGBoost,0.755,0.765,0.765,1.0000000000000009,1.0000000000000009,automated_cleaning,tree
German Credit,duplicates,medium,Decision Tree,0.65,0.705,0.705,5.499999999999994,5.499999999999994,automated_cleaning,tree
German Credit,duplicates,medium,Gaussian Naive Bayes,0.68,0.685,0.685,0.5000000000000004,0.5000000000000004,automated_cleaning,non-tree
German Credit,duplicates,medium,KNN,0.675,0.685,0.685,1.0000000000000009,1.0000000000000009,automated_cleaning,non-tree
German Credit,duplicates,medium,LightGBM,0.755,0.735,0.735,-2.0000000000000018,-2.0000000000000018,automated_cleaning,tree
German Credit,duplicates,medium,Logistic Regression,0.74,0.74,0.74,0.0,0.0,automated_cleaning,non-tree
German Credit,duplicates,medium,MLP,0.725,0.725,0.725,0.0,0.0,automated_cleaning,non-tree
German Credit,duplicates,medium,Random Forest,0.765,0.76,0.76,-0.5000000000000004,-0.5000000000000004,automated_cleaning,tree
German Credit,duplicates,medium,XGBoost,0.755,0.765,0.765,1.0000000000000009,1.0000000000000009,automated_cleaning,tree
German Credit,duplicates_minority,high,Decision Tree,0.63,0.705,0.705,7.499999999999996,7.499999999999996,automated_cleaning,tree
German Credit,duplicates_minority,high,Gaussian Naive Bayes,0.675,0.685,0.685,1.0000000000000009,1.0000000000000009,automated_cleaning,non-tree
German Credit,duplicates_minority,high,KNN,0.665,0.685,0.685,2.0000000000000018,2.0000000000000018,automated_cleaning,non-tree
German Credit,duplicates_minority,high,LightGBM,0.74,0.735,0.735,-0.5000000000000004,-0.5000000000000004,automated_cleaning,tree
German Credit,duplicates_minority,high,Logistic Regression,0.73,0.74,0.74,1.0000000000000009,1.0000000000000009,automated_cleaning,non-tree
German Credit,duplicates_minority,high,MLP,0.71,0.725,0.725,1.5000000000000013,1.5000000000000013,automated_cleaning,non-tree
German Credit,duplicates_minority,high,Random Forest,0.755,0.76,0.76,0.5000000000000004,0.5000000000000004,automated_cleaning,tree
German Credit,duplicates_minority,high,XGBoost,0.735,0.765,0.765,3.0000000000000027,3.0000000000000027,automated_cleaning,tree
German Credit,duplicates_minority,low,Decision Tree,0.69,0.705,0.705,1.5000000000000013,1.5000000000000013,automated_cleaning,tree
German Credit,duplicates_minority,low,Gaussian Naive Bayes,0.675,0.685,0.685,1.0000000000000009,1.0000000000000009,automated_cleaning,non-tree
German Credit,duplicates_minority,low,KNN,0.68,0.685,0.685,0.5000000000000004,0.5000000000000004,automated_cleaning,non-tree
German Credit,duplicates_minority,low,LightGBM,0.76,0.735,0.735,-2.500000000000002,-2.500000000000002,automated_cleaning,tree
German Credit,duplicates_minority,low,Logistic Regression,0.72,0.74,0.74,2.0000000000000018,2.0000000000000018,automated_cleaning,non-tree
German Credit,duplicates_minority,low,MLP,0.74,0.725,0.725,-1.5000000000000013,-1.5000000000000013,automated_cleaning,non-tree
German Credit,duplicates_minority,low,Random Forest,0.78,0.76,0.76,-2.0000000000000018,-2.0000000000000018,automated_cleaning,tree
German Credit,duplicates_minority,low,XGBoost,0.76,0.765,0.765,0.5000000000000004,0.5000000000000004,automated_cleaning,tree
German Credit,duplicates_minority,medium,Decision Tree,0.73,0.705,0.705,-2.500000000000002,-2.500000000000002,automated_cleaning,tree
German Credit,duplicates_minority,medium,Gaussian Naive Bayes,0.665,0.685,0.685,2.0000000000000018,2.0000000000000018,automated_cleaning,non-tree
German Credit,duplicates_minority,medium,KNN,0.68,0.685,0.685,0.5000000000000004,0.5000000000000004,automated_cleaning,non-tree
German Credit,duplicates_minority,medium,LightGBM,0.755,0.735,0.735,-2.0000000000000018,-2.0000000000000018,automated_cleaning,tree
German Credit,duplicates_minority,medium,Logistic Regression,0.725,0.74,0.74,1.5000000000000013,1.5000000000000013,automated_cleaning,non-tree
German Credit,duplicates_minority,medium,MLP,0.705,0.725,0.725,2.0000000000000018,2.0000000000000018,automated_cleaning,non-tree
German Credit,duplicates_minority,medium,Random Forest,0.755,0.76,0.76,0.5000000000000004,0.5000000000000004,automated_cleaning,tree
German Credit,duplicates_minority,medium,XGBoost,0.74,0.765,0.765,2.500000000000002,2.500000000000002,automated_cleaning,tree
German Credit,duplicates_targeted,high,Decision Tree,0.695,0.705,0.705,1.0000000000000009,1.0000000000000009,automated_cleaning,tree
German Credit,duplicates_targeted,high,Gaussian Naive Bayes,0.695,0.685,0.685,-0.9999999999999898,-0.9999999999999898,automated_cleaning,non-tree
German Credit,duplicates_targeted,high,KNN,0.695,0.685,0.685,-0.9999999999999898,-0.9999999999999898,automated_cleaning,non-tree
German Credit,duplicates_targeted,high,LightGBM,0.78,0.735,0.735,-4.5000000000000036,-4.5000000000000036,automated_cleaning,tree
German Credit,duplicates_targeted,high,Logistic Regression,0.75,0.74,0.74,-1.0000000000000009,-1.0000000000000009,automated_cleaning,non-tree
German Credit,duplicates_targeted,high,MLP,0.705,0.725,0.725,2.0000000000000018,2.0000000000000018,automated_cleaning,non-tree
German Credit,duplicates_targeted,high,Random Forest,0.77,0.76,0.76,-1.0000000000000009,-1.0000000000000009,automated_cleaning,tree
German Credit,duplicates_targeted,high,XGBoost,0.74,0.765,0.765,2.500000000000002,2.500000000000002,automated_cleaning,tree
German Credit,duplicates_targeted,low,Decision Tree,0.66,0.705,0.705,4.499999999999993,4.499999999999993,automated_cleaning,tree
German Credit,duplicates_targeted,low,Gaussian Naive Bayes,0.695,0.685,0.685,-0.9999999999999898,-0.9999999999999898,automated_cleaning,non-tree
German Credit,duplicates_targeted,low,KNN,0.69,0.685,0.685,-0.49999999999998934,-0.49999999999998934,automated_cleaning,non-tree
German Credit,duplicates_targeted,low,LightGBM,0.76,0.735,0.735,-2.500000000000002,-2.500000000000002,automated_cleaning,tree
German Credit,duplicates_targeted,low,Logistic Regression,0.745,0.74,0.74,-0.5000000000000004,-0.5000000000000004,automated_cleaning,non-tree
German Credit,duplicates_targeted,low,MLP,0.7,0.725,0.725,2.500000000000002,2.500000000000002,automated_cleaning,non-tree
German Credit,duplicates_targeted,low,Random Forest,0.77,0.76,0.76,-1.0000000000000009,-1.0000000000000009,automated_cleaning,tree
German Credit,duplicates_targeted,low,XGBoost,0.765,0.765,0.765,0.0,0.0,automated_cleaning,tree
German Credit,duplicates_targeted,medium,Decision Tree,0.69,0.705,0.705,1.5000000000000013,1.5000000000000013,automated_cleaning,tree
German Credit,duplicates_targeted,medium,Gaussian Naive Bayes,0.685,0.685,0.685,0.0,0.0,automated_cleaning,non-tree
German Credit,duplicates_targeted,medium,KNN,0.685,0.685,0.685,0.0,0.0,automated_cleaning,non-tree
German Credit,duplicates_targeted,medium,LightGBM,0.76,0.735,0.735,-2.500000000000002,-2.500000000000002,automated_cleaning,tree
German Credit,duplicates_targeted,medium,Logistic Regression,0.735,0.74,0.74,0.5000000000000004,0.5000000000000004,automated_cleaning,non-tree
German Credit,duplicates_targeted,medium,MLP,0.73,0.725,0.725,-0.5000000000000004,-0.5000000000000004,automated_cleaning,non-tree
German Credit,duplicates_targeted,medium,Random Forest,0.765,0.76,0.76,-0.5000000000000004,-0.5000000000000004,automated_cleaning,tree
German Credit,duplicates_targeted,medium,XGBoost,0.74,0.765,0.765,2.500000000000002,2.500000000000002,automated_cleaning,tree
German Credit,feature_noise,high,Decision Tree,0.665,0.705,0.665,3.9999999999999925,0.0,automated_cleaning,tree
German Credit,feature_noise,high,Gaussian Naive Bayes,0.675,0.685,0.675,1.0000000000000009,0.0,automated_cleaning,non-tree
German Credit,feature_noise,high,KNN,0.71,0.685,0.705,-2.499999999999991,-0.5000000000000004,automated_cleaning,non-tree
German Credit,feature_noise,high,LightGBM,0.76,0.735,0.76,-2.500000000000002,0.0,automated_cleaning,tree
German Credit,feature_noise,high,Logistic Regression,0.75,0.74,0.75,-1.0000000000000009,0.0,automated_cleaning,non-tree
German Credit,feature_noise,high,MLP,0.71,0.725,0.705,1.5000000000000013,-0.5000000000000004,automated_cleaning,non-tree
German Credit,feature_noise,high,Random Forest,0.785,0.76,0.785,-2.500000000000002,0.0,automated_cleaning,tree
German Credit,feature_noise,high,XGBoost,0.745,0.765,0.745,2.0000000000000018,0.0,automated_cleaning,tree
German Credit,feature_noise,low,Decision Tree,0.66,0.705,0.66,4.499999999999993,0.0,automated_cleaning,tree
German Credit,feature_noise,low,Gaussian Naive Bayes,0.685,0.685,0.685,0.0,0.0,automated_cleaning,non-tree
German Credit,feature_noise,low,KNN,0.675,0.685,0.675,1.0000000000000009,0.0,automated_cleaning,non-tree
German Credit,feature_noise,low,LightGBM,0.735,0.735,0.725,0.0,-1.0000000000000009,automated_cleaning,tree
German Credit,feature_noise,low,Logistic Regression,0.745,0.74,0.745,-0.5000000000000004,0.0,automated_cleaning,non-tree
German Credit,feature_noise,low,MLP,0.72,0.725,0.73,0.5000000000000004,1.0000000000000009,automated_cleaning,non-tree
German Credit,feature_noise,low,Random Forest,0.77,0.76,0.77,-1.0000000000000009,0.0,automated_cleaning,tree
German Credit,feature_noise,low,XGBoost,0.71,0.765,0.71,5.500000000000005,0.0,automated_cleaning,tree
German Credit,feature_noise,medium,Decision Tree,0.735,0.705,0.735,-3.0000000000000027,0.0,automated_cleaning,tree
German Credit,feature_noise,medium,Gaussian Naive Bayes,0.69,0.685,0.69,-0.49999999999998934,0.0,automated_cleaning,non-tree
German Credit,feature_noise,medium,KNN,0.685,0.685,0.69,0.0,0.49999999999998934,automated_cleaning,non-tree
German Credit,feature_noise,medium,LightGBM,0.76,0.735,0.76,-2.500000000000002,0.0,automated_cleaning,tree
German Credit,feature_noise,medium,Logistic Regression,0.745,0.74,0.745,-0.5000000000000004,0.0,automated_cleaning,non-tree
German Credit,feature_noise,medium,MLP,0.72,0.725,0.715,0.5000000000000004,-0.5000000000000004,automated_cleaning,non-tree
German Credit,feature_noise,medium,Random Forest,0.775,0.76,0.775,-1.5000000000000013,0.0,automated_cleaning,tree
German Credit,feature_noise,medium,XGBoost,0.75,0.765,0.75,1.5000000000000013,0.0,automated_cleaning,tree
German Credit,feature_noise_targeted,high,Decision Tree,0.76,0.705,0.76,-5.500000000000005,0.0,automated_cleaning,tree
German Credit,feature_noise_targeted,high,Gaussian Naive Bayes,0.685,0.685,0.685,0.0,0.0,automated_cleaning,non-tree
German Credit,feature_noise_targeted,high,KNN,0.715,0.685,0.715,-2.9999999999999916,0.0,automated_cleaning,non-tree
German Credit,feature_noise_targeted,high,LightGBM,0.74,0.735,0.74,-0.5000000000000004,0.0,automated_cleaning,tree
German Credit,feature_noise_targeted,high,Logistic Regression,0.745,0.74,0.745,-0.5000000000000004,0.0,automated_cleaning,non-tree
German Credit,feature_noise_targeted,high,MLP,0.685,0.725,0.69,3.9999999999999925,0.49999999999998934,automated_cleaning,non-tree
German Credit,feature_noise_targeted,high,Random Forest,0.78,0.76,0.78,-2.0000000000000018,0.0,automated_cleaning,tree
German Credit,feature_noise_targeted,high,XGBoost,0.74,0.765,0.74,2.500000000000002,0.0,automated_cleaning,tree
German Credit,feature_noise_targeted,low,Decision Tree,0.645,0.705,0.645,5.999999999999995,0.0,automated_cleaning,tree
German Credit,feature_noise_targeted,low,Gaussian Naive Bayes,0.685,0.685,0.685,0.0,0.0,automated_cleaning,non-tree
German Credit,feature_noise_targeted,low,KNN,0.68,0.685,0.68,0.5000000000000004,0.0,automated_cleaning,non-tree
German Credit,feature_noise_targeted,low,LightGBM,0.73,0.735,0.73,0.5000000000000004,0.0,automated_cleaning,tree
German Credit,feature_noise_targeted,low,Logistic Regression,0.745,0.74,0.745,-0.5000000000000004,0.0,automated_cleaning,non-tree
German Credit,feature_noise_targeted,low,MLP,0.735,0.725,0.73,-1.0000000000000009,-0.5000000000000004,automated_cleaning,non-tree
German Credit,feature_noise_targeted,low,Random Forest,0.765,0.76,0.765,-0.5000000000000004,0.0,automated_cleaning,tree
German Credit,feature_noise_targeted,low,XGBoost,0.71,0.765,0.71,5.500000000000005,0.0,automated_cleaning,tree
German Credit,feature_noise_targeted,medium,Decision Tree,0.69,0.705,0.69,1.5000000000000013,0.0,automated_cleaning,tree
German Credit,feature_noise_targeted,medium,Gaussian Naive Bayes,0.685,0.685,0.68,0.0,-0.5000000000000004,automated_cleaning,non-tree
German Credit,feature_noise_targeted,medium,KNN,0.7,0.685,0.7,-1.4999999999999902,0.0,automated_cleaning,non-tree
German Credit,feature_noise_targeted,medium,LightGBM,0.755,0.735,0.755,-2.0000000000000018,0.0,automated_cleaning,tree
German Credit,feature_noise_targeted,medium,Logistic Regression,0.745,0.74,0.745,-0.5000000000000004,0.0,automated_cleaning,non-tree
German Credit,feature_noise_targeted,medium,MLP,0.69,0.725,0.69,3.500000000000003,0.0,automated_cleaning,non-tree
German Credit,feature_noise_targeted,medium,Random Forest,0.765,0.76,0.765,-0.5000000000000004,0.0,automated_cleaning,tree
German Credit,feature_noise_targeted,medium,XGBoost,0.745,0.765,0.745,2.0000000000000018,0.0,automated_cleaning,tree
German Credit,imbalanced_feature_distribution,high,Decision Tree,0.705,0.705,0.705,0.0,0.0,automated_cleaning,tree
German Credit,imbalanced_feature_distribution,high,Gaussian Naive Bayes,0.66,0.685,0.67,2.500000000000002,1.0000000000000009,automated_cleaning,non-tree
German Credit,imbalanced_feature_distribution,high,KNN,0.655,0.685,0.7,3.0000000000000027,4.499999999999993,automated_cleaning,non-tree
German Credit,imbalanced_feature_distribution,high,LightGBM,0.765,0.735,0.72,-3.0000000000000027,-4.5000000000000036,automated_cleaning,tree
German Credit,imbalanced_feature_distribution,high,Logistic Regression,0.745,0.74,0.765,-0.5000000000000004,2.0000000000000018,automated_cleaning,non-tree
German Credit,imbalanced_feature_distribution,high,MLP,0.715,0.725,0.71,1.0000000000000009,-0.5000000000000004,automated_cleaning,non-tree
German Credit,imbalanced_feature_distribution,high,Random Forest,0.79,0.76,0.785,-3.0000000000000027,-0.5000000000000004,automated_cleaning,tree
German Credit,imbalanced_feature_distribution,high,XGBoost,0.725,0.765,0.725,4.0000000000000036,0.0,automated_cleaning,tree
German Credit,imbalanced_feature_distribution,low,Decision Tree,0.69,0.705,0.695,1.5000000000000013,0.5000000000000004,automated_cleaning,tree
German Credit,imbalanced_feature_distribution,low,Gaussian Naive Bayes,0.67,0.685,0.675,1.5000000000000013,0.5000000000000004,automated_cleaning,non-tree
German Credit,imbalanced_feature_distribution,low,KNN,0.685,0.685,0.685,0.0,0.0,automated_cleaning,non-tree
German Credit,imbalanced_feature_distribution,low,LightGBM,0.74,0.735,0.755,-0.5000000000000004,1.5000000000000013,automated_cleaning,tree
German Credit,imbalanced_feature_distribution,low,Logistic Regression,0.745,0.74,0.73,-0.5000000000000004,-1.5000000000000013,automated_cleaning,non-tree
German Credit,imbalanced_feature_distribution,low,MLP,0.73,0.725,0.7,-0.5000000000000004,-3.0000000000000027,automated_cleaning,non-tree
German Credit,imbalanced_feature_distribution,low,Random Forest,0.75,0.76,0.75,1.0000000000000009,0.0,automated_cleaning,tree
German Credit,imbalanced_feature_distribution,low,XGBoost,0.74,0.765,0.74,2.500000000000002,0.0,automated_cleaning,tree
German Credit,imbalanced_feature_distribution,medium,Decision Tree,0.635,0.705,0.635,6.999999999999995,0.0,automated_cleaning,tree
German Credit,imbalanced_feature_distribution,medium,Gaussian Naive Bayes,0.675,0.685,0.675,1.0000000000000009,0.0,automated_cleaning,non-tree
German Credit,imbalanced_feature_distribution,medium,KNN,0.655,0.685,0.665,3.0000000000000027,1.0000000000000009,automated_cleaning,non-tree
German Credit,imbalanced_feature_distribution,medium,LightGBM,0.72,0.735,0.71,1.5000000000000013,-1.0000000000000009,automated_cleaning,tree
German Credit,imbalanced_feature_distribution,medium,Logistic Regression,0.735,0.74,0.745,0.5000000000000004,1.0000000000000009,automated_cleaning,non-tree
German Credit,imbalanced_feature_distribution,medium,MLP,0.7,0.725,0.7,2.500000000000002,0.0,automated_cleaning,non-tree
German Credit,imbalanced_feature_distribution,medium,Random Forest,0.76,0.76,0.76,0.0,0.0,automated_cleaning,tree
German Credit,imbalanced_feature_distribution,medium,XGBoost,0.75,0.765,0.75,1.5000000000000013,0.0,automated_cleaning,tree
German Credit,invalid_values,high,Decision Tree,0.745,0.705,0.72,-4.0000000000000036,-2.500000000000002,automated_cleaning,tree
German Credit,invalid_values,high,Gaussian Naive Bayes,0.675,0.685,0.69,1.0000000000000009,1.4999999999999902,automated_cleaning,non-tree
German Credit,invalid_values,high,KNN,0.705,0.685,0.695,-1.9999999999999907,-1.0000000000000009,automated_cleaning,non-tree
German Credit,invalid_values,high,LightGBM,0.745,0.735,0.715,-1.0000000000000009,-3.0000000000000027,automated_cleaning,tree
German Credit,invalid_values,high,Logistic Regression,0.735,0.74,0.74,0.5000000000000004,0.5000000000000004,automated_cleaning,non-tree
German Credit,invalid_values,high,MLP,0.755,0.725,0.715,-3.0000000000000027,-4.0000000000000036,automated_cleaning,non-tree
German Credit,invalid_values,high,Random Forest,0.765,0.76,0.76,-0.5000000000000004,-0.5000000000000004,automated_cleaning,tree
German Credit,invalid_values,high,XGBoost,0.75,0.765,0.755,1.5000000000000013,0.5000000000000004,automated_cleaning,tree
German Credit,invalid_values,low,Decision Tree,0.74,0.705,0.76,-3.500000000000003,2.0000000000000018,automated_cleaning,tree
German Credit,invalid_values,low,Gaussian Naive Bayes,0.345,0.685,0.355,34.00000000000001,1.0000000000000009,automated_cleaning,non-tree
German Credit,invalid_values,low,KNN,0.7,0.685,0.69,-1.4999999999999902,-1.0000000000000009,automated_cleaning,non-tree
German Credit,invalid_values,low,LightGBM,0.74,0.735,0.755,-0.5000000000000004,1.5000000000000013,automated_cleaning,tree
German Credit,invalid_values,low,Logistic Regression,0.74,0.74,0.74,0.0,0.0,automated_cleaning,non-tree
German Credit,invalid_values,low,MLP,0.725,0.725,0.715,0.0,-1.0000000000000009,automated_cleaning,non-tree
German Credit,invalid_values,low,Random Forest,0.77,0.76,0.775,-1.0000000000000009,0.5000000000000004,automated_cleaning,tree
German Credit,invalid_values,low,XGBoost,0.75,0.765,0.765,1.5000000000000013,1.5000000000000013,automated_cleaning,tree
German Credit,invalid_values,medium,Decision Tree,0.685,0.705,0.7,1.9999999999999907,1.4999999999999902,automated_cleaning,tree
German Credit,invalid_values,medium,Gaussian Naive Bayes,0.635,0.685,0.685,5.000000000000004,5.000000000000004,automated_cleaning,non-tree
German Credit,invalid_values,medium,KNN,0.705,0.685,0.725,-1.9999999999999907,2.0000000000000018,automated_cleaning,non-tree
German Credit,invalid_values,medium,LightGBM,0.77,0.735,0.775,-3.500000000000003,0.5000000000000004,automated_cleaning,tree
German Credit,invalid_values,medium,Logistic Regression,0.74,0.74,0.75,0.0,1.0000000000000009,automated_cleaning,non-tree
German Credit,invalid_values,medium,MLP,0.76,0.725,0.72,-3.500000000000003,-4.0000000000000036,automated_cleaning,non-tree
German Credit,invalid_values,medium,Random Forest,0.77,0.76,0.77,-1.0000000000000009,0.0,automated_cleaning,tree
German Credit,invalid_values,medium,XGBoost,0.745,0.765,0.775,2.0000000000000018,3.0000000000000027,automated_cleaning,tree
German Credit,label_noise,high,Decision Tree,0.68,0.705,,2.499999999999991,,external_intervention,tree
German Credit,label_noise,high,Gaussian Naive Bayes,0.71,0.685,,-2.499999999999991,,external_intervention,non-tree
German Credit,label_noise,high,KNN,0.655,0.685,,3.0000000000000027,,external_intervention,non-tree
German Credit,label_noise,high,LightGBM,0.74,0.735,,-0.5000000000000004,,external_intervention,tree
German Credit,label_noise,high,Logistic Regression,0.73,0.74,,1.0000000000000009,,external_intervention,non-tree
German Credit,label_noise,high,MLP,0.745,0.725,,-2.0000000000000018,,external_intervention,non-tree
German Credit,label_noise,high,Random Forest,0.79,0.76,,-3.0000000000000027,,external_intervention,tree
German Credit,label_noise,high,XGBoost,0.76,0.765,,0.5000000000000004,,external_intervention,tree
German Credit,label_noise,low,Decision Tree,0.72,0.705,,-1.5000000000000013,,external_intervention,tree
German Credit,label_noise,low,Gaussian Naive Bayes,0.685,0.685,,0.0,,external_intervention,non-tree
German Credit,label_noise,low,KNN,0.695,0.685,,-0.9999999999999898,,external_intervention,non-tree
German Credit,label_noise,low,LightGBM,0.76,0.735,,-2.500000000000002,,external_intervention,tree
German Credit,label_noise,low,Logistic Regression,0.725,0.74,,1.5000000000000013,,external_intervention,non-tree
German Credit,label_noise,low,MLP,0.715,0.725,,1.0000000000000009,,external_intervention,non-tree
German Credit,label_noise,low,Random Forest,0.765,0.76,,-0.5000000000000004,,external_intervention,tree
German Credit,label_noise,low,XGBoost,0.76,0.765,,0.5000000000000004,,external_intervention,tree
German Credit,label_noise,medium,Decision Tree,0.625,0.705,,7.9999999999999964,,external_intervention,tree
German Credit,label_noise,medium,Gaussian Naive Bayes,0.67,0.685,,1.5000000000000013,,external_intervention,non-tree
German Credit,label_noise,medium,KNN,0.66,0.685,,2.500000000000002,,external_intervention,non-tree
German Credit,label_noise,medium,LightGBM,0.71,0.735,,2.500000000000002,,external_intervention,tree
German Credit,label_noise,medium,Logistic Regression,0.735,0.74,,0.5000000000000004,,external_intervention,non-tree
German Credit,label_noise,medium,MLP,0.68,0.725,,4.499999999999993,,external_intervention,non-tree
German Credit,label_noise,medium,Random Forest,0.79,0.76,,-3.0000000000000027,,external_intervention,tree
German Credit,label_noise,medium,XGBoost,0.72,0.765,,4.5000000000000036,,external_intervention,tree
German Credit,label_noise_asymmetric,high,Decision Tree,0.635,0.705,,6.999999999999995,,external_intervention,tree
German Credit,label_noise_asymmetric,high,Gaussian Naive Bayes,0.63,0.685,,5.500000000000005,,external_intervention,non-tree
German Credit,label_noise_asymmetric,high,KNN,0.625,0.685,,6.000000000000005,,external_intervention,non-tree
German Credit,label_noise_asymmetric,high,LightGBM,0.655,0.735,,7.9999999999999964,,external_intervention,tree
German Credit,label_noise_asymmetric,high,Logistic Regression,0.69,0.74,,5.000000000000004,,external_intervention,non-tree
German Credit,label_noise_asymmetric,high,MLP,0.67,0.725,,5.499999999999994,,external_intervention,non-tree
German Credit,label_noise_asymmetric,high,Random Forest,0.735,0.76,,2.500000000000002,,external_intervention,tree
German Credit,label_noise_asymmetric,high,XGBoost,0.68,0.765,,8.499999999999996,,external_intervention,tree
German Credit,label_noise_asymmetric,low,Decision Tree,0.64,0.705,,6.499999999999995,,external_intervention,tree
German Credit,label_noise_asymmetric,low,Gaussian Naive Bayes,0.675,0.685,,1.0000000000000009,,external_intervention,non-tree
German Credit,label_noise_asymmetric,low,KNN,0.68,0.685,,0.5000000000000004,,external_intervention,non-tree
German Credit,label_noise_asymmetric,low,LightGBM,0.745,0.735,,-1.0000000000000009,,external_intervention,tree
German Credit,label_noise_asymmetric,low,Logistic Regression,0.725,0.74,,1.5000000000000013,,external_intervention,non-tree
German Credit,label_noise_asymmetric,low,MLP,0.705,0.725,,2.0000000000000018,,external_intervention,non-tree
German Credit,label_noise_asymmetric,low,Random Forest,0.78,0.76,,-2.0000000000000018,,external_intervention,tree
German Credit,label_noise_asymmetric,low,XGBoost,0.795,0.765,,-3.0000000000000027,,external_intervention,tree
German Credit,label_noise_asymmetric,medium,Decision Tree,0.61,0.705,,9.499999999999996,,external_intervention,tree
German Credit,label_noise_asymmetric,medium,Gaussian Naive Bayes,0.68,0.685,,0.5000000000000004,,external_intervention,non-tree
German Credit,label_noise_asymmetric,medium,KNN,0.645,0.685,,4.0000000000000036,,external_intervention,non-tree
German Credit,label_noise_asymmetric,medium,LightGBM,0.7,0.735,,3.500000000000003,,external_intervention,tree
German Credit,label_noise_asymmetric,medium,Logistic Regression,0.7,0.74,,4.0000000000000036,,external_intervention,non-tree
German Credit,label_noise_asymmetric,medium,MLP,0.705,0.725,,2.0000000000000018,,external_intervention,non-tree
German Credit,label_noise_asymmetric,medium,Random Forest,0.72,0.76,,4.0000000000000036,,external_intervention,tree
German Credit,label_noise_asymmetric,medium,XGBoost,0.715,0.765,,5.000000000000004,,external_intervention,tree
German Credit,missing_values,high,Decision Tree,0.65,0.705,0.745,5.499999999999994,9.499999999999996,automated_cleaning,tree
German Credit,missing_values,high,Gaussian Naive Bayes,0.72,0.685,0.67,-3.499999999999992,-4.999999999999993,automated_cleaning,non-tree
German Credit,missing_values,high,KNN,0.68,0.685,0.725,0.5000000000000004,4.499999999999993,automated_cleaning,non-tree
German Credit,missing_values,high,LightGBM,0.74,0.735,0.725,-0.5000000000000004,-1.5000000000000013,automated_cleaning,tree
German Credit,missing_values,high,Logistic Regression,0.695,0.74,0.73,4.5000000000000036,3.500000000000003,automated_cleaning,non-tree
German Credit,missing_values,high,MLP,0.725,0.725,0.745,0.0,2.0000000000000018,automated_cleaning,non-tree
German Credit,missing_values,high,Random Forest,0.765,0.76,0.765,-0.5000000000000004,0.0,automated_cleaning,tree
German Credit,missing_values,high,XGBoost,0.745,0.765,0.725,2.0000000000000018,-2.0000000000000018,automated_cleaning,tree
German Credit,missing_values,low,Decision Tree,0.69,0.705,0.74,1.5000000000000013,5.000000000000004,automated_cleaning,tree
German Credit,missing_values,low,Gaussian Naive Bayes,0.685,0.685,0.67,0.0,-1.5000000000000013,automated_cleaning,non-tree
German Credit,missing_values,low,KNN,0.74,0.685,0.705,-5.499999999999994,-3.500000000000003,automated_cleaning,non-tree
German Credit,missing_values,low,LightGBM,0.745,0.735,0.695,-1.0000000000000009,-5.000000000000004,automated_cleaning,tree
German Credit,missing_values,low,Logistic Regression,0.715,0.74,0.725,2.500000000000002,1.0000000000000009,automated_cleaning,non-tree
German Credit,missing_values,low,MLP,0.675,0.725,0.675,4.999999999999993,0.0,automated_cleaning,non-tree
German Credit,missing_values,low,Random Forest,0.77,0.76,0.765,-1.0000000000000009,-0.5000000000000004,automated_cleaning,tree
German Credit,missing_values,low,XGBoost,0.735,0.765,0.725,3.0000000000000027,-1.0000000000000009,automated_cleaning,tree
German Credit,missing_values,medium,Decision Tree,0.675,0.705,0.715,2.9999999999999916,3.9999999999999925,automated_cleaning,tree
German Credit,missing_values,medium,Gaussian Naive Bayes,0.68,0.685,0.695,0.5000000000000004,1.4999999999999902,automated_cleaning,non-tree
German Credit,missing_values,medium,KNN,0.705,0.685,0.665,-1.9999999999999907,-3.9999999999999925,automated_cleaning,non-tree
German Credit,missing_values,medium,LightGBM,0.715,0.735,0.73,2.0000000000000018,1.5000000000000013,automated_cleaning,tree
German Credit,missing_values,medium,Logistic Regression,0.715,0.74,0.745,2.500000000000002,3.0000000000000027,automated_cleaning,non-tree
German Credit,missing_values,medium,MLP,0.725,0.725,0.69,0.0,-3.500000000000003,automated_cleaning,non-tree
German Credit,missing_values,medium,Random Forest,0.74,0.76,0.76,2.0000000000000018,2.0000000000000018,automated_cleaning,tree
German Credit,missing_values,medium,XGBoost,0.725,0.765,0.72,4.0000000000000036,-0.5000000000000004,automated_cleaning,tree
German Credit,missing_values_mnar,high,Decision Tree,0.53,0.705,0.62,17.499999999999993,8.999999999999996,automated_cleaning,tree
German Credit,missing_values_mnar,high,Gaussian Naive Bayes,0.365,0.685,0.675,32.00000000000001,31.000000000000007,automated_cleaning,non-tree
German Credit,missing_values_mnar,high,KNN,0.43,0.685,0.71,25.500000000000007,27.999999999999996,automated_cleaning,non-tree
German Credit,missing_values_mnar,high,LightGBM,0.35,0.735,0.625,38.5,27.500000000000004,automated_cleaning,tree
German Credit,missing_values_mnar,high,Logistic Regression,0.465,0.74,0.69,27.499999999999996,22.499999999999993,automated_cleaning,non-tree
German Credit,missing_values_mnar,high,MLP,0.405,0.725,0.625,31.999999999999996,21.999999999999996,automated_cleaning,non-tree
German Credit,missing_values_mnar,high,Random Forest,0.44,0.76,0.67,32.0,23.000000000000004,automated_cleaning,tree
German Credit,missing_values_mnar,high,XGBoost,0.335,0.765,0.625,43.0,28.999999999999996,automated_cleaning,tree
German Credit,missing_values_mnar,low,Decision Tree,0.63,0.705,0.645,7.499999999999996,1.5000000000000013,automated_cleaning,tree
German Credit,missing_values_mnar,low,Gaussian Naive Bayes,0.56,0.685,0.7,12.5,13.99999999999999,automated_cleaning,non-tree
German Credit,missing_values_mnar,low,KNN,0.625,0.685,0.71,6.000000000000005,8.499999999999996,automated_cleaning,non-tree
German Credit,missing_values_mnar,low,LightGBM,0.62,0.735,0.72,11.5,9.999999999999998,automated_cleaning,tree
German Credit,missing_values_mnar,low,Logistic Regression,0.67,0.74,0.715,6.999999999999995,4.499999999999993,automated_cleaning,non-tree
German Credit,missing_values_mnar,low,MLP,0.68,0.725,0.735,4.499999999999993,5.499999999999994,automated_cleaning,non-tree
German Credit,missing_values_mnar,low,Random Forest,0.68,0.76,0.76,7.9999999999999964,7.9999999999999964,automated_cleaning,tree
German Credit,missing_values_mnar,low,XGBoost,0.61,0.765,0.715,15.500000000000004,10.499999999999998,automated_cleaning,tree
German Credit,missing_values_mnar,medium,Decision Tree,0.58,0.705,0.635,12.5,5.500000000000005,automated_cleaning,tree
German Credit,missing_values_mnar,medium,Gaussian Naive Bayes,0.415,0.685,0.67,27.000000000000007,25.500000000000007,automated_cleaning,non-tree
German Credit,missing_values_mnar,medium,KNN,0.495,0.685,0.69,19.000000000000007,19.499999999999996,automated_cleaning,non-tree
German Credit,missing_values_mnar,medium,LightGBM,0.41,0.735,0.715,32.5,30.5,automated_cleaning,tree
German Credit,missing_values_mnar,medium,Logistic Regression,0.555,0.74,0.715,18.499999999999993,15.999999999999993,automated_cleaning,non-tree
German Credit,missing_values_mnar,medium,MLP,0.49,0.725,0.705,23.5,21.499999999999996,automated_cleaning,non-tree
German Credit,missing_values_mnar,medium,Random Forest,0.57,0.76,0.745,19.000000000000007,17.500000000000004,automated_cleaning,tree
German Credit,missing_values_mnar,medium,XGBoost,0.45,0.765,0.71,31.5,25.999999999999996,automated_cleaning,tree
German Credit,outliers,high,Decision Tree,0.675,0.705,0.695,2.9999999999999916,1.9999999999999907,automated_cleaning,tree
German Credit,outliers,high,Gaussian Naive Bayes,0.675,0.685,0.685,1.0000000000000009,1.0000000000000009,automated_cleaning,non-tree
German Credit,outliers,high,KNN,0.66,0.685,0.66,2.500000000000002,0.0,automated_cleaning,non-tree
German Credit,outliers,high,LightGBM,0.74,0.735,0.735,-0.5000000000000004,-0.5000000000000004,automated_cleaning,tree
German Credit,outliers,high,Logistic Regression,0.745,0.74,0.73,-0.5000000000000004,-1.5000000000000013,automated_cleaning,non-tree
German Credit,outliers,high,MLP,0.715,0.725,0.715,1.0000000000000009,0.0,automated_cleaning,non-tree
German Credit,outliers,high,Random Forest,0.765,0.76,0.765,-0.5000000000000004,0.0,automated_cleaning,tree
German Credit,outliers,high,XGBoost,0.74,0.765,0.735,2.500000000000002,-0.5000000000000004,automated_cleaning,tree
German Credit,outliers,low,Decision Tree,0.69,0.705,0.69,1.5000000000000013,0.0,automated_cleaning,tree
German Credit,outliers,low,Gaussian Naive Bayes,0.7,0.685,0.67,-1.4999999999999902,-2.9999999999999916,automated_cleaning,non-tree
German Credit,outliers,low,KNN,0.67,0.685,0.695,1.5000000000000013,2.499999999999991,automated_cleaning,non-tree
German Credit,outliers,low,LightGBM,0.76,0.735,0.77,-2.500000000000002,1.0000000000000009,automated_cleaning,tree
German Credit,outliers,low,Logistic Regression,0.73,0.74,0.72,1.0000000000000009,-1.0000000000000009,automated_cleaning,non-tree
German Credit,outliers,low,MLP,0.745,0.725,0.71,-2.0000000000000018,-3.500000000000003,automated_cleaning,non-tree
German Credit,outliers,low,Random Forest,0.77,0.76,0.77,-1.0000000000000009,0.0,automated_cleaning,tree
German Credit,outliers,low,XGBoost,0.725,0.765,0.745,4.0000000000000036,2.0000000000000018,automated_cleaning,tree
German Credit,outliers,medium,Decision Tree,0.635,0.705,0.695,6.999999999999995,5.999999999999995,automated_cleaning,tree
German Credit,outliers,medium,Gaussian Naive Bayes,0.66,0.685,0.67,2.500000000000002,1.0000000000000009,automated_cleaning,non-tree
German Credit,outliers,medium,KNN,0.695,0.685,0.705,-0.9999999999999898,1.0000000000000009,automated_cleaning,non-tree
German Credit,outliers,medium,LightGBM,0.74,0.735,0.72,-0.5000000000000004,-2.0000000000000018,automated_cleaning,tree
German Credit,outliers,medium,Logistic Regression,0.745,0.74,0.735,-0.5000000000000004,-1.0000000000000009,automated_cleaning,non-tree
German Credit,outliers,medium,MLP,0.73,0.725,0.705,-0.5000000000000004,-2.500000000000002,automated_cleaning,non-tree
German Credit,outliers,medium,Random Forest,0.78,0.76,0.79,-2.0000000000000018,1.0000000000000009,automated_cleaning,tree
German Credit,outliers,medium,XGBoost,0.73,0.765,0.76,3.500000000000003,3.0000000000000027,automated_cleaning,tree
German Credit,outliers_targeted,high,Decision Tree,0.69,0.705,0.675,1.5000000000000013,-1.4999999999999902,automated_cleaning,tree
German Credit,outliers_targeted,high,Gaussian Naive Bayes,0.66,0.685,0.665,2.500000000000002,0.5000000000000004,automated_cleaning,non-tree
German Credit,outliers_targeted,high,KNN,0.665,0.685,0.67,2.0000000000000018,0.5000000000000004,automated_cleaning,non-tree
German Credit,outliers_targeted,high,LightGBM,0.75,0.735,0.755,-1.5000000000000013,0.5000000000000004,automated_cleaning,tree
German Credit,outliers_targeted,high,Logistic Regression,0.745,0.74,0.745,-0.5000000000000004,0.0,automated_cleaning,non-tree
German Credit,outliers_targeted,high,MLP,0.695,0.725,0.695,3.0000000000000027,0.0,automated_cleaning,non-tree
German Credit,outliers_targeted,high,Random Forest,0.795,0.76,0.785,-3.500000000000003,-1.0000000000000009,automated_cleaning,tree
German Credit,outliers_targeted,high,XGBoost,0.72,0.765,0.745,4.5000000000000036,2.500000000000002,automated_cleaning,tree
German Credit,outliers_targeted,low,Decision Tree,0.69,0.705,0.655,1.5000000000000013,-3.499999999999992,automated_cleaning,tree
German Credit,outliers_targeted,low,Gaussian Naive Bayes,0.68,0.685,0.68,0.5000000000000004,0.0,automated_cleaning,non-tree
German Credit,outliers_targeted,low,KNN,0.7,0.685,0.7,-1.4999999999999902,0.0,automated_cleaning,non-tree
German Credit,outliers_targeted,low,LightGBM,0.76,0.735,0.72,-2.500000000000002,-4.0000000000000036,automated_cleaning,tree
German Credit,outliers_targeted,low,Logistic Regression,0.745,0.74,0.75,-0.5000000000000004,0.5000000000000004,automated_cleaning,non-tree
German Credit,outliers_targeted,low,MLP,0.72,0.725,0.72,0.5000000000000004,0.0,automated_cleaning,non-tree
German Credit,outliers_targeted,low,Random Forest,0.735,0.76,0.75,2.500000000000002,1.5000000000000013,automated_cleaning,tree
German Credit,outliers_targeted,low,XGBoost,0.74,0.765,0.73,2.500000000000002,-1.0000000000000009,automated_cleaning,tree
German Credit,outliers_targeted,medium,Decision Tree,0.68,0.705,0.68,2.499999999999991,0.0,automated_cleaning,tree
German Credit,outliers_targeted,medium,Gaussian Naive Bayes,0.675,0.685,0.67,1.0000000000000009,-0.5000000000000004,automated_cleaning,non-tree
German Credit,outliers_targeted,medium,KNN,0.7,0.685,0.705,-1.4999999999999902,0.5000000000000004,automated_cleaning,non-tree
German Credit,outliers_targeted,medium,LightGBM,0.715,0.735,0.71,2.0000000000000018,-0.5000000000000004,automated_cleaning,tree
German Credit,outliers_targeted,medium,Logistic Regression,0.745,0.74,0.74,-0.5000000000000004,-0.5000000000000004,automated_cleaning,non-tree
German Credit,outliers_targeted,medium,MLP,0.7,0.725,0.705,2.500000000000002,0.5000000000000004,automated_cleaning,non-tree
German Credit,outliers_targeted,medium,Random Forest,0.785,0.76,0.755,-2.500000000000002,-3.0000000000000027,automated_cleaning,tree
German Credit,outliers_targeted,medium,XGBoost,0.705,0.765,0.73,6.000000000000005,2.500000000000002,automated_cleaning,tree
German Credit,provenance_issues,high,Decision Tree,0.77,0.705,,-6.500000000000005,,external_intervention,tree
German Credit,provenance_issues,high,Gaussian Naive Bayes,0.67,0.685,,1.5000000000000013,,external_intervention,non-tree
German Credit,provenance_issues,high,KNN,0.71,0.685,,-2.499999999999991,,external_intervention,non-tree
German Credit,provenance_issues,high,LightGBM,0.78,0.735,,-4.5000000000000036,,external_intervention,tree
German Credit,provenance_issues,high,Logistic Regression,0.72,0.74,,2.0000000000000018,,external_intervention,non-tree
German Credit,provenance_issues,high,MLP,0.705,0.725,,2.0000000000000018,,external_intervention,non-tree
German Credit,provenance_issues,high,Random Forest,0.765,0.76,,-0.5000000000000004,,external_intervention,tree
German Credit,provenance_issues,high,XGBoost,0.765,0.765,,0.0,,external_intervention,tree
German Credit,provenance_issues,low,Decision Tree,0.69,0.705,,1.5000000000000013,,external_intervention,tree
German Credit,provenance_issues,low,Gaussian Naive Bayes,0.68,0.685,,0.5000000000000004,,external_intervention,non-tree
German Credit,provenance_issues,low,KNN,0.695,0.685,,-0.9999999999999898,,external_intervention,non-tree
German Credit,provenance_issues,low,LightGBM,0.77,0.735,,-3.500000000000003,,external_intervention,tree
German Credit,provenance_issues,low,Logistic Regression,0.725,0.74,,1.5000000000000013,,external_intervention,non-tree
German Credit,provenance_issues,low,MLP,0.75,0.725,,-2.500000000000002,,external_intervention,non-tree
German Credit,provenance_issues,low,Random Forest,0.785,0.76,,-2.500000000000002,,external_intervention,tree
German Credit,provenance_issues,low,XGBoost,0.78,0.765,,-1.5000000000000013,,external_intervention,tree
German Credit,provenance_issues,medium,Decision Tree,0.755,0.705,,-5.000000000000004,,external_intervention,tree
German Credit,provenance_issues,medium,Gaussian Naive Bayes,0.695,0.685,,-0.9999999999999898,,external_intervention,non-tree
German Credit,provenance_issues,medium,KNN,0.69,0.685,,-0.49999999999998934,,external_intervention,non-tree
German Credit,provenance_issues,medium,LightGBM,0.755,0.735,,-2.0000000000000018,,external_intervention,tree
German Credit,provenance_issues,medium,Logistic Regression,0.725,0.74,,1.5000000000000013,,external_intervention,non-tree
German Credit,provenance_issues,medium,MLP,0.69,0.725,,3.500000000000003,,external_intervention,non-tree
German Credit,provenance_issues,medium,Random Forest,0.785,0.76,,-2.500000000000002,,external_intervention,tree
German Credit,provenance_issues,medium,XGBoost,0.775,0.765,,-1.0000000000000009,,external_intervention,tree
German Credit,redundant_features,high,Decision Tree,0.695,0.705,0.695,1.0000000000000009,0.0,automated_cleaning,tree
German Credit,redundant_features,high,Gaussian Naive Bayes,0.69,0.685,0.685,-0.49999999999998934,-0.49999999999998934,automated_cleaning,non-tree
German Credit,redundant_features,high,KNN,0.69,0.685,0.685,-0.49999999999998934,-0.49999999999998934,automated_cleaning,non-tree
German Credit,redundant_features,high,LightGBM,0.765,0.735,0.735,-3.0000000000000027,-3.0000000000000027,automated_cleaning,tree
German Credit,redundant_features,high,Logistic Regression,0.735,0.74,0.74,0.5000000000000004,0.5000000000000004,automated_cleaning,non-tree
German Credit,redundant_features,high,MLP,0.74,0.725,0.735,-1.5000000000000013,-0.5000000000000004,automated_cleaning,non-tree
German Credit,redundant_features,high,Random Forest,0.76,0.76,0.765,0.0,0.5000000000000004,automated_cleaning,tree
German Credit,redundant_features,high,XGBoost,0.76,0.765,0.765,0.5000000000000004,0.5000000000000004,automated_cleaning,tree
German Credit,redundant_features,low,Decision Tree,0.695,0.705,0.705,1.0000000000000009,1.0000000000000009,automated_cleaning,tree
German Credit,redundant_features,low,Gaussian Naive Bayes,0.695,0.685,0.685,-0.9999999999999898,-0.9999999999999898,automated_cleaning,non-tree
German Credit,redundant_features,low,KNN,0.695,0.685,0.685,-0.9999999999999898,-0.9999999999999898,automated_cleaning,non-tree
German Credit,redundant_features,low,LightGBM,0.77,0.735,0.735,-3.500000000000003,-3.500000000000003,automated_cleaning,tree
German Credit,redundant_features,low,Logistic Regression,0.74,0.74,0.74,0.0,0.0,automated_cleaning,non-tree
German Credit,redundant_features,low,MLP,0.73,0.725,0.725,-0.5000000000000004,-0.5000000000000004,automated_cleaning,non-tree
German Credit,redundant_features,low,Random Forest,0.77,0.76,0.765,-1.0000000000000009,-0.5000000000000004,automated_cleaning,tree
German Credit,redundant_features,low,XGBoost,0.755,0.765,0.765,1.0000000000000009,1.0000000000000009,automated_cleaning,tree
German Credit,redundant_features,medium,Decision Tree,0.74,0.705,0.71,-3.500000000000003,-3.0000000000000027,automated_cleaning,tree
German Credit,redundant_features,medium,Gaussian Naive Bayes,0.69,0.685,0.685,-0.49999999999998934,-0.49999999999998934,automated_cleaning,non-tree
German Credit,redundant_features,medium,KNN,0.685,0.685,0.685,0.0,0.0,automated_cleaning,non-tree
German Credit,redundant_features,medium,LightGBM,0.785,0.735,0.735,-5.000000000000004,-5.000000000000004,automated_cleaning,tree
German Credit,redundant_features,medium,Logistic Regression,0.74,0.74,0.74,0.0,0.0,automated_cleaning,non-tree
German Credit,redundant_features,medium,MLP,0.7,0.725,0.735,2.500000000000002,3.500000000000003,automated_cleaning,non-tree
German Credit,redundant_features,medium,Random Forest,0.775,0.76,0.78,-1.5000000000000013,0.5000000000000004,automated_cleaning,tree
German Credit,redundant_features,medium,XGBoost,0.775,0.765,0.765,-1.0000000000000009,-1.0000000000000009,automated_cleaning,tree
German Credit,typographical_errors,high,Decision Tree,0.715,0.705,0.75,-1.0000000000000009,3.500000000000003,automated_cleaning,tree
German Credit,typographical_errors,high,Gaussian Naive Bayes,0.68,0.685,0.695,0.5000000000000004,1.4999999999999902,automated_cleaning,non-tree
German Credit,typographical_errors,high,KNN,0.675,0.685,0.69,1.0000000000000009,1.4999999999999902,automated_cleaning,non-tree
German Credit,typographical_errors,high,LightGBM,0.735,0.735,0.75,0.0,1.5000000000000013,automated_cleaning,tree
German Credit,typographical_errors,high,Logistic Regression,0.735,0.74,0.73,0.5000000000000004,-0.5000000000000004,automated_cleaning,non-tree
German Credit,typographical_errors,high,MLP,0.765,0.725,0.74,-4.0000000000000036,-2.500000000000002,automated_cleaning,non-tree
German Credit,typographical_errors,high,Random Forest,0.78,0.76,0.795,-2.0000000000000018,1.5000000000000013,automated_cleaning,tree
German Credit,typographical_errors,high,XGBoost,0.745,0.765,0.735,2.0000000000000018,-1.0000000000000009,automated_cleaning,tree
German Credit,typographical_errors,low,Decision Tree,0.69,0.705,0.695,1.5000000000000013,0.5000000000000004,automated_cleaning,tree
German Credit,typographical_errors,low,Gaussian Naive Bayes,0.75,0.685,0.685,-6.499999999999995,-6.499999999999995,automated_cleaning,non-tree
German Credit,typographical_errors,low,KNN,0.715,0.685,0.68,-2.9999999999999916,-3.499999999999992,automated_cleaning,non-tree
German Credit,typographical_errors,low,LightGBM,0.765,0.735,0.755,-3.0000000000000027,-1.0000000000000009,automated_cleaning,tree
German Credit,typographical_errors,low,Logistic Regression,0.75,0.74,0.735,-1.0000000000000009,-1.5000000000000013,automated_cleaning,non-tree
German Credit,typographical_errors,low,MLP,0.76,0.725,0.73,-3.500000000000003,-3.0000000000000027,automated_cleaning,non-tree
German Credit,typographical_errors,low,Random Forest,0.78,0.76,0.77,-2.0000000000000018,-1.0000000000000009,automated_cleaning,tree
German Credit,typographical_errors,low,XGBoost,0.765,0.765,0.755,0.0,-1.0000000000000009,automated_cleaning,tree
German Credit,typographical_errors,medium,Decision Tree,0.74,0.705,0.665,-3.500000000000003,-7.499999999999996,automated_cleaning,tree
German Credit,typographical_errors,medium,Gaussian Naive Bayes,0.705,0.685,0.7,-1.9999999999999907,-0.5000000000000004,automated_cleaning,non-tree
German Credit,typographical_errors,medium,KNN,0.695,0.685,0.72,-0.9999999999999898,2.500000000000002,automated_cleaning,non-tree
German Credit,typographical_errors,medium,LightGBM,0.755,0.735,0.76,-2.0000000000000018,0.5000000000000004,automated_cleaning,tree
German Credit,typographical_errors,medium,Logistic Regression,0.73,0.74,0.73,1.0000000000000009,0.0,automated_cleaning,non-tree
German Credit,typographical_errors,medium,MLP,0.75,0.725,0.73,-2.500000000000002,-2.0000000000000018,automated_cleaning,non-tree
German Credit,typographical_errors,medium,Random Forest,0.78,0.76,0.76,-2.0000000000000018,-2.0000000000000018,automated_cleaning,tree
German Credit,typographical_errors,medium,XGBoost,0.785,0.765,0.745,-2.0000000000000018,-4.0000000000000036,automated_cleaning,tree
Telco Churn,ambiguous_labels,high,Decision Tree,0.6673773987206824,0.749822316986496,,8.244491826581369,,external_intervention,tree
Telco Churn,ambiguous_labels,high,Gaussian Naive Bayes,0.6865671641791045,0.7327647476901208,,4.619758351101632,,external_intervention,non-tree
Telco Churn,ambiguous_labels,high,KNN,0.6751954513148543,0.7484008528784648,,7.320540156361055,,external_intervention,non-tree
Telco Churn,ambiguous_labels,high,LightGBM,0.6958066808813077,0.7889125799573561,,9.310589907604838,,external_intervention,tree
Telco Churn,ambiguous_labels,high,Logistic Regression,0.7398720682302772,0.7938877043354655,,5.401563610518833,,external_intervention,non-tree
Telco Churn,ambiguous_labels,high,MLP,0.7043354655294953,0.7874911158493249,,8.315565031982953,,external_intervention,non-tree
Telco Churn,ambiguous_labels,high,Random Forest,0.7007818052594172,0.7874911158493249,,8.67093105899076,,external_intervention,tree
Telco Churn,ambiguous_labels,high,XGBoost,0.6901208244491827,0.7917555081734187,,10.163468372423601,,external_intervention,tree
Telco Churn,ambiguous_labels,low,Decision Tree,0.7199715707178393,0.749822316986496,,2.985074626865669,,external_intervention,tree
Telco Churn,ambiguous_labels,low,Gaussian Naive Bayes,0.7270788912579957,0.7327647476901208,,0.5685856432125047,,external_intervention,non-tree
Telco Churn,ambiguous_labels,low,KNN,0.7434257285003554,0.7484008528784648,,0.497512437810943,,external_intervention,non-tree
Telco Churn,ambiguous_labels,low,LightGBM,0.7533759772565742,0.7889125799573561,,3.553660270078185,,external_intervention,tree
Telco Churn,ambiguous_labels,low,Logistic Regression,0.7917555081734187,0.7938877043354655,,0.2132196162046851,,external_intervention,non-tree
Telco Churn,ambiguous_labels,low,MLP,0.7718550106609808,0.7874911158493249,,1.5636105188344018,,external_intervention,non-tree
Telco Churn,ambiguous_labels,low,Random Forest,0.7547974413646056,0.7874911158493249,,3.269367448471927,,external_intervention,tree
Telco Churn,ambiguous_labels,low,XGBoost,0.7583511016346838,0.7917555081734187,,3.3404406538734888,,external_intervention,tree
Telco Churn,ambiguous_labels,medium,Decision Tree,0.689410092395167,0.749822316986496,,6.0412224591329,,external_intervention,tree
Telco Churn,ambiguous_labels,medium,Gaussian Naive Bayes,0.7121535181236673,0.7327647476901208,,2.061122956645345,,external_intervention,non-tree
Telco Churn,ambiguous_labels,medium,KNN,0.7192608386638237,0.7484008528784648,,2.9140014214641075,,external_intervention,non-tree
Telco Churn,ambiguous_labels,medium,LightGBM,0.7270788912579957,0.7889125799573561,,6.183368869936034,,external_intervention,tree
Telco Churn,ambiguous_labels,medium,Logistic Regression,0.7846481876332623,0.7938877043354655,,0.9239516702203243,,external_intervention,non-tree
Telco Churn,ambiguous_labels,medium,MLP,0.7484008528784648,0.7874911158493249,,3.9090262970860046,,external_intervention,non-tree
Telco Churn,ambiguous_labels,medium,Random Forest,0.7306325515280739,0.7874911158493249,,5.6858564321250915,,external_intervention,tree
Telco Churn,ambiguous_labels,medium,XGBoost,0.7235252309879175,0.7917555081734187,,6.823027718550112,,external_intervention,tree
Telco Churn,annotator_bias,high,Decision Tree,0.5167022032693674,0.749822316986496,,23.31201137171286,,external_intervention,tree
Telco Churn,annotator_bias,high,Gaussian Naive Bayes,0.4747690120824449,0.7327647476901208,,25.79957356076759,,external_intervention,non-tree
Telco Churn,annotator_bias,high,KNN,0.496090973702914,0.7484008528784648,,25.23098791755508,,external_intervention,non-tree
Telco Churn,annotator_bias,high,LightGBM,0.4811656005685856,0.7889125799573561,,30.77469793887705,,external_intervention,tree
Telco Churn,annotator_bias,high,Logistic Regression,0.4456289978678038,0.7938877043354655,,34.82587064676617,,external_intervention,non-tree
Telco Churn,annotator_bias,high,MLP,0.4733475479744136,0.7874911158493249,,31.414356787491126,,external_intervention,non-tree
Telco Churn,annotator_bias,high,Random Forest,0.4847192608386638,0.7874911158493249,,30.277185501066107,,external_intervention,tree
Telco Churn,annotator_bias,high,XGBoost,0.4911158493248045,0.7917555081734187,,30.063965884861414,,external_intervention,tree
Telco Churn,annotator_bias,low,Decision Tree,0.7221037668798863,0.749822316986496,,2.771855010660973,,external_intervention,tree
Telco Churn,annotator_bias,low,Gaussian Naive Bayes,0.7256574271499645,0.7327647476901208,,0.7107320540156281,,external_intervention,non-tree
Telco Churn,annotator_bias,low,KNN,0.7242359630419332,0.7484008528784648,,2.4164889836531644,,external_intervention,non-tree
Telco Churn,annotator_bias,low,LightGBM,0.7704335465529495,0.7889125799573561,,1.8479033404406597,,external_intervention,tree
Telco Churn,annotator_bias,low,Logistic Regression,0.7896233120113717,0.7938877043354655,,0.4264392324093813,,external_intervention,non-tree
Telco Churn,annotator_bias,low,MLP,0.7604832977967306,0.7874911158493249,,2.7007818052594224,,external_intervention,non-tree
Telco Churn,annotator_bias,low,Random Forest,0.7761194029850746,0.7874911158493249,,1.1371712864250205,,external_intervention,tree
Telco Churn,annotator_bias,low,XGBoost,0.7789623312011372,0.7917555081734187,,1.279317697228144,,external_intervention,tree
Telco Churn,annotator_bias,medium,Decision Tree,0.6019900497512438,0.749822316986496,,14.783226723525223,,external_intervention,tree
Telco Churn,annotator_bias,medium,Gaussian Naive Bayes,0.4996446339729922,0.7327647476901208,,23.31201137171286,,external_intervention,non-tree
Telco Churn,annotator_bias,medium,KNN,0.4953802416488984,0.7484008528784648,,25.302061122956644,,external_intervention,non-tree
Telco Churn,annotator_bias,medium,LightGBM,0.5081734186211798,0.7889125799573561,,28.073916133617626,,external_intervention,tree
Telco Churn,annotator_bias,medium,Logistic Regression,0.5103056147832267,0.7938877043354655,,28.358208955223883,,external_intervention,non-tree
Telco Churn,annotator_bias,medium,MLP,0.4605543710021322,0.7874911158493249,,32.69367448471927,,external_intervention,non-tree
Telco Churn,annotator_bias,medium,Random Forest,0.5074626865671642,0.7874911158493249,,28.002842928216065,,external_intervention,tree
Telco Churn,annotator_bias,medium,XGBoost,0.4932480454868514,0.7917555081734187,,29.850746268656724,,external_intervention,tree
Telco Churn,categorical_errors,high,Decision Tree,0.7405828002842928,0.749822316986496,0.7405828002842928,0.9239516702203243,0.0,automated_cleaning,tree
Telco Churn,categorical_errors,high,Gaussian Naive Bayes,0.728500355366027,0.7327647476901208,0.728500355366027,0.4264392324093813,0.0,automated_cleaning,non-tree
Telco Churn,categorical_errors,high,KNN,0.7455579246624022,0.7484008528784648,0.7455579246624022,0.2842928216062579,0.0,automated_cleaning,non-tree
Telco Churn,categorical_errors,high,LightGBM,0.7860696517412935,0.7889125799573561,0.7860696517412935,0.2842928216062579,0.0,automated_cleaning,tree
Telco Churn,categorical_errors,high,Logistic Regression,0.7945984363894811,0.7938877043354655,0.7945984363894811,-0.0710732054015617,0.0,automated_cleaning,non-tree
Telco Churn,categorical_errors,high,MLP,0.7697228144989339,0.7874911158493249,0.7697228144989339,1.776830135039098,0.0,automated_cleaning,non-tree
Telco Churn,categorical_errors,high,Random Forest,0.7825159914712153,0.7874911158493249,0.7825159914712153,0.4975124378109541,0.0,automated_cleaning,tree
Telco Churn,categorical_errors,high,XGBoost,0.7803837953091685,0.7917555081734187,0.7803837953091685,1.1371712864250205,0.0,automated_cleaning,tree
Telco Churn,categorical_errors,low,Decision Tree,0.759772565742715,0.749822316986496,0.759772565742715,-0.9950248756218971,0.0,automated_cleaning,tree
Telco Churn,categorical_errors,low,Gaussian Naive Bayes,0.7299218194740583,0.7327647476901208,0.7299218194740583,0.2842928216062468,0.0,automated_cleaning,non-tree
Telco Churn,categorical_errors,low,KNN,0.7533759772565742,0.7484008528784648,0.7533759772565742,-0.497512437810943,0.0,automated_cleaning,non-tree
Telco Churn,categorical_errors,low,LightGBM,0.7889125799573561,0.7889125799573561,0.7889125799573561,0.0,0.0,automated_cleaning,tree
Telco Churn,categorical_errors,low,Logistic Regression,0.7953091684434968,0.7938877043354655,0.7953091684434968,-0.1421464108031234,0.0,automated_cleaning,non-tree
Telco Churn,categorical_errors,low,MLP,0.7839374555792467,0.7874911158493249,0.7839374555792467,0.3553660270078196,0.0,automated_cleaning,non-tree
Telco Churn,categorical_errors,low,Random Forest,0.7903340440653873,0.7874911158493249,0.7903340440653873,-0.2842928216062468,0.0,automated_cleaning,tree
Telco Churn,categorical_errors,low,XGBoost,0.7846481876332623,0.7917555081734187,0.7846481876332623,0.7107320540156392,0.0,automated_cleaning,tree
Telco Churn,categorical_errors,medium,Decision Tree,0.7739872068230277,0.749822316986496,0.7739872068230277,-2.4164889836531644,0.0,automated_cleaning,tree
Telco Churn,categorical_errors,medium,Gaussian Naive Bayes,0.728500355366027,0.7327647476901208,0.728500355366027,0.4264392324093813,0.0,automated_cleaning,non-tree
Telco Churn,categorical_errors,medium,KNN,0.738450604122246,0.7484008528784648,0.738450604122246,0.995024875621886,0.0,automated_cleaning,non-tree
Telco Churn,categorical_errors,medium,LightGBM,0.783226723525231,0.7889125799573561,0.783226723525231,0.5685856432125047,0.0,automated_cleaning,tree
Telco Churn,categorical_errors,medium,Logistic Regression,0.7903340440653873,0.7938877043354655,0.7903340440653873,0.3553660270078196,0.0,automated_cleaning,non-tree
Telco Churn,categorical_errors,medium,MLP,0.7818052594171997,0.7874911158493249,0.7818052594171997,0.5685856432125158,0.0,automated_cleaning,non-tree
Telco Churn,categorical_errors,medium,Random Forest,0.7931769722814499,0.7874911158493249,0.7931769722814499,-0.5685856432125047,0.0,automated_cleaning,tree
Telco Churn,categorical_errors,medium,XGBoost,0.7924662402274343,0.7917555081734187,0.7924662402274343,-0.0710732054015617,0.0,automated_cleaning,tree
Telco Churn,class_imbalance,high,Decision Tree,0.7640369580668088,0.749822316986496,0.7356076759061834,-1.4214641080312784,-2.8429282160625458,automated_cleaning,tree
Telco Churn,class_imbalance,high,Gaussian Naive Bayes,0.7405828002842928,0.7327647476901208,0.7085998578535891,-0.7818052594172009,-3.1982942430703654,automated_cleaning,non-tree
Telco Churn,class_imbalance,high,KNN,0.7626154939587776,0.7484008528784648,0.7057569296375267,-1.4214641080312784,-5.6858564321250915,automated_cleaning,non-tree
Telco Churn,class_imbalance,high,LightGBM,0.7839374555792467,0.7889125799573561,0.7647476901208244,0.497512437810943,-1.9189765458422214,automated_cleaning,tree
Telco Churn,class_imbalance,high,Logistic Regression,0.7825159914712153,0.7938877043354655,0.7306325515280739,1.1371712864250205,-5.188343994314137,automated_cleaning,non-tree
Telco Churn,class_imbalance,high,MLP,0.7860696517412935,0.7874911158493249,0.7533759772565742,0.1421464108031345,-3.269367448471927,automated_cleaning,non-tree
Telco Churn,class_imbalance,high,Random Forest,0.7910447761194029,0.7874911158493249,0.7711442786069652,-0.3553660270078085,-1.990049751243772,automated_cleaning,tree
Telco Churn,class_imbalance,high,XGBoost,0.7931769722814499,0.7917555081734187,0.7611940298507462,-0.1421464108031234,-3.1982942430703654,automated_cleaning,tree
Telco Churn,class_imbalance,low,Decision Tree,0.7732764747690121,0.749822316986496,0.7178393745557925,-2.3454157782516027,-5.543710021321957,automated_cleaning,tree
Telco Churn,class_imbalance,low,Gaussian Naive Bayes,0.7341862117981521,0.7327647476901208,0.7135749822316987,-0.1421464108031345,-2.061122956645345,automated_cleaning,non-tree
Telco Churn,class_imbalance,low,KNN,0.749822316986496,0.7484008528784648,0.6808813077469794,-0.1421464108031234,-6.894100923951663,automated_cleaning,non-tree
Telco Churn,class_imbalance,low,LightGBM,0.7846481876332623,0.7889125799573561,0.749822316986496,0.4264392324093813,-3.4825870646766233,automated_cleaning,tree
Telco Churn,class_imbalance,low,Logistic Regression,0.7945984363894811,0.7938877043354655,0.7299218194740583,-0.0710732054015617,-6.467661691542281,automated_cleaning,non-tree
Telco Churn,class_imbalance,low,MLP,0.7825159914712153,0.7874911158493249,0.7292110874200426,0.4975124378109541,-5.330490405117272,automated_cleaning,non-tree
Telco Churn,class_imbalance,low,Random Forest,0.7924662402274343,0.7874911158493249,0.7633262260127932,-0.497512437810943,-2.9140014214641075,automated_cleaning,tree
Telco Churn,class_imbalance,low,XGBoost,0.7803837953091685,0.7917555081734187,0.7455579246624022,1.1371712864250205,-3.4825870646766233,automated_cleaning,tree
Telco Churn,class_imbalance,medium,Decision Tree,0.7533759772565742,0.749822316986496,0.7164179104477612,-0.3553660270078196,-3.6958066808813084,automated_cleaning,tree
Telco Churn,class_imbalance,medium,Gaussian Naive Bayes,0.7391613361762616,0.7327647476901208,0.7085998578535891,-0.6396588486140775,-3.056147832267242,automated_cleaning,non-tree
Telco Churn,class_imbalance,medium,KNN,0.7526652452025586,0.7484008528784648,0.6908315565031983,-0.4264392324093813,-6.183368869936034,automated_cleaning,non-tree
Telco Churn,class_imbalance,medium,LightGBM,0.7825159914712153,0.7889125799573561,0.7555081734186212,0.6396588486140775,-2.7007818052594113,automated_cleaning,tree
Telco Churn,class_imbalance,medium,Logistic Regression,0.7896233120113717,0.7938877043354655,0.7249466950959488,0.4264392324093813,-6.467661691542292,automated_cleaning,non-tree
Telco Churn,class_imbalance,medium,MLP,0.7775408670931059,0.7874911158493249,0.7377398720682303,0.9950248756218971,-3.980099502487555,automated_cleaning,non-tree
Telco Churn,class_imbalance,medium,Random Forest,0.7889125799573561,0.7874911158493249,0.7697228144989339,-0.1421464108031234,-1.9189765458422214,automated_cleaning,tree
Telco Churn,class_imbalance,medium,XGBoost,0.7846481876332623,0.7917555081734187,0.751954513148543,0.7107320540156392,-3.269367448471927,automated_cleaning,tree
Telco Churn,concept_drift,high,Decision Tree,0.7277896233120114,0.749822316986496,,2.2032693674484682,,external_intervention,tree
Telco Churn,concept_drift,high,Gaussian Naive Bayes,0.7029140014214641,0.7327647476901208,,2.985074626865669,,external_intervention,non-tree
Telco Churn,concept_drift,high,KNN,0.6567164179104478,0.7484008528784648,,9.168443496801704,,external_intervention,non-tree
Telco Churn,concept_drift,high,LightGBM,0.7427149964463398,0.7889125799573561,,4.619758351101632,,external_intervention,tree
Telco Churn,concept_drift,high,Logistic Regression,0.7782515991471215,0.7938877043354655,,1.5636105188344018,,external_intervention,non-tree
Telco Churn,concept_drift,high,MLP,0.7057569296375267,0.7874911158493249,,8.173418621179817,,external_intervention,non-tree
Telco Churn,concept_drift,high,Random Forest,0.7704335465529495,0.7874911158493249,,1.7057569296375363,,external_intervention,tree
Telco Churn,concept_drift,high,XGBoost,0.7292110874200426,0.7917555081734187,,6.254442075337607,,external_intervention,tree
Telco Churn,concept_drift,low,Decision Tree,0.746268656716418,0.749822316986496,,0.3553660270078085,,external_intervention,tree
Telco Churn,concept_drift,low,Gaussian Naive Bayes,0.7199715707178393,0.7327647476901208,,1.279317697228144,,external_intervention,non-tree
Telco Churn,concept_drift,low,KNN,0.7242359630419332,0.7484008528784648,,2.4164889836531644,,external_intervention,non-tree
Telco Churn,concept_drift,low,LightGBM,0.7704335465529495,0.7889125799573561,,1.8479033404406597,,external_intervention,tree
Telco Churn,concept_drift,low,Logistic Regression,0.7960199004975125,0.7938877043354655,,-0.2132196162046962,,external_intervention,non-tree
Telco Churn,concept_drift,low,MLP,0.7782515991471215,0.7874911158493249,,0.9239516702203354,,external_intervention,non-tree
Telco Churn,concept_drift,low,Random Forest,0.7768301350390903,0.7874911158493249,,1.0660980810234588,,external_intervention,tree
Telco Churn,concept_drift,low,XGBoost,0.7775408670931059,0.7917555081734187,,1.4214641080312784,,external_intervention,tree
Telco Churn,concept_drift,medium,Decision Tree,0.7213930348258707,0.749822316986496,,2.8429282160625347,,external_intervention,tree
Telco Churn,concept_drift,medium,Gaussian Naive Bayes,0.7185501066098081,0.7327647476901208,,1.4214641080312673,,external_intervention,non-tree
Telco Churn,concept_drift,medium,KNN,0.689410092395167,0.7484008528784648,,5.899076048329777,,external_intervention,non-tree
Telco Churn,concept_drift,medium,LightGBM,0.7704335465529495,0.7889125799573561,,1.8479033404406597,,external_intervention,tree
Telco Churn,concept_drift,medium,Logistic Regression,0.7938877043354655,0.7938877043354655,,0.0,,external_intervention,non-tree
Telco Churn,concept_drift,medium,MLP,0.7562189054726368,0.7874911158493249,,3.1272210376688037,,external_intervention,non-tree
Telco Churn,concept_drift,medium,Random Forest,0.7825159914712153,0.7874911158493249,,0.4975124378109541,,external_intervention,tree
Telco Churn,concept_drift,medium,XGBoost,0.7711442786069652,0.7917555081734187,,2.061122956645345,,external_intervention,tree
Telco Churn,contextual_errors,high,Decision Tree,0.7512437810945274,0.749822316986496,0.744136460554371,-0.1421464108031345,-0.7107320540156392,automated_cleaning,tree
Telco Churn,contextual_errors,high,Gaussian Naive Bayes,0.728500355366027,0.7327647476901208,0.7320540156361052,0.4264392324093813,0.3553660270078196,automated_cleaning,non-tree
Telco Churn,contextual_errors,high,KNN,0.7377398720682303,0.7484008528784648,0.7484008528784648,1.0660980810234477,1.0660980810234477,automated_cleaning,non-tree
Telco Churn,contextual_errors,high,LightGBM,0.7853589196872779,0.7889125799573561,0.7860696517412935,0.3553660270078196,0.0710732054015617,automated_cleaning,tree
Telco Churn,contextual_errors,high,Logistic Regression,0.7590618336886994,0.7938877043354655,0.7711442786069652,3.482587064676612,1.2082444918265822,automated_cleaning,non-tree
Telco Churn,contextual_errors,high,MLP,0.7491115849324804,0.7874911158493249,0.7867803837953091,3.837953091684443,3.76687988628287,automated_cleaning,non-tree
Telco Churn,contextual_errors,high,Random Forest,0.7839374555792467,0.7874911158493249,0.7910447761194029,0.3553660270078196,0.7107320540156281,automated_cleaning,tree
Telco Churn,contextual_errors,high,XGBoost,0.7874911158493249,0.7917555081734187,0.7860696517412935,0.4264392324093813,-0.1421464108031345,automated_cleaning,tree
Telco Churn,contextual_errors,low,Decision Tree,0.7718550106609808,0.749822316986496,0.7711442786069652,-2.2032693674484793,-0.0710732054015617,automated_cleaning,tree
Telco Churn,contextual_errors,low,Gaussian Naive Bayes,0.728500355366027,0.7327647476901208,0.7334754797441365,0.4264392324093813,0.4975124378109541,automated_cleaning,non-tree
Telco Churn,contextual_errors,low,KNN,0.7434257285003554,0.7484008528784648,0.7434257285003554,0.497512437810943,0.0,automated_cleaning,non-tree
Telco Churn,contextual_errors,low,LightGBM,0.7882018479033405,0.7889125799573561,0.7910447761194029,0.0710732054015617,0.2842928216062468,automated_cleaning,tree
Telco Churn,contextual_errors,low,Logistic Regression,0.7583511016346838,0.7938877043354655,0.7775408670931059,3.553660270078174,1.9189765458422103,automated_cleaning,non-tree
Telco Churn,contextual_errors,low,MLP,0.7619047619047619,0.7874911158493249,0.7768301350390903,2.558635394456299,1.4925373134328401,automated_cleaning,non-tree
Telco Churn,contextual_errors,low,Random Forest,0.7917555081734187,0.7874911158493249,0.7938877043354655,-0.4264392324093813,0.2132196162046851,automated_cleaning,tree
Telco Churn,contextual_errors,low,XGBoost,0.7889125799573561,0.7917555081734187,0.7867803837953091,0.2842928216062579,-0.2132196162046962,automated_cleaning,tree
Telco Churn,contextual_errors,medium,Decision Tree,0.7540867093105899,0.749822316986496,0.7455579246624022,-0.4264392324093813,-0.8528784648187626,automated_cleaning,tree
Telco Churn,contextual_errors,medium,Gaussian Naive Bayes,0.738450604122246,0.7327647476901208,0.7327647476901208,-0.5685856432125158,-0.5685856432125158,automated_cleaning,non-tree
Telco Churn,contextual_errors,medium,KNN,0.728500355366027,0.7484008528784648,0.7299218194740583,1.9900497512437831,0.1421464108031345,automated_cleaning,non-tree
Telco Churn,contextual_errors,medium,LightGBM,0.7874911158493249,0.7889125799573561,0.7846481876332623,0.1421464108031234,-0.2842928216062579,automated_cleaning,tree
Telco Churn,contextual_errors,medium,Logistic Regression,0.7611940298507462,0.7938877043354655,0.7732764747690121,3.269367448471927,1.2082444918265822,automated_cleaning,non-tree
Telco Churn,contextual_errors,medium,MLP,0.7512437810945274,0.7874911158493249,0.7768301350390903,3.6247334754797467,2.558635394456288,automated_cleaning,non-tree
Telco Churn,contextual_errors,medium,Random Forest,0.7882018479033405,0.7874911158493249,0.7867803837953091,-0.0710732054015617,-0.1421464108031345,automated_cleaning,tree
Telco Churn,contextual_errors,medium,XGBoost,0.7867803837953091,0.7917555081734187,0.7825159914712153,0.4975124378109541,-0.4264392324093813,automated_cleaning,tree
Telco Churn,data_drift,high,Decision Tree,0.7533759772565742,0.749822316986496,,-0.3553660270078196,,external_intervention,tree
Telco Churn,data_drift,high,Gaussian Naive Bayes,0.7356076759061834,0.7327647476901208,,-0.2842928216062579,,external_intervention,non-tree
Telco Churn,data_drift,high,KNN,0.751954513148543,0.7484008528784648,,-0.3553660270078196,,external_intervention,non-tree
Telco Churn,data_drift,high,LightGBM,0.7874911158493249,0.7889125799573561,,0.1421464108031234,,external_intervention,tree
Telco Churn,data_drift,high,Logistic Regression,0.7953091684434968,0.7938877043354655,,-0.1421464108031234,,external_intervention,non-tree
Telco Churn,data_drift,high,MLP,0.7761194029850746,0.7874911158493249,,1.1371712864250205,,external_intervention,non-tree
Telco Churn,data_drift,high,Random Forest,0.7882018479033405,0.7874911158493249,,-0.0710732054015617,,external_intervention,tree
Telco Churn,data_drift,high,XGBoost,0.7746979388770433,0.7917555081734187,,1.7057569296375363,,external_intervention,tree
Telco Churn,data_drift,low,Decision Tree,0.7512437810945274,0.749822316986496,,-0.1421464108031345,,external_intervention,tree
Telco Churn,data_drift,low,Gaussian Naive Bayes,0.7348969438521677,0.7327647476901208,,-0.2132196162046962,,external_intervention,non-tree
Telco Churn,data_drift,low,KNN,0.7484008528784648,0.7484008528784648,,0.0,,external_intervention,non-tree
Telco Churn,data_drift,low,LightGBM,0.7818052594171997,0.7889125799573561,,0.7107320540156392,,external_intervention,tree
Telco Churn,data_drift,low,Logistic Regression,0.7945984363894811,0.7938877043354655,,-0.0710732054015617,,external_intervention,non-tree
Telco Churn,data_drift,low,MLP,0.7882018479033405,0.7874911158493249,,-0.0710732054015617,,external_intervention,non-tree
Telco Churn,data_drift,low,Random Forest,0.7839374555792467,0.7874911158493249,,0.3553660270078196,,external_intervention,tree
Telco Churn,data_drift,low,XGBoost,0.7818052594171997,0.7917555081734187,,0.9950248756218971,,external_intervention,tree
Telco Churn,data_drift,medium,Decision Tree,0.751954513148543,0.749822316986496,,-0.2132196162046962,,external_intervention,tree
Telco Churn,data_drift,medium,Gaussian Naive Bayes,0.736318407960199,0.7327647476901208,,-0.3553660270078196,,external_intervention,non-tree
Telco Churn,data_drift,medium,KNN,0.7526652452025586,0.7484008528784648,,-0.4264392324093813,,external_intervention,non-tree
Telco Churn,data_drift,medium,LightGBM,0.7803837953091685,0.7889125799573561,,0.8528784648187626,,external_intervention,tree
Telco Churn,data_drift,medium,Logistic Regression,0.7945984363894811,0.7938877043354655,,-0.0710732054015617,,external_intervention,non-tree
Telco Churn,data_drift,medium,MLP,0.7860696517412935,0.7874911158493249,,0.1421464108031345,,external_intervention,non-tree
Telco Churn,data_drift,medium,Random Forest,0.7882018479033405,0.7874911158493249,,-0.0710732054015617,,external_intervention,tree
Telco Churn,data_drift,medium,XGBoost,0.7874911158493249,0.7917555081734187,,0.4264392324093813,,external_intervention,tree
Telco Churn,data_heterogeneity,high,Decision Tree,0.7022032693674485,0.749822316986496,0.7022032693674485,4.761904761904756,0.0,automated_cleaning,tree
Telco Churn,data_heterogeneity,high,Gaussian Naive Bayes,0.7135749822316987,0.7327647476901208,0.7135749822316987,1.9189765458422103,0.0,automated_cleaning,non-tree
Telco Churn,data_heterogeneity,high,KNN,0.7221037668798863,0.7484008528784648,0.7221037668798863,2.6297085998578495,0.0,automated_cleaning,non-tree
Telco Churn,data_heterogeneity,high,LightGBM,0.7604832977967306,0.7889125799573561,0.7604832977967306,2.8429282160625458,0.0,automated_cleaning,tree
Telco Churn,data_heterogeneity,high,Logistic Regression,0.6666666666666666,0.7938877043354655,0.6666666666666666,12.722103766879888,0.0,automated_cleaning,non-tree
Telco Churn,data_heterogeneity,high,MLP,0.7540867093105899,0.7874911158493249,0.7540867093105899,3.3404406538735,0.0,automated_cleaning,non-tree
Telco Churn,data_heterogeneity,high,Random Forest,0.7711442786069652,0.7874911158493249,0.7711442786069652,1.6346837242359635,0.0,automated_cleaning,tree
Telco Churn,data_heterogeneity,high,XGBoost,0.7661691542288557,0.7917555081734187,0.7661691542288557,2.558635394456299,0.0,automated_cleaning,tree
Telco Churn,data_heterogeneity,low,Decision Tree,0.7377398720682303,0.749822316986496,0.7377398720682303,1.2082444918265711,0.0,automated_cleaning,tree
Telco Churn,data_heterogeneity,low,Gaussian Naive Bayes,0.7249466950959488,0.7327647476901208,0.7249466950959488,0.7818052594172009,0.0,automated_cleaning,non-tree
Telco Churn,data_heterogeneity,low,KNN,0.7277896233120114,0.7484008528784648,0.7277896233120114,2.061122956645345,0.0,automated_cleaning,non-tree
Telco Churn,data_heterogeneity,low,LightGBM,0.7810945273631841,0.7889125799573561,0.7810945273631841,0.7818052594172009,0.0,automated_cleaning,tree
Telco Churn,data_heterogeneity,low,Logistic Regression,0.7910447761194029,0.7938877043354655,0.7910447761194029,0.2842928216062579,0.0,automated_cleaning,non-tree
Telco Churn,data_heterogeneity,low,MLP,0.7810945273631841,0.7874911158493249,0.7810945273631841,0.6396588486140775,0.0,automated_cleaning,non-tree
Telco Churn,data_heterogeneity,low,Random Forest,0.7882018479033405,0.7874911158493249,0.7882018479033405,-0.0710732054015617,0.0,automated_cleaning,tree
Telco Churn,data_heterogeneity,low,XGBoost,0.7796730632551528,0.7917555081734187,0.7796730632551528,1.2082444918265822,0.0,automated_cleaning,tree
Telco Churn,data_heterogeneity,medium,Decision Tree,0.7128642501776831,0.749822316986496,0.7128642501776831,3.6958066808812973,0.0,automated_cleaning,tree
Telco Churn,data_heterogeneity,medium,Gaussian Naive Bayes,0.7142857142857143,0.7327647476901208,0.7142857142857143,1.8479033404406486,0.0,automated_cleaning,non-tree
Telco Churn,data_heterogeneity,medium,KNN,0.7228144989339019,0.7484008528784648,0.7228144989339019,2.558635394456288,0.0,automated_cleaning,non-tree
Telco Churn,data_heterogeneity,medium,LightGBM,0.7654584221748401,0.7889125799573561,0.7654584221748401,2.3454157782516027,0.0,automated_cleaning,tree
Telco Churn,data_heterogeneity,medium,Logistic Regression,0.6879886282871357,0.7938877043354655,0.6879886282871357,10.589907604832982,0.0,automated_cleaning,non-tree
Telco Churn,data_heterogeneity,medium,MLP,0.7590618336886994,0.7874911158493249,0.7590618336886994,2.8429282160625458,0.0,automated_cleaning,non-tree
Telco Churn,data_heterogeneity,medium,Random Forest,0.7796730632551528,0.7874911158493249,0.7796730632551528,0.7818052594172009,0.0,automated_cleaning,tree
Telco Churn,data_heterogeneity,medium,XGBoost,0.7654584221748401,0.7917555081734187,0.7654584221748401,2.6297085998578607,0.0,automated_cleaning,tree
Telco Churn,data_inconsistency,high,Decision Tree,0.759772565742715,0.749822316986496,0.7583511016346838,-0.9950248756218971,-0.1421464108031234,automated_cleaning,tree
Telco Churn,data_inconsistency,high,Gaussian Naive Bayes,0.6936744847192609,0.7327647476901208,0.7114427860696517,3.9090262970859935,1.776830135039087,automated_cleaning,non-tree
Telco Churn,data_inconsistency,high,KNN,0.744136460554371,0.7484008528784648,0.7405828002842928,0.4264392324093813,-0.3553660270078196,automated_cleaning,non-tree
Telco Churn,data_inconsistency,high,LightGBM,0.7882018479033405,0.7889125799573561,0.7917555081734187,0.0710732054015617,0.3553660270078196,automated_cleaning,tree
Telco Churn,data_inconsistency,high,Logistic Regression,0.7619047619047619,0.7938877043354655,0.7619047619047619,3.1982942430703654,0.0,automated_cleaning,non-tree
Telco Churn,data_inconsistency,high,MLP,0.7810945273631841,0.7874911158493249,0.783226723525231,0.6396588486140775,0.2132196162046962,automated_cleaning,non-tree
Telco Churn,data_inconsistency,high,Random Forest,0.7889125799573561,0.7874911158493249,0.7874911158493249,-0.1421464108031234,-0.1421464108031234,automated_cleaning,tree
Telco Churn,data_inconsistency,high,XGBoost,0.783226723525231,0.7917555081734187,0.7882018479033405,0.8528784648187626,0.497512437810943,automated_cleaning,tree
Telco Churn,data_inconsistency,low,Decision Tree,0.759772565742715,0.749822316986496,0.759772565742715,-0.9950248756218971,0.0,automated_cleaning,tree
Telco Churn,data_inconsistency,low,Gaussian Naive Bayes,0.7107320540156361,0.7327647476901208,0.7341862117981521,2.2032693674484682,2.3454157782516027,automated_cleaning,non-tree
Telco Churn,data_inconsistency,low,KNN,0.7455579246624022,0.7484008528784648,0.7512437810945274,0.2842928216062579,0.5685856432125158,automated_cleaning,non-tree
Telco Churn,data_inconsistency,low,LightGBM,0.7903340440653873,0.7889125799573561,0.7882018479033405,-0.1421464108031234,-0.2132196162046851,automated_cleaning,tree
Telco Churn,data_inconsistency,low,Logistic Regression,0.7626154939587776,0.7938877043354655,0.7860696517412935,3.1272210376687926,2.3454157782515916,automated_cleaning,non-tree
Telco Churn,data_inconsistency,low,MLP,0.7782515991471215,0.7874911158493249,0.7839374555792467,0.9239516702203354,0.5685856432125158,automated_cleaning,non-tree
Telco Churn,data_inconsistency,low,Random Forest,0.7917555081734187,0.7874911158493249,0.7931769722814499,-0.4264392324093813,0.1421464108031234,automated_cleaning,tree
Telco Churn,data_inconsistency,low,XGBoost,0.783226723525231,0.7917555081734187,0.7910447761194029,0.8528784648187626,0.7818052594171898,automated_cleaning,tree
Telco Churn,data_inconsistency,medium,Decision Tree,0.7526652452025586,0.749822316986496,0.7533759772565742,-0.2842928216062579,0.0710732054015617,automated_cleaning,tree
Telco Churn,data_inconsistency,medium,Gaussian Naive Bayes,0.7121535181236673,0.7327647476901208,0.7299218194740583,2.061122956645345,1.776830135039098,automated_cleaning,non-tree
Telco Churn,data_inconsistency,medium,KNN,0.749822316986496,0.7484008528784648,0.749822316986496,-0.1421464108031234,0.0,automated_cleaning,non-tree
Telco Churn,data_inconsistency,medium,LightGBM,0.7917555081734187,0.7889125799573561,0.7860696517412935,-0.2842928216062579,-0.5685856432125158,automated_cleaning,tree
Telco Churn,data_inconsistency,medium,Logistic Regression,0.7619047619047619,0.7938877043354655,0.7654584221748401,3.1982942430703654,0.3553660270078196,automated_cleaning,non-tree
Telco Churn,data_inconsistency,medium,MLP,0.7818052594171997,0.7874911158493249,0.7761194029850746,0.5685856432125158,-0.5685856432125047,automated_cleaning,non-tree
Telco Churn,data_inconsistency,medium,Random Forest,0.7924662402274343,0.7874911158493249,0.7896233120113717,-0.497512437810943,-0.2842928216062579,automated_cleaning,tree
Telco Churn,data_inconsistency,medium,XGBoost,0.7818052594171997,0.7917555081734187,0.7839374555792467,0.9950248756218971,0.2132196162046962,automated_cleaning,tree
Telco Churn,data_leakage,high,Decision Tree,0.7313432835820896,0.749822316986496,0.751954513148543,1.8479033404406486,2.061122956645345,automated_cleaning,tree
Telco Churn,data_leakage,high,Gaussian Naive Bayes,0.7199715707178393,0.7327647476901208,0.736318407960199,1.279317697228144,1.6346837242359635,automated_cleaning,non-tree
Telco Churn,data_leakage,high,KNN,0.7292110874200426,0.7484008528784648,0.7526652452025586,1.9189765458422214,2.3454157782516027,automated_cleaning,non-tree
Telco Churn,data_leakage,high,LightGBM,0.7221037668798863,0.7889125799573561,0.7910447761194029,6.6808813077469775,6.894100923951663,automated_cleaning,tree
Telco Churn,data_leakage,high,Logistic Regression,0.7164179104477612,0.7938877043354655,0.7967306325515281,7.746979388770436,8.031272210376695,automated_cleaning,non-tree
Telco Churn,data_leakage,high,MLP,0.7178393745557925,0.7874911158493249,0.7846481876332623,6.965174129353235,6.6808813077469775,automated_cleaning,non-tree
Telco Churn,data_leakage,high,Random Forest,0.720682302771855,0.7874911158493249,0.7903340440653873,6.680881307746988,6.965174129353235,automated_cleaning,tree
Telco Churn,data_leakage,high,XGBoost,0.7199715707178393,0.7917555081734187,0.7889125799573561,7.178393745557932,6.894100923951674,automated_cleaning,tree
Telco Churn,data_leakage,low,Decision Tree,0.7611940298507462,0.749822316986496,0.7611940298507462,-1.1371712864250205,0.0,automated_cleaning,tree
Telco Churn,data_leakage,low,Gaussian Naive Bayes,0.744136460554371,0.7327647476901208,0.744136460554371,-1.1371712864250205,0.0,automated_cleaning,non-tree
Telco Churn,data_leakage,low,KNN,0.7512437810945274,0.7484008528784648,0.7512437810945274,-0.2842928216062579,0.0,automated_cleaning,non-tree
Telco Churn,data_leakage,low,LightGBM,0.7782515991471215,0.7889125799573561,0.7782515991471215,1.0660980810234588,0.0,automated_cleaning,tree
Telco Churn,data_leakage,low,Logistic Regression,0.7825159914712153,0.7938877043354655,0.7825159914712153,1.1371712864250205,0.0,automated_cleaning,non-tree
Telco Churn,data_leakage,low,MLP,0.7796730632551528,0.7874911158493249,0.7796730632551528,0.7818052594172009,0.0,automated_cleaning,non-tree
Telco Churn,data_leakage,low,Random Forest,0.7860696517412935,0.7874911158493249,0.7860696517412935,0.1421464108031345,0.0,automated_cleaning,tree
Telco Churn,data_leakage,low,XGBoost,0.7775408670931059,0.7917555081734187,0.7775408670931059,1.4214641080312784,0.0,automated_cleaning,tree
Telco Churn,data_leakage,medium,Decision Tree,0.7405828002842928,0.749822316986496,0.751954513148543,0.9239516702203243,1.1371712864250205,automated_cleaning,tree
Telco Churn,data_leakage,medium,Gaussian Naive Bayes,0.7491115849324804,0.7327647476901208,0.736318407960199,-1.6346837242359635,-1.279317697228144,automated_cleaning,non-tree
Telco Churn,data_leakage,medium,KNN,0.744136460554371,0.7484008528784648,0.7526652452025586,0.4264392324093813,0.8528784648187626,automated_cleaning,non-tree
Telco Churn,data_leakage,medium,LightGBM,0.757640369580668,0.7889125799573561,0.7910447761194029,3.1272210376688037,3.3404406538734888,automated_cleaning,tree
Telco Churn,data_leakage,medium,Logistic Regression,0.744136460554371,0.7938877043354655,0.7967306325515281,4.975124378109452,5.25941719971571,automated_cleaning,non-tree
Telco Churn,data_leakage,medium,MLP,0.7604832977967306,0.7874911158493249,0.7846481876332623,2.7007818052594224,2.4164889836531644,automated_cleaning,non-tree
Telco Churn,data_leakage,medium,Random Forest,0.7590618336886994,0.7874911158493249,0.7903340440653873,2.8429282160625458,3.1272210376687926,automated_cleaning,tree
Telco Churn,data_leakage,medium,XGBoost,0.7555081734186212,0.7917555081734187,0.7889125799573561,3.6247334754797467,3.3404406538734888,automated_cleaning,tree
Telco Churn,data_representativeness,high,Decision Tree,0.7484008528784648,0.749822316986496,,0.1421464108031234,,external_intervention,tree
Telco Churn,data_representativeness,high,Gaussian Naive Bayes,0.7469793887704336,0.7327647476901208,,-1.4214641080312784,,external_intervention,non-tree
Telco Churn,data_representativeness,high,KNN,0.7569296375266524,0.7484008528784648,,-0.8528784648187626,,external_intervention,non-tree
Telco Churn,data_representativeness,high,LightGBM,0.7896233120113717,0.7889125799573561,,-0.0710732054015617,,external_intervention,tree
Telco Churn,data_representativeness,high,Logistic Regression,0.7910447761194029,0.7938877043354655,,0.2842928216062579,,external_intervention,non-tree
Telco Churn,data_representativeness,high,MLP,0.7761194029850746,0.7874911158493249,,1.1371712864250205,,external_intervention,non-tree
Telco Churn,data_representativeness,high,Random Forest,0.7896233120113717,0.7874911158493249,,-0.2132196162046851,,external_intervention,tree
Telco Churn,data_representativeness,high,XGBoost,0.7825159914712153,0.7917555081734187,,0.9239516702203354,,external_intervention,tree
Telco Churn,data_representativeness,low,Decision Tree,0.7412935323383084,0.749822316986496,,0.8528784648187626,,external_intervention,tree
Telco Churn,data_representativeness,low,Gaussian Naive Bayes,0.7334754797441365,0.7327647476901208,,-0.0710732054015728,,external_intervention,non-tree
Telco Churn,data_representativeness,low,KNN,0.744136460554371,0.7484008528784648,,0.4264392324093813,,external_intervention,non-tree
Telco Churn,data_representativeness,low,LightGBM,0.7846481876332623,0.7889125799573561,,0.4264392324093813,,external_intervention,tree
Telco Churn,data_representativeness,low,Logistic Regression,0.7953091684434968,0.7938877043354655,,-0.1421464108031234,,external_intervention,non-tree
Telco Churn,data_representativeness,low,MLP,0.7810945273631841,0.7874911158493249,,0.6396588486140775,,external_intervention,non-tree
Telco Churn,data_representativeness,low,Random Forest,0.7924662402274343,0.7874911158493249,,-0.497512437810943,,external_intervention,tree
Telco Churn,data_representativeness,low,XGBoost,0.7903340440653873,0.7917555081734187,,0.1421464108031345,,external_intervention,tree
Telco Churn,data_representativeness,medium,Decision Tree,0.7505330490405118,0.749822316986496,,-0.0710732054015728,,external_intervention,tree
Telco Churn,data_representativeness,medium,Gaussian Naive Bayes,0.7391613361762616,0.7327647476901208,,-0.6396588486140775,,external_intervention,non-tree
Telco Churn,data_representativeness,medium,KNN,0.749822316986496,0.7484008528784648,,-0.1421464108031234,,external_intervention,non-tree
Telco Churn,data_representativeness,medium,LightGBM,0.7789623312011372,0.7889125799573561,,0.995024875621886,,external_intervention,tree
Telco Churn,data_representativeness,medium,Logistic Regression,0.7917555081734187,0.7938877043354655,,0.2132196162046851,,external_intervention,non-tree
Telco Churn,data_representativeness,medium,MLP,0.7825159914712153,0.7874911158493249,,0.4975124378109541,,external_intervention,non-tree
Telco Churn,data_representativeness,medium,Random Forest,0.7867803837953091,0.7874911158493249,,0.0710732054015728,,external_intervention,tree
Telco Churn,data_representativeness,medium,XGBoost,0.7768301350390903,0.7917555081734187,,1.4925373134328401,,external_intervention,tree
Telco Churn,domain_violations,high,Decision Tree,0.767590618336887,0.749822316986496,0.767590618336887,-1.776830135039098,0.0,automated_cleaning,tree
Telco Churn,domain_violations,high,Gaussian Naive Bayes,0.7306325515280739,0.7327647476901208,0.7306325515280739,0.2132196162046851,0.0,automated_cleaning,non-tree
Telco Churn,domain_violations,high,KNN,0.7484008528784648,0.7484008528784648,0.7505330490405118,0.0,0.2132196162046962,automated_cleaning,non-tree
Telco Churn,domain_violations,high,LightGBM,0.7867803837953091,0.7889125799573561,0.7860696517412935,0.2132196162046962,-0.0710732054015617,automated_cleaning,tree
Telco Churn,domain_violations,high,Logistic Regression,0.7725657427149965,0.7938877043354655,0.7725657427149965,2.1321961620469065,0.0,automated_cleaning,non-tree
Telco Churn,domain_violations,high,MLP,0.7619047619047619,0.7874911158493249,0.7647476901208244,2.558635394456299,0.2842928216062579,automated_cleaning,non-tree
Telco Churn,domain_violations,high,Random Forest,0.7889125799573561,0.7874911158493249,0.7889125799573561,-0.1421464108031234,0.0,automated_cleaning,tree
Telco Churn,domain_violations,high,XGBoost,0.7818052594171997,0.7917555081734187,0.7818052594171997,0.9950248756218971,0.0,automated_cleaning,tree
Telco Churn,domain_violations,low,Decision Tree,0.7547974413646056,0.749822316986496,0.7547974413646056,-0.4975124378109541,0.0,automated_cleaning,tree
Telco Churn,domain_violations,low,Gaussian Naive Bayes,0.7320540156361052,0.7327647476901208,0.7334754797441365,0.0710732054015617,0.1421464108031345,automated_cleaning,non-tree
Telco Churn,domain_violations,low,KNN,0.744136460554371,0.7484008528784648,0.7427149964463398,0.4264392324093813,-0.1421464108031234,automated_cleaning,non-tree
Telco Churn,domain_violations,low,LightGBM,0.7818052594171997,0.7889125799573561,0.7882018479033405,0.7107320540156392,0.6396588486140775,automated_cleaning,tree
Telco Churn,domain_violations,low,Logistic Regression,0.7818052594171997,0.7938877043354655,0.7846481876332623,1.2082444918265822,0.2842928216062579,automated_cleaning,non-tree
Telco Churn,domain_violations,low,MLP,0.7746979388770433,0.7874911158493249,0.7746979388770433,1.279317697228155,0.0,automated_cleaning,non-tree
Telco Churn,domain_violations,low,Random Forest,0.7874911158493249,0.7874911158493249,0.7882018479033405,0.0,0.0710732054015617,automated_cleaning,tree
Telco Churn,domain_violations,low,XGBoost,0.7782515991471215,0.7917555081734187,0.7782515991471215,1.3503909026297167,0.0,automated_cleaning,tree
Telco Churn,domain_violations,medium,Decision Tree,0.7526652452025586,0.749822316986496,0.7526652452025586,-0.2842928216062579,0.0,automated_cleaning,tree
Telco Churn,domain_violations,medium,Gaussian Naive Bayes,0.7320540156361052,0.7327647476901208,0.7327647476901208,0.0710732054015617,0.0710732054015617,automated_cleaning,non-tree
Telco Churn,domain_violations,medium,KNN,0.7356076759061834,0.7484008528784648,0.7348969438521677,1.279317697228144,-0.0710732054015617,automated_cleaning,non-tree
Telco Churn,domain_violations,medium,LightGBM,0.7846481876332623,0.7889125799573561,0.7846481876332623,0.4264392324093813,0.0,automated_cleaning,tree
Telco Churn,domain_violations,medium,Logistic Regression,0.775408670931059,0.7938877043354655,0.7768301350390903,1.8479033404406486,0.1421464108031234,automated_cleaning,non-tree
Telco Churn,domain_violations,medium,MLP,0.767590618336887,0.7874911158493249,0.7711442786069652,1.9900497512437831,0.3553660270078196,automated_cleaning,non-tree
Telco Churn,domain_violations,medium,Random Forest,0.7889125799573561,0.7874911158493249,0.7889125799573561,-0.1421464108031234,0.0,automated_cleaning,tree
Telco Churn,domain_violations,medium,XGBoost,0.7825159914712153,0.7917555081734187,0.7825159914712153,0.9239516702203354,0.0,automated_cleaning,tree
Telco Churn,duplicates,high,Decision Tree,0.7590618336886994,0.749822316986496,0.7540867093105899,-0.9239516702203354,-0.4975124378109541,automated_cleaning,tree
Telco Churn,duplicates,high,Gaussian Naive Bayes,0.7348969438521677,0.7327647476901208,0.7334754797441365,-0.2132196162046962,-0.1421464108031234,automated_cleaning,non-tree
Telco Churn,duplicates,high,KNN,0.7540867093105899,0.7484008528784648,0.7476901208244492,-0.5685856432125047,-0.6396588486140664,automated_cleaning,non-tree
Telco Churn,duplicates,high,LightGBM,0.7867803837953091,0.7889125799573561,0.7917555081734187,0.2132196162046962,0.4975124378109541,automated_cleaning,tree
Telco Churn,duplicates,high,Logistic Regression,0.7924662402274343,0.7938877043354655,0.7945984363894811,0.1421464108031234,0.2132196162046851,automated_cleaning,non-tree
Telco Churn,duplicates,high,MLP,0.7860696517412935,0.7874911158493249,0.7853589196872779,0.1421464108031345,-0.0710732054015617,automated_cleaning,non-tree
Telco Churn,duplicates,high,Random Forest,0.7917555081734187,0.7874911158493249,0.7882018479033405,-0.4264392324093813,-0.3553660270078196,automated_cleaning,tree
Telco Churn,duplicates,high,XGBoost,0.7924662402274343,0.7917555081734187,0.783226723525231,-0.0710732054015617,-0.9239516702203243,automated_cleaning,tree
Telco Churn,duplicates,low,Decision Tree,0.7583511016346838,0.749822316986496,0.7540867093105899,-0.8528784648187737,-0.4264392324093924,automated_cleaning,tree
Telco Churn,duplicates,low,Gaussian Naive Bayes,0.7356076759061834,0.7327647476901208,0.7334754797441365,-0.2842928216062579,-0.2132196162046851,automated_cleaning,non-tree
Telco Churn,duplicates,low,KNN,0.7434257285003554,0.7484008528784648,0.7476901208244492,0.497512437810943,0.4264392324093813,automated_cleaning,non-tree
Telco Churn,duplicates,low,LightGBM,0.783226723525231,0.7889125799573561,0.7917555081734187,0.5685856432125047,0.8528784648187626,automated_cleaning,tree
Telco Churn,duplicates,low,Logistic Regression,0.7974413646055437,0.7938877043354655,0.7945984363894811,-0.3553660270078196,-0.2842928216062579,automated_cleaning,non-tree
Telco Churn,duplicates,low,MLP,0.7810945273631841,0.7874911158493249,0.7853589196872779,0.6396588486140775,0.4264392324093813,automated_cleaning,non-tree
Telco Churn,duplicates,low,Random Forest,0.7896233120113717,0.7874911158493249,0.7882018479033405,-0.2132196162046851,-0.1421464108031234,automated_cleaning,tree
Telco Churn,duplicates,low,XGBoost,0.7945984363894811,0.7917555081734187,0.783226723525231,-0.2842928216062468,-1.1371712864250094,automated_cleaning,tree
Telco Churn,duplicates,medium,Decision Tree,0.7547974413646056,0.749822316986496,0.7540867093105899,-0.4975124378109541,-0.0710732054015728,automated_cleaning,tree
Telco Churn,duplicates,medium,Gaussian Naive Bayes,0.7334754797441365,0.7327647476901208,0.7334754797441365,-0.0710732054015728,0.0,automated_cleaning,non-tree
Telco Churn,duplicates,medium,KNN,0.7491115849324804,0.7484008528784648,0.7476901208244492,-0.0710732054015617,-0.1421464108031234,automated_cleaning,non-tree
Telco Churn,duplicates,medium,LightGBM,0.7874911158493249,0.7889125799573561,0.7917555081734187,0.1421464108031234,0.4264392324093813,automated_cleaning,tree
Telco Churn,duplicates,medium,Logistic Regression,0.7974413646055437,0.7938877043354655,0.7945984363894811,-0.3553660270078196,-0.2842928216062579,automated_cleaning,non-tree
Telco Churn,duplicates,medium,MLP,0.7768301350390903,0.7874911158493249,0.7853589196872779,1.0660980810234588,0.8528784648187626,automated_cleaning,non-tree
Telco Churn,duplicates,medium,Random Forest,0.7889125799573561,0.7874911158493249,0.7882018479033405,-0.1421464108031234,-0.0710732054015617,automated_cleaning,tree
Telco Churn,duplicates,medium,XGBoost,0.7818052594171997,0.7917555081734187,0.783226723525231,0.9950248756218971,0.1421464108031345,automated_cleaning,tree
Telco Churn,duplicates_minority,high,Decision Tree,0.7590618336886994,0.749822316986496,0.7540867093105899,-0.9239516702203354,-0.4975124378109541,automated_cleaning,tree
Telco Churn,duplicates_minority,high,Gaussian Naive Bayes,0.7277896233120114,0.7327647476901208,0.7334754797441365,0.497512437810943,0.5685856432125158,automated_cleaning,non-tree
Telco Churn,duplicates_minority,high,KNN,0.7270788912579957,0.7484008528784648,0.7476901208244492,2.1321961620469065,2.061122956645345,automated_cleaning,non-tree
Telco Churn,duplicates_minority,high,LightGBM,0.7846481876332623,0.7889125799573561,0.7917555081734187,0.4264392324093813,0.7107320540156392,automated_cleaning,tree
Telco Churn,duplicates_minority,high,Logistic Regression,0.7711442786069652,0.7938877043354655,0.7945984363894811,2.27434257285003,2.3454157782515916,automated_cleaning,non-tree
Telco Churn,duplicates_minority,high,MLP,0.7725657427149965,0.7874911158493249,0.7853589196872779,1.4925373134328401,1.279317697228144,automated_cleaning,non-tree
Telco Churn,duplicates_minority,high,Random Forest,0.783226723525231,0.7874911158493249,0.7882018479033405,0.4264392324093813,0.497512437810943,automated_cleaning,tree
Telco Churn,duplicates_minority,high,XGBoost,0.7789623312011372,0.7917555081734187,0.783226723525231,1.279317697228144,0.4264392324093813,automated_cleaning,tree
Telco Churn,duplicates_minority,low,Decision Tree,0.7732764747690121,0.749822316986496,0.7540867093105899,-2.3454157782516027,-1.9189765458422214,automated_cleaning,tree
Telco Churn,duplicates_minority,low,Gaussian Naive Bayes,0.7306325515280739,0.7327647476901208,0.7334754797441365,0.2132196162046851,0.2842928216062579,automated_cleaning,non-tree
Telco Churn,duplicates_minority,low,KNN,0.7469793887704336,0.7484008528784648,0.7476901208244492,0.1421464108031234,0.0710732054015617,automated_cleaning,non-tree
Telco Churn,duplicates_minority,low,LightGBM,0.7839374555792467,0.7889125799573561,0.7917555081734187,0.497512437810943,0.7818052594172009,automated_cleaning,tree
Telco Churn,duplicates_minority,low,Logistic Regression,0.7938877043354655,0.7938877043354655,0.7945984363894811,0.0,0.0710732054015617,automated_cleaning,non-tree
Telco Churn,duplicates_minority,low,MLP,0.775408670931059,0.7874911158493249,0.7853589196872779,1.2082444918265822,0.995024875621886,automated_cleaning,non-tree
Telco Churn,duplicates_minority,low,Random Forest,0.7945984363894811,0.7874911158493249,0.7882018479033405,-0.7107320540156281,-0.6396588486140664,automated_cleaning,tree
Telco Churn,duplicates_minority,low,XGBoost,0.7882018479033405,0.7917555081734187,0.783226723525231,0.3553660270078196,-0.497512437810943,automated_cleaning,tree
Telco Churn,duplicates_minority,medium,Decision Tree,0.7526652452025586,0.749822316986496,0.7540867093105899,-0.2842928216062579,0.1421464108031234,automated_cleaning,tree
Telco Churn,duplicates_minority,medium,Gaussian Naive Bayes,0.7292110874200426,0.7327647476901208,0.7334754797441365,0.3553660270078196,0.4264392324093924,automated_cleaning,non-tree
Telco Churn,duplicates_minority,medium,KNN,0.7405828002842928,0.7484008528784648,0.7476901208244492,0.7818052594172009,0.7107320540156392,automated_cleaning,non-tree
Telco Churn,duplicates_minority,medium,LightGBM,0.7739872068230277,0.7889125799573561,0.7917555081734187,1.4925373134328401,1.776830135039098,automated_cleaning,tree
Telco Churn,duplicates_minority,medium,Logistic Regression,0.7839374555792467,0.7938877043354655,0.7945984363894811,0.995024875621886,1.0660980810234477,automated_cleaning,non-tree
Telco Churn,duplicates_minority,medium,MLP,0.7590618336886994,0.7874911158493249,0.7853589196872779,2.8429282160625458,2.6297085998578495,automated_cleaning,non-tree
Telco Churn,duplicates_minority,medium,Random Forest,0.7810945273631841,0.7874911158493249,0.7882018479033405,0.6396588486140775,0.7107320540156392,automated_cleaning,tree
Telco Churn,duplicates_minority,medium,XGBoost,0.7768301350390903,0.7917555081734187,0.783226723525231,1.4925373134328401,0.6396588486140775,automated_cleaning,tree
Telco Churn,duplicates_targeted,high,Decision Tree,0.7619047619047619,0.749822316986496,0.7540867093105899,-1.2082444918265822,-0.7818052594172009,automated_cleaning,tree
Telco Churn,duplicates_targeted,high,Gaussian Naive Bayes,0.736318407960199,0.7327647476901208,0.7334754797441365,-0.3553660270078196,-0.2842928216062468,automated_cleaning,non-tree
Telco Churn,duplicates_targeted,high,KNN,0.7505330490405118,0.7484008528784648,0.7476901208244492,-0.2132196162046962,-0.2842928216062579,automated_cleaning,non-tree
Telco Churn,duplicates_targeted,high,LightGBM,0.7874911158493249,0.7889125799573561,0.7917555081734187,0.1421464108031234,0.4264392324093813,automated_cleaning,tree
Telco Churn,duplicates_targeted,high,Logistic Regression,0.7960199004975125,0.7938877043354655,0.7945984363894811,-0.2132196162046962,-0.1421464108031345,automated_cleaning,non-tree
Telco Churn,duplicates_targeted,high,MLP,0.7796730632551528,0.7874911158493249,0.7853589196872779,0.7818052594172009,0.5685856432125047,automated_cleaning,non-tree
Telco Churn,duplicates_targeted,high,Random Forest,0.7896233120113717,0.7874911158493249,0.7882018479033405,-0.2132196162046851,-0.1421464108031234,automated_cleaning,tree
Telco Churn,duplicates_targeted,high,XGBoost,0.7945984363894811,0.7917555081734187,0.783226723525231,-0.2842928216062468,-1.1371712864250094,automated_cleaning,tree
Telco Churn,duplicates_targeted,low,Decision Tree,0.7583511016346838,0.749822316986496,0.7540867093105899,-0.8528784648187737,-0.4264392324093924,automated_cleaning,tree
Telco Churn,duplicates_targeted,low,Gaussian Naive Bayes,0.7356076759061834,0.7327647476901208,0.7334754797441365,-0.2842928216062579,-0.2132196162046851,automated_cleaning,non-tree
Telco Churn,duplicates_targeted,low,KNN,0.7484008528784648,0.7484008528784648,0.7476901208244492,0.0,-0.0710732054015617,automated_cleaning,non-tree
Telco Churn,duplicates_targeted,low,LightGBM,0.7860696517412935,0.7889125799573561,0.7917555081734187,0.2842928216062579,0.5685856432125158,automated_cleaning,tree
Telco Churn,duplicates_targeted,low,Logistic Regression,0.7967306325515281,0.7938877043354655,0.7945984363894811,-0.2842928216062579,-0.2132196162046962,automated_cleaning,non-tree
Telco Churn,duplicates_targeted,low,MLP,0.7782515991471215,0.7874911158493249,0.7853589196872779,0.9239516702203354,0.7107320540156392,automated_cleaning,non-tree
Telco Churn,duplicates_targeted,low,Random Forest,0.783226723525231,0.7874911158493249,0.7882018479033405,0.4264392324093813,0.497512437810943,automated_cleaning,tree
Telco Churn,duplicates_targeted,low,XGBoost,0.783226723525231,0.7917555081734187,0.783226723525231,0.8528784648187626,0.0,automated_cleaning,tree
Telco Churn,duplicates_targeted,medium,Decision Tree,0.7654584221748401,0.749822316986496,0.7540867093105899,-1.5636105188344018,-1.1371712864250205,automated_cleaning,tree
Telco Churn,duplicates_targeted,medium,Gaussian Naive Bayes,0.7348969438521677,0.7327647476901208,0.7334754797441365,-0.2132196162046962,-0.1421464108031234,automated_cleaning,non-tree
Telco Churn,duplicates_targeted,medium,KNN,0.7476901208244492,0.7484008528784648,0.7476901208244492,0.0710732054015617,0.0,automated_cleaning,non-tree
Telco Churn,duplicates_targeted,medium,LightGBM,0.7775408670931059,0.7889125799573561,0.7917555081734187,1.1371712864250205,1.4214641080312784,automated_cleaning,tree
Telco Churn,duplicates_targeted,medium,Logistic Regression,0.7945984363894811,0.7938877043354655,0.7945984363894811,-0.0710732054015617,0.0,automated_cleaning,non-tree
Telco Churn,duplicates_targeted,medium,MLP,0.7860696517412935,0.7874911158493249,0.7853589196872779,0.1421464108031345,-0.0710732054015617,automated_cleaning,non-tree
Telco Churn,duplicates_targeted,medium,Random Forest,0.7889125799573561,0.7874911158493249,0.7882018479033405,-0.1421464108031234,-0.0710732054015617,automated_cleaning,tree
Telco Churn,duplicates_targeted,medium,XGBoost,0.7903340440653873,0.7917555081734187,0.783226723525231,0.1421464108031345,-0.7107320540156281,automated_cleaning,tree
Telco Churn,feature_noise,high,Decision Tree,0.759772565742715,0.749822316986496,0.759772565742715,-0.9950248756218971,0.0,automated_cleaning,tree
Telco Churn,feature_noise,high,Gaussian Naive Bayes,0.7348969438521677,0.7327647476901208,0.7348969438521677,-0.2132196162046962,0.0,automated_cleaning,non-tree
Telco Churn,feature_noise,high,KNN,0.7540867093105899,0.7484008528784648,0.7540867093105899,-0.5685856432125047,0.0,automated_cleaning,non-tree
Telco Churn,feature_noise,high,LightGBM,0.7896233120113717,0.7889125799573561,0.7896233120113717,-0.0710732054015617,0.0,automated_cleaning,tree
Telco Churn,feature_noise,high,Logistic Regression,0.7889125799573561,0.7938877043354655,0.7889125799573561,0.497512437810943,0.0,automated_cleaning,non-tree
Telco Churn,feature_noise,high,MLP,0.7768301350390903,0.7874911158493249,0.7789623312011372,1.0660980810234588,0.2132196162046962,automated_cleaning,non-tree
Telco Churn,feature_noise,high,Random Forest,0.7910447761194029,0.7874911158493249,0.7910447761194029,-0.3553660270078085,0.0,automated_cleaning,tree
Telco Churn,feature_noise,high,XGBoost,0.7896233120113717,0.7917555081734187,0.7896233120113717,0.2132196162046962,0.0,automated_cleaning,tree
Telco Churn,feature_noise,low,Decision Tree,0.7512437810945274,0.749822316986496,0.7512437810945274,-0.1421464108031345,0.0,automated_cleaning,tree
Telco Churn,feature_noise,low,Gaussian Naive Bayes,0.7327647476901208,0.7327647476901208,0.7327647476901208,0.0,0.0,automated_cleaning,non-tree
Telco Churn,feature_noise,low,KNN,0.7491115849324804,0.7484008528784648,0.7491115849324804,-0.0710732054015617,0.0,automated_cleaning,non-tree
Telco Churn,feature_noise,low,LightGBM,0.7889125799573561,0.7889125799573561,0.7889125799573561,0.0,0.0,automated_cleaning,tree
Telco Churn,feature_noise,low,Logistic Regression,0.7938877043354655,0.7938877043354655,0.7938877043354655,0.0,0.0,automated_cleaning,non-tree
Telco Churn,feature_noise,low,MLP,0.7867803837953091,0.7874911158493249,0.7846481876332623,0.0710732054015728,-0.2132196162046851,automated_cleaning,non-tree
Telco Churn,feature_noise,low,Random Forest,0.7903340440653873,0.7874911158493249,0.7903340440653873,-0.2842928216062468,0.0,automated_cleaning,tree
Telco Churn,feature_noise,low,XGBoost,0.7917555081734187,0.7917555081734187,0.7917555081734187,0.0,0.0,automated_cleaning,tree
Telco Churn,feature_noise,medium,Decision Tree,0.7526652452025586,0.749822316986496,0.7526652452025586,-0.2842928216062579,0.0,automated_cleaning,tree
Telco Churn,feature_noise,medium,Gaussian Naive Bayes,0.7341862117981521,0.7327647476901208,0.7341862117981521,-0.1421464108031345,0.0,automated_cleaning,non-tree
Telco Churn,feature_noise,medium,KNN,0.7469793887704336,0.7484008528784648,0.7469793887704336,0.1421464108031234,0.0,automated_cleaning,non-tree
Telco Churn,feature_noise,medium,LightGBM,0.7896233120113717,0.7889125799573561,0.7896233120113717,-0.0710732054015617,0.0,automated_cleaning,tree
Telco Churn,feature_noise,medium,Logistic Regression,0.7917555081734187,0.7938877043354655,0.7917555081734187,0.2132196162046851,0.0,automated_cleaning,non-tree
Telco Churn,feature_noise,medium,MLP,0.783226723525231,0.7874911158493249,0.7839374555792467,0.4264392324093813,0.0710732054015617,automated_cleaning,non-tree
Telco Churn,feature_noise,medium,Random Forest,0.7931769722814499,0.7874911158493249,0.7931769722814499,-0.5685856432125047,0.0,automated_cleaning,tree
Telco Churn,feature_noise,medium,XGBoost,0.7910447761194029,0.7917555081734187,0.7910447761194029,0.0710732054015728,0.0,automated_cleaning,tree
Telco Churn,feature_noise_targeted,high,Decision Tree,0.7420042643923241,0.749822316986496,0.7420042643923241,0.7818052594171898,0.0,automated_cleaning,tree
Telco Churn,feature_noise_targeted,high,Gaussian Naive Bayes,0.7313432835820896,0.7327647476901208,0.7313432835820896,0.1421464108031234,0.0,automated_cleaning,non-tree
Telco Churn,feature_noise_targeted,high,KNN,0.7448471926083866,0.7484008528784648,0.7448471926083866,0.3553660270078196,0.0,automated_cleaning,non-tree
Telco Churn,feature_noise_targeted,high,LightGBM,0.7796730632551528,0.7889125799573561,0.7796730632551528,0.9239516702203243,0.0,automated_cleaning,tree
Telco Churn,feature_noise_targeted,high,Logistic Regression,0.7924662402274343,0.7938877043354655,0.7924662402274343,0.1421464108031234,0.0,automated_cleaning,non-tree
Telco Churn,feature_noise_targeted,high,MLP,0.7810945273631841,0.7874911158493249,0.7789623312011372,0.6396588486140775,-0.2132196162046851,automated_cleaning,non-tree
Telco Churn,feature_noise_targeted,high,Random Forest,0.7903340440653873,0.7874911158493249,0.7903340440653873,-0.2842928216062468,0.0,automated_cleaning,tree
Telco Churn,feature_noise_targeted,high,XGBoost,0.7818052594171997,0.7917555081734187,0.7818052594171997,0.9950248756218971,0.0,automated_cleaning,tree
Telco Churn,feature_noise_targeted,low,Decision Tree,0.7590618336886994,0.749822316986496,0.7590618336886994,-0.9239516702203354,0.0,automated_cleaning,tree
Telco Churn,feature_noise_targeted,low,Gaussian Naive Bayes,0.7334754797441365,0.7327647476901208,0.7334754797441365,-0.0710732054015728,0.0,automated_cleaning,non-tree
Telco Churn,feature_noise_targeted,low,KNN,0.7505330490405118,0.7484008528784648,0.7505330490405118,-0.2132196162046962,0.0,automated_cleaning,non-tree
Telco Churn,feature_noise_targeted,low,LightGBM,0.7903340440653873,0.7889125799573561,0.7903340440653873,-0.1421464108031234,0.0,automated_cleaning,tree
Telco Churn,feature_noise_targeted,low,Logistic Regression,0.7931769722814499,0.7938877043354655,0.7931769722814499,0.0710732054015617,0.0,automated_cleaning,non-tree
Telco Churn,feature_noise_targeted,low,MLP,0.7860696517412935,0.7874911158493249,0.7867803837953091,0.1421464108031345,0.0710732054015617,automated_cleaning,non-tree
Telco Churn,feature_noise_targeted,low,Random Forest,0.7860696517412935,0.7874911158493249,0.7860696517412935,0.1421464108031345,0.0,automated_cleaning,tree
Telco Churn,feature_noise_targeted,low,XGBoost,0.7924662402274343,0.7917555081734187,0.7924662402274343,-0.0710732054015617,0.0,automated_cleaning,tree
Telco Churn,feature_noise_targeted,medium,Decision Tree,0.7377398720682303,0.749822316986496,0.7377398720682303,1.2082444918265711,0.0,automated_cleaning,tree
Telco Churn,feature_noise_targeted,medium,Gaussian Naive Bayes,0.7320540156361052,0.7327647476901208,0.7320540156361052,0.0710732054015617,0.0,automated_cleaning,non-tree
Telco Churn,feature_noise_targeted,medium,KNN,0.746268656716418,0.7484008528784648,0.746268656716418,0.2132196162046851,0.0,automated_cleaning,non-tree
Telco Churn,feature_noise_targeted,medium,LightGBM,0.7796730632551528,0.7889125799573561,0.7775408670931059,0.9239516702203243,-0.2132196162046962,automated_cleaning,tree
Telco Churn,feature_noise_targeted,medium,Logistic Regression,0.7938877043354655,0.7938877043354655,0.7938877043354655,0.0,0.0,automated_cleaning,non-tree
Telco Churn,feature_noise_targeted,medium,MLP,0.7775408670931059,0.7874911158493249,0.7803837953091685,0.9950248756218971,0.2842928216062579,automated_cleaning,non-tree
Telco Churn,feature_noise_targeted,medium,Random Forest,0.7853589196872779,0.7874911158493249,0.7853589196872779,0.2132196162046962,0.0,automated_cleaning,tree
Telco Churn,feature_noise_targeted,medium,XGBoost,0.7867803837953091,0.7917555081734187,0.7867803837953091,0.4975124378109541,0.0,automated_cleaning,tree
Telco Churn,imbalanced_feature_distribution,high,Decision Tree,0.7476901208244492,0.749822316986496,0.7455579246624022,0.2132196162046851,-0.2132196162046962,automated_cleaning,tree
Telco Churn,imbalanced_feature_distribution,high,Gaussian Naive Bayes,0.7348969438521677,0.7327647476901208,0.7313432835820896,-0.2132196162046962,-0.3553660270078196,automated_cleaning,non-tree
Telco Churn,imbalanced_feature_distribution,high,KNN,0.744136460554371,0.7484008528784648,0.7377398720682303,0.4264392324093813,-0.6396588486140664,automated_cleaning,non-tree
Telco Churn,imbalanced_feature_distribution,high,LightGBM,0.7825159914712153,0.7889125799573561,0.7803837953091685,0.6396588486140775,-0.2132196162046851,automated_cleaning,tree
Telco Churn,imbalanced_feature_distribution,high,Logistic Regression,0.7931769722814499,0.7938877043354655,0.7889125799573561,0.0710732054015617,-0.4264392324093813,automated_cleaning,non-tree
Telco Churn,imbalanced_feature_distribution,high,MLP,0.7746979388770433,0.7874911158493249,0.7810945273631841,1.279317697228155,0.6396588486140775,automated_cleaning,non-tree
Telco Churn,imbalanced_feature_distribution,high,Random Forest,0.7960199004975125,0.7874911158493249,0.7967306325515281,-0.8528784648187626,0.0710732054015617,automated_cleaning,tree
Telco Churn,imbalanced_feature_distribution,high,XGBoost,0.7882018479033405,0.7917555081734187,0.7882018479033405,0.3553660270078196,0.0,automated_cleaning,tree
Telco Churn,imbalanced_feature_distribution,low,Decision Tree,0.7448471926083866,0.749822316986496,0.7448471926083866,0.497512437810943,0.0,automated_cleaning,tree
Telco Churn,imbalanced_feature_distribution,low,Gaussian Naive Bayes,0.7434257285003554,0.7327647476901208,0.7341862117981521,-1.0660980810234588,-0.9239516702203243,automated_cleaning,non-tree
Telco Churn,imbalanced_feature_distribution,low,KNN,0.7512437810945274,0.7484008528784648,0.7533759772565742,-0.2842928216062579,0.2132196162046851,automated_cleaning,non-tree
Telco Churn,imbalanced_feature_distribution,low,LightGBM,0.7853589196872779,0.7889125799573561,0.7874911158493249,0.3553660270078196,0.2132196162046962,automated_cleaning,tree
Telco Churn,imbalanced_feature_distribution,low,Logistic Regression,0.7903340440653873,0.7938877043354655,0.7917555081734187,0.3553660270078196,0.1421464108031345,automated_cleaning,non-tree
Telco Churn,imbalanced_feature_distribution,low,MLP,0.7846481876332623,0.7874911158493249,0.7739872068230277,0.2842928216062579,-1.0660980810234588,automated_cleaning,non-tree
Telco Churn,imbalanced_feature_distribution,low,Random Forest,0.7846481876332623,0.7874911158493249,0.7846481876332623,0.2842928216062579,0.0,automated_cleaning,tree
Telco Churn,imbalanced_feature_distribution,low,XGBoost,0.7853589196872779,0.7917555081734187,0.7853589196872779,0.6396588486140775,0.0,automated_cleaning,tree
Telco Churn,imbalanced_feature_distribution,medium,Decision Tree,0.746268656716418,0.749822316986496,0.7469793887704336,0.3553660270078085,0.0710732054015617,automated_cleaning,tree
Telco Churn,imbalanced_feature_distribution,medium,Gaussian Naive Bayes,0.7306325515280739,0.7327647476901208,0.7327647476901208,0.2132196162046851,0.2132196162046851,automated_cleaning,non-tree
Telco Churn,imbalanced_feature_distribution,medium,KNN,0.7547974413646056,0.7484008528784648,0.7562189054726368,-0.6396588486140775,0.1421464108031234,automated_cleaning,non-tree
Telco Churn,imbalanced_feature_distribution,medium,LightGBM,0.7867803837953091,0.7889125799573561,0.7853589196872779,0.2132196162046962,-0.1421464108031234,automated_cleaning,tree
Telco Churn,imbalanced_feature_distribution,medium,Logistic Regression,0.7803837953091685,0.7938877043354655,0.7732764747690121,1.3503909026297056,-0.7107320540156392,automated_cleaning,non-tree
Telco Churn,imbalanced_feature_distribution,medium,MLP,0.775408670931059,0.7874911158493249,0.7818052594171997,1.2082444918265822,0.6396588486140664,automated_cleaning,non-tree
Telco Churn,imbalanced_feature_distribution,medium,Random Forest,0.7889125799573561,0.7874911158493249,0.7882018479033405,-0.1421464108031234,-0.0710732054015617,automated_cleaning,tree
Telco Churn,imbalanced_feature_distribution,medium,XGBoost,0.7810945273631841,0.7917555081734187,0.7810945273631841,1.0660980810234588,0.0,automated_cleaning,tree
Telco Churn,invalid_values,high,Decision Tree,0.757640369580668,0.749822316986496,0.7640369580668088,-0.7818052594172009,0.6396588486140775,automated_cleaning,tree
Telco Churn,invalid_values,high,Gaussian Naive Bayes,0.7292110874200426,0.7327647476901208,0.7370291400142146,0.3553660270078196,0.7818052594172009,automated_cleaning,non-tree
Telco Churn,invalid_values,high,KNN,0.749822316986496,0.7484008528784648,0.7405828002842928,-0.1421464108031234,-0.9239516702203243,automated_cleaning,non-tree
Telco Churn,invalid_values,high,LightGBM,0.7874911158493249,0.7889125799573561,0.7846481876332623,0.1421464108031234,-0.2842928216062579,automated_cleaning,tree
Telco Churn,invalid_values,high,Logistic Regression,0.759772565742715,0.7938877043354655,0.7860696517412935,3.4115138592750505,2.6297085998578495,automated_cleaning,non-tree
Telco Churn,invalid_values,high,MLP,0.7718550106609808,0.7874911158493249,0.775408670931059,1.5636105188344018,0.3553660270078196,automated_cleaning,non-tree
Telco Churn,invalid_values,high,Random Forest,0.7889125799573561,0.7874911158493249,0.7889125799573561,-0.1421464108031234,0.0,automated_cleaning,tree
Telco Churn,invalid_values,high,XGBoost,0.7867803837953091,0.7917555081734187,0.7860696517412935,0.4975124378109541,-0.0710732054015617,automated_cleaning,tree
Telco Churn,invalid_values,low,Decision Tree,0.7604832977967306,0.749822316986496,0.7562189054726368,-1.0660980810234588,-0.4264392324093813,automated_cleaning,tree
Telco Churn,invalid_values,low,Gaussian Naive Bayes,0.7100213219616205,0.7327647476901208,0.736318407960199,2.27434257285003,2.6297085998578495,automated_cleaning,non-tree
Telco Churn,invalid_values,low,KNN,0.7455579246624022,0.7484008528784648,0.749822316986496,0.2842928216062579,0.4264392324093813,automated_cleaning,non-tree
Telco Churn,invalid_values,low,LightGBM,0.7903340440653873,0.7889125799573561,0.7931769722814499,-0.1421464108031234,0.2842928216062579,automated_cleaning,tree
Telco Churn,invalid_values,low,Logistic Regression,0.7590618336886994,0.7938877043354655,0.7924662402274343,3.482587064676612,3.3404406538734888,automated_cleaning,non-tree
Telco Churn,invalid_values,low,MLP,0.7768301350390903,0.7874911158493249,0.7796730632551528,1.0660980810234588,0.2842928216062579,automated_cleaning,non-tree
Telco Churn,invalid_values,low,Random Forest,0.7860696517412935,0.7874911158493249,0.7882018479033405,0.1421464108031345,0.2132196162046962,automated_cleaning,tree
Telco Churn,invalid_values,low,XGBoost,0.7903340440653873,0.7917555081734187,0.7882018479033405,0.1421464108031345,-0.2132196162046851,automated_cleaning,tree
Telco Churn,invalid_values,medium,Decision Tree,0.757640369580668,0.749822316986496,0.7455579246624022,-0.7818052594172009,-1.2082444918265822,automated_cleaning,tree
Telco Churn,invalid_values,medium,Gaussian Naive Bayes,0.7334754797441365,0.7327647476901208,0.738450604122246,-0.0710732054015728,0.497512437810943,automated_cleaning,non-tree
Telco Churn,invalid_values,medium,KNN,0.746268656716418,0.7484008528784648,0.7455579246624022,0.2132196162046851,-0.0710732054015728,automated_cleaning,non-tree
Telco Churn,invalid_values,medium,LightGBM,0.7810945273631841,0.7889125799573561,0.7796730632551528,0.7818052594172009,-0.1421464108031234,automated_cleaning,tree
Telco Churn,invalid_values,medium,Logistic Regression,0.7633262260127932,0.7938877043354655,0.7889125799573561,3.056147832267231,2.558635394456288,automated_cleaning,non-tree
Telco Churn,invalid_values,medium,MLP,0.7796730632551528,0.7874911158493249,0.7796730632551528,0.7818052594172009,0.0,automated_cleaning,non-tree
Telco Churn,invalid_values,medium,Random Forest,0.7889125799573561,0.7874911158493249,0.7853589196872779,-0.1421464108031234,-0.3553660270078196,automated_cleaning,tree
Telco Churn,invalid_values,medium,XGBoost,0.7818052594171997,0.7917555081734187,0.7874911158493249,0.9950248756218971,0.5685856432125158,automated_cleaning,tree
Telco Churn,label_noise,high,Decision Tree,0.7420042643923241,0.749822316986496,,0.7818052594171898,,external_intervention,tree
Telco Churn,label_noise,high,Gaussian Naive Bayes,0.7178393745557925,0.7327647476901208,,1.492537313432829,,external_intervention,non-tree
Telco Churn,label_noise,high,KNN,0.7235252309879175,0.7484008528784648,,2.487562189054726,,external_intervention,non-tree
Telco Churn,label_noise,high,LightGBM,0.775408670931059,0.7889125799573561,,1.3503909026297056,,external_intervention,tree
Telco Churn,label_noise,high,Logistic Regression,0.7917555081734187,0.7938877043354655,,0.2132196162046851,,external_intervention,non-tree
Telco Churn,label_noise,high,MLP,0.7640369580668088,0.7874911158493249,,2.3454157782516027,,external_intervention,non-tree
Telco Churn,label_noise,high,Random Forest,0.7889125799573561,0.7874911158493249,,-0.1421464108031234,,external_intervention,tree
Telco Churn,label_noise,high,XGBoost,0.7739872068230277,0.7917555081734187,,1.776830135039098,,external_intervention,tree
Telco Churn,label_noise,low,Decision Tree,0.7533759772565742,0.749822316986496,,-0.3553660270078196,,external_intervention,tree
Telco Churn,label_noise,low,Gaussian Naive Bayes,0.7263681592039801,0.7327647476901208,,0.6396588486140664,,external_intervention,non-tree
Telco Churn,label_noise,low,KNN,0.7412935323383084,0.7484008528784648,,0.7107320540156392,,external_intervention,non-tree
Telco Churn,label_noise,low,LightGBM,0.7782515991471215,0.7889125799573561,,1.0660980810234588,,external_intervention,tree
Telco Churn,label_noise,low,Logistic Regression,0.7896233120113717,0.7938877043354655,,0.4264392324093813,,external_intervention,non-tree
Telco Churn,label_noise,low,MLP,0.7782515991471215,0.7874911158493249,,0.9239516702203354,,external_intervention,non-tree
Telco Churn,label_noise,low,Random Forest,0.7903340440653873,0.7874911158493249,,-0.2842928216062468,,external_intervention,tree
Telco Churn,label_noise,low,XGBoost,0.7839374555792467,0.7917555081734187,,0.7818052594172009,,external_intervention,tree
Telco Churn,label_noise,medium,Decision Tree,0.7412935323383084,0.749822316986496,,0.8528784648187626,,external_intervention,tree
Telco Churn,label_noise,medium,Gaussian Naive Bayes,0.7178393745557925,0.7327647476901208,,1.492537313432829,,external_intervention,non-tree
Telco Churn,label_noise,medium,KNN,0.7249466950959488,0.7484008528784648,,2.3454157782516027,,external_intervention,non-tree
Telco Churn,label_noise,medium,LightGBM,0.7775408670931059,0.7889125799573561,,1.1371712864250205,,external_intervention,tree
Telco Churn,label_noise,medium,Logistic Regression,0.7917555081734187,0.7938877043354655,,0.2132196162046851,,external_intervention,non-tree
Telco Churn,label_noise,medium,MLP,0.7796730632551528,0.7874911158493249,,0.7818052594172009,,external_intervention,non-tree
Telco Churn,label_noise,medium,Random Forest,0.783226723525231,0.7874911158493249,,0.4264392324093813,,external_intervention,tree
Telco Churn,label_noise,medium,XGBoost,0.783226723525231,0.7917555081734187,,0.8528784648187626,,external_intervention,tree
Telco Churn,label_noise_asymmetric,high,Decision Tree,0.7263681592039801,0.749822316986496,,2.3454157782515916,,external_intervention,tree
Telco Churn,label_noise_asymmetric,high,Gaussian Naive Bayes,0.767590618336887,0.7327647476901208,,-3.4825870646766233,,external_intervention,non-tree
Telco Churn,label_noise_asymmetric,high,KNN,0.7405828002842928,0.7484008528784648,,0.7818052594172009,,external_intervention,non-tree
Telco Churn,label_noise_asymmetric,high,LightGBM,0.738450604122246,0.7889125799573561,,5.046197583511014,,external_intervention,tree
Telco Churn,label_noise_asymmetric,high,Logistic Regression,0.7341862117981521,0.7938877043354655,,5.970149253731338,,external_intervention,non-tree
Telco Churn,label_noise_asymmetric,high,MLP,0.7455579246624022,0.7874911158493249,,4.193319118692262,,external_intervention,non-tree
Telco Churn,label_noise_asymmetric,high,Random Forest,0.7356076759061834,0.7874911158493249,,5.188343994314149,,external_intervention,tree
Telco Churn,label_noise_asymmetric,high,XGBoost,0.7405828002842928,0.7917555081734187,,5.117270788912586,,external_intervention,tree
Telco Churn,label_noise_asymmetric,low,Decision Tree,0.7370291400142146,0.749822316986496,,1.279317697228144,,external_intervention,tree
Telco Churn,label_noise_asymmetric,low,Gaussian Naive Bayes,0.744136460554371,0.7327647476901208,,-1.1371712864250205,,external_intervention,non-tree
Telco Churn,label_noise_asymmetric,low,KNN,0.7547974413646056,0.7484008528784648,,-0.6396588486140775,,external_intervention,non-tree
Telco Churn,label_noise_asymmetric,low,LightGBM,0.7825159914712153,0.7889125799573561,,0.6396588486140775,,external_intervention,tree
Telco Churn,label_noise_asymmetric,low,Logistic Regression,0.7803837953091685,0.7938877043354655,,1.3503909026297056,,external_intervention,non-tree
Telco Churn,label_noise_asymmetric,low,MLP,0.7803837953091685,0.7874911158493249,,0.7107320540156392,,external_intervention,non-tree
Telco Churn,label_noise_asymmetric,low,Random Forest,0.7874911158493249,0.7874911158493249,,0.0,,external_intervention,tree
Telco Churn,label_noise_asymmetric,low,XGBoost,0.7796730632551528,0.7917555081734187,,1.2082444918265822,,external_intervention,tree
Telco Churn,label_noise_asymmetric,medium,Decision Tree,0.728500355366027,0.749822316986496,,2.1321961620469065,,external_intervention,tree
Telco Churn,label_noise_asymmetric,medium,Gaussian Naive Bayes,0.7420042643923241,0.7327647476901208,,-0.9239516702203354,,external_intervention,non-tree
Telco Churn,label_noise_asymmetric,medium,KNN,0.7505330490405118,0.7484008528784648,,-0.2132196162046962,,external_intervention,non-tree
Telco Churn,label_noise_asymmetric,medium,LightGBM,0.7590618336886994,0.7889125799573561,,2.985074626865669,,external_intervention,tree
Telco Churn,label_noise_asymmetric,medium,Logistic Regression,0.7469793887704336,0.7938877043354655,,4.690831556503195,,external_intervention,non-tree
Telco Churn,label_noise_asymmetric,medium,MLP,0.7661691542288557,0.7874911158493249,,2.1321961620469176,,external_intervention,non-tree
Telco Churn,label_noise_asymmetric,medium,Random Forest,0.7526652452025586,0.7874911158493249,,3.4825870646766233,,external_intervention,tree
Telco Churn,label_noise_asymmetric,medium,XGBoost,0.757640369580668,0.7917555081734187,,3.4115138592750616,,external_intervention,tree
Telco Churn,missing_values,high,Decision Tree,0.7334754797441365,0.749822316986496,0.7661691542288557,1.6346837242359524,3.269367448471916,automated_cleaning,tree
Telco Churn,missing_values,high,Gaussian Naive Bayes,0.7192608386638237,0.7327647476901208,0.7590618336886994,1.3503909026297056,3.9800995024875663,automated_cleaning,non-tree
Telco Churn,missing_values,high,KNN,0.7071783937455579,0.7484008528784648,0.7562189054726368,4.12224591329069,4.904051172707891,automated_cleaning,non-tree
Telco Churn,missing_values,high,LightGBM,0.7825159914712153,0.7889125799573561,0.7910447761194029,0.6396588486140775,0.8528784648187626,automated_cleaning,tree
Telco Churn,missing_values,high,Logistic Regression,0.7668798862828714,0.7938877043354655,0.7931769722814499,2.7007818052594113,2.6297085998578495,automated_cleaning,non-tree
Telco Churn,missing_values,high,MLP,0.7583511016346838,0.7874911158493249,0.7853589196872779,2.9140014214641075,2.7007818052594113,automated_cleaning,non-tree
Telco Churn,missing_values,high,Random Forest,0.7867803837953091,0.7874911158493249,0.7917555081734187,0.0710732054015728,0.4975124378109541,automated_cleaning,tree
Telco Churn,missing_values,high,XGBoost,0.7810945273631841,0.7917555081734187,0.7775408670931059,1.0660980810234588,-0.3553660270078196,automated_cleaning,tree
Telco Churn,missing_values,low,Decision Tree,0.7661691542288557,0.749822316986496,0.7732764747690121,-1.6346837242359635,0.7107320540156392,automated_cleaning,tree
Telco Churn,missing_values,low,Gaussian Naive Bayes,0.7228144989339019,0.7327647476901208,0.7391613361762616,0.995024875621886,1.6346837242359635,automated_cleaning,non-tree
Telco Churn,missing_values,low,KNN,0.7476901208244492,0.7484008528784648,0.7569296375266524,0.0710732054015617,0.9239516702203243,automated_cleaning,non-tree
Telco Churn,missing_values,low,LightGBM,0.7874911158493249,0.7889125799573561,0.7853589196872779,0.1421464108031234,-0.2132196162046962,automated_cleaning,tree
Telco Churn,missing_values,low,Logistic Regression,0.7903340440653873,0.7938877043354655,0.7882018479033405,0.3553660270078196,-0.2132196162046851,automated_cleaning,non-tree
Telco Churn,missing_values,low,MLP,0.7931769722814499,0.7874911158493249,0.7896233120113717,-0.5685856432125047,-0.3553660270078196,automated_cleaning,non-tree
Telco Churn,missing_values,low,Random Forest,0.7846481876332623,0.7874911158493249,0.7910447761194029,0.2842928216062579,0.6396588486140664,automated_cleaning,tree
Telco Churn,missing_values,low,XGBoost,0.7860696517412935,0.7917555081734187,0.7860696517412935,0.5685856432125158,0.0,automated_cleaning,tree
Telco Churn,missing_values,medium,Decision Tree,0.7690120824449183,0.749822316986496,0.7604832977967306,-1.9189765458422214,-0.8528784648187626,automated_cleaning,tree
Telco Churn,missing_values,medium,Gaussian Naive Bayes,0.7334754797441365,0.7327647476901208,0.7505330490405118,-0.0710732054015728,1.7057569296375252,automated_cleaning,non-tree
Telco Churn,missing_values,medium,KNN,0.7533759772565742,0.7484008528784648,0.7668798862828714,-0.497512437810943,1.3503909026297167,automated_cleaning,non-tree
Telco Churn,missing_values,medium,LightGBM,0.7874911158493249,0.7889125799573561,0.7839374555792467,0.1421464108031234,-0.3553660270078196,automated_cleaning,tree
Telco Churn,missing_values,medium,Logistic Regression,0.7917555081734187,0.7938877043354655,0.7860696517412935,0.2132196162046851,-0.5685856432125158,automated_cleaning,non-tree
Telco Churn,missing_values,medium,MLP,0.7697228144989339,0.7874911158493249,0.7796730632551528,1.776830135039098,0.9950248756218971,automated_cleaning,non-tree
Telco Churn,missing_values,medium,Random Forest,0.7967306325515281,0.7874911158493249,0.7917555081734187,-0.9239516702203243,-0.497512437810943,automated_cleaning,tree
Telco Churn,missing_values,medium,XGBoost,0.7938877043354655,0.7917555081734187,0.7867803837953091,-0.2132196162046851,-0.7107320540156392,automated_cleaning,tree
Telco Churn,missing_values_mnar,high,Decision Tree,0.7341862117981521,0.749822316986496,0.738450604122246,1.5636105188343907,0.4264392324093813,automated_cleaning,tree
Telco Churn,missing_values_mnar,high,Gaussian Naive Bayes,0.7341862117981521,0.7327647476901208,0.767590618336887,-0.1421464108031345,3.3404406538734888,automated_cleaning,non-tree
Telco Churn,missing_values_mnar,high,KNN,0.7341862117981521,0.7484008528784648,0.7476901208244492,1.4214641080312673,1.3503909026297056,automated_cleaning,non-tree
Telco Churn,missing_values_mnar,high,LightGBM,0.7341862117981521,0.7889125799573561,0.7455579246624022,5.472636815920396,1.1371712864250094,automated_cleaning,tree
Telco Churn,missing_values_mnar,high,Logistic Regression,0.7341862117981521,0.7938877043354655,0.7427149964463398,5.970149253731338,0.8528784648187626,automated_cleaning,non-tree
Telco Churn,missing_values_mnar,high,MLP,0.7341862117981521,0.7874911158493249,0.736318407960199,5.330490405117272,0.2132196162046851,automated_cleaning,non-tree
Telco Churn,missing_values_mnar,high,Random Forest,0.7341862117981521,0.7874911158493249,0.7476901208244492,5.330490405117272,1.3503909026297056,automated_cleaning,tree
Telco Churn,missing_values_mnar,high,XGBoost,0.7341862117981521,0.7917555081734187,0.7420042643923241,5.756929637526653,0.7818052594172009,automated_cleaning,tree
Telco Churn,missing_values_mnar,low,Decision Tree,0.7341862117981521,0.749822316986496,0.7704335465529495,1.5636105188343907,3.6247334754797356,automated_cleaning,tree
Telco Churn,missing_values_mnar,low,Gaussian Naive Bayes,0.736318407960199,0.7327647476901208,0.749822316986496,-0.3553660270078196,1.3503909026297056,automated_cleaning,non-tree
Telco Churn,missing_values_mnar,low,KNN,0.7341862117981521,0.7484008528784648,0.738450604122246,1.4214641080312673,0.4264392324093813,automated_cleaning,non-tree
Telco Churn,missing_values_mnar,low,LightGBM,0.7341862117981521,0.7889125799573561,0.7860696517412935,5.472636815920396,5.188343994314137,automated_cleaning,tree
Telco Churn,missing_values_mnar,low,Logistic Regression,0.7356076759061834,0.7938877043354655,0.783226723525231,5.828002842928215,4.761904761904767,automated_cleaning,non-tree
Telco Churn,missing_values_mnar,low,MLP,0.7341862117981521,0.7874911158493249,0.7818052594171997,5.330490405117272,4.761904761904756,automated_cleaning,non-tree
Telco Churn,missing_values_mnar,low,Random Forest,0.7341862117981521,0.7874911158493249,0.7917555081734187,5.330490405117272,5.756929637526653,automated_cleaning,tree
Telco Churn,missing_values_mnar,low,XGBoost,0.7341862117981521,0.7917555081734187,0.7796730632551528,5.756929637526653,4.548685145700071,automated_cleaning,tree
Telco Churn,missing_values_mnar,medium,Decision Tree,0.7341862117981521,0.749822316986496,0.7526652452025586,1.5636105188343907,1.8479033404406486,automated_cleaning,tree
Telco Churn,missing_values_mnar,medium,Gaussian Naive Bayes,0.7341862117981521,0.7327647476901208,0.7611940298507462,-0.1421464108031345,2.7007818052594113,automated_cleaning,non-tree
Telco Churn,missing_values_mnar,medium,KNN,0.7341862117981521,0.7484008528784648,0.7455579246624022,1.4214641080312673,1.1371712864250094,automated_cleaning,non-tree
Telco Churn,missing_values_mnar,medium,LightGBM,0.7341862117981521,0.7889125799573561,0.7590618336886994,5.472636815920396,2.487562189054726,automated_cleaning,tree
Telco Churn,missing_values_mnar,medium,Logistic Regression,0.7306325515280739,0.7938877043354655,0.757640369580668,6.3255152807391575,2.7007818052594113,automated_cleaning,non-tree
Telco Churn,missing_values_mnar,medium,MLP,0.7341862117981521,0.7874911158493249,0.7562189054726368,5.330490405117272,2.2032693674484682,automated_cleaning,non-tree
Telco Churn,missing_values_mnar,medium,Random Forest,0.7341862117981521,0.7874911158493249,0.7640369580668088,5.330490405117272,2.985074626865669,automated_cleaning,tree
Telco Churn,missing_values_mnar,medium,XGBoost,0.7341862117981521,0.7917555081734187,0.7526652452025586,5.756929637526653,1.8479033404406486,automated_cleaning,tree
Telco Churn,outliers,high,Decision Tree,0.749822316986496,0.749822316986496,0.749822316986496,0.0,0.0,automated_cleaning,tree
Telco Churn,outliers,high,Gaussian Naive Bayes,0.7320540156361052,0.7327647476901208,0.7306325515280739,0.0710732054015617,-0.1421464108031234,automated_cleaning,non-tree
Telco Churn,outliers,high,KNN,0.7249466950959488,0.7484008528784648,0.7270788912579957,2.3454157782516027,0.2132196162046962,automated_cleaning,non-tree
Telco Churn,outliers,high,LightGBM,0.7889125799573561,0.7889125799573561,0.7839374555792467,0.0,-0.497512437810943,automated_cleaning,tree
Telco Churn,outliers,high,Logistic Regression,0.7704335465529495,0.7938877043354655,0.7704335465529495,2.3454157782516027,0.0,automated_cleaning,non-tree
Telco Churn,outliers,high,MLP,0.7640369580668088,0.7874911158493249,0.7654584221748401,2.3454157782516027,0.1421464108031234,automated_cleaning,non-tree
Telco Churn,outliers,high,Random Forest,0.7853589196872779,0.7874911158493249,0.7853589196872779,0.2132196162046962,0.0,automated_cleaning,tree
Telco Churn,outliers,high,XGBoost,0.7896233120113717,0.7917555081734187,0.7896233120113717,0.2132196162046962,0.0,automated_cleaning,tree
Telco Churn,outliers,low,Decision Tree,0.767590618336887,0.749822316986496,0.767590618336887,-1.776830135039098,0.0,automated_cleaning,tree
Telco Churn,outliers,low,Gaussian Naive Bayes,0.7320540156361052,0.7327647476901208,0.7348969438521677,0.0710732054015617,0.2842928216062579,automated_cleaning,non-tree
Telco Churn,outliers,low,KNN,0.7484008528784648,0.7484008528784648,0.7491115849324804,0.0,0.0710732054015617,automated_cleaning,non-tree
Telco Churn,outliers,low,LightGBM,0.7896233120113717,0.7889125799573561,0.7874911158493249,-0.0710732054015617,-0.2132196162046851,automated_cleaning,tree
Telco Churn,outliers,low,Logistic Regression,0.7896233120113717,0.7938877043354655,0.7853589196872779,0.4264392324093813,-0.4264392324093813,automated_cleaning,non-tree
Telco Churn,outliers,low,MLP,0.7789623312011372,0.7874911158493249,0.7746979388770433,0.8528784648187626,-0.4264392324093924,automated_cleaning,non-tree
Telco Churn,outliers,low,Random Forest,0.7839374555792467,0.7874911158493249,0.7846481876332623,0.3553660270078196,0.0710732054015617,automated_cleaning,tree
Telco Churn,outliers,low,XGBoost,0.7825159914712153,0.7917555081734187,0.7825159914712153,0.9239516702203354,0.0,automated_cleaning,tree
Telco Churn,outliers,medium,Decision Tree,0.7739872068230277,0.749822316986496,0.775408670931059,-2.4164889836531644,0.1421464108031345,automated_cleaning,tree
Telco Churn,outliers,medium,Gaussian Naive Bayes,0.7334754797441365,0.7327647476901208,0.7348969438521677,-0.0710732054015728,0.1421464108031234,automated_cleaning,non-tree
Telco Churn,outliers,medium,KNN,0.7434257285003554,0.7484008528784648,0.7455579246624022,0.497512437810943,0.2132196162046851,automated_cleaning,non-tree
Telco Churn,outliers,medium,LightGBM,0.7853589196872779,0.7889125799573561,0.7945984363894811,0.3553660270078196,0.9239516702203243,automated_cleaning,tree
Telco Churn,outliers,medium,Logistic Regression,0.7796730632551528,0.7938877043354655,0.7818052594171997,1.4214641080312673,0.2132196162046851,automated_cleaning,non-tree
Telco Churn,outliers,medium,MLP,0.7711442786069652,0.7874911158493249,0.7654584221748401,1.6346837242359635,-0.5685856432125158,automated_cleaning,non-tree
Telco Churn,outliers,medium,Random Forest,0.7889125799573561,0.7874911158493249,0.7889125799573561,-0.1421464108031234,0.0,automated_cleaning,tree
Telco Churn,outliers,medium,XGBoost,0.7860696517412935,0.7917555081734187,0.7860696517412935,0.5685856432125158,0.0,automated_cleaning,tree
Telco Churn,outliers_targeted,high,Decision Tree,0.7491115849324804,0.749822316986496,0.7491115849324804,0.0710732054015617,0.0,automated_cleaning,tree
Telco Churn,outliers_targeted,high,Gaussian Naive Bayes,0.7292110874200426,0.7327647476901208,0.7292110874200426,0.3553660270078196,0.0,automated_cleaning,non-tree
Telco Churn,outliers_targeted,high,KNN,0.7313432835820896,0.7484008528784648,0.7313432835820896,1.7057569296375252,0.0,automated_cleaning,non-tree
Telco Churn,outliers_targeted,high,LightGBM,0.7896233120113717,0.7889125799573561,0.7896233120113717,-0.0710732054015617,0.0,automated_cleaning,tree
Telco Churn,outliers_targeted,high,Logistic Regression,0.7896233120113717,0.7938877043354655,0.7896233120113717,0.4264392324093813,0.0,automated_cleaning,non-tree
Telco Churn,outliers_targeted,high,MLP,0.7789623312011372,0.7874911158493249,0.7789623312011372,0.8528784648187626,0.0,automated_cleaning,non-tree
Telco Churn,outliers_targeted,high,Random Forest,0.7910447761194029,0.7874911158493249,0.7910447761194029,-0.3553660270078085,0.0,automated_cleaning,tree
Telco Churn,outliers_targeted,high,XGBoost,0.7867803837953091,0.7917555081734187,0.7867803837953091,0.4975124378109541,0.0,automated_cleaning,tree
Telco Churn,outliers_targeted,low,Decision Tree,0.7469793887704336,0.749822316986496,0.7469793887704336,0.2842928216062468,0.0,automated_cleaning,tree
Telco Churn,outliers_targeted,low,Gaussian Naive Bayes,0.7292110874200426,0.7327647476901208,0.7306325515280739,0.3553660270078196,0.1421464108031345,automated_cleaning,non-tree
Telco Churn,outliers_targeted,low,KNN,0.744136460554371,0.7484008528784648,0.744136460554371,0.4264392324093813,0.0,automated_cleaning,non-tree
Telco Churn,outliers_targeted,low,LightGBM,0.7889125799573561,0.7889125799573561,0.7889125799573561,0.0,0.0,automated_cleaning,tree
Telco Churn,outliers_targeted,low,Logistic Regression,0.7896233120113717,0.7938877043354655,0.7896233120113717,0.4264392324093813,0.0,automated_cleaning,non-tree
Telco Churn,outliers_targeted,low,MLP,0.7761194029850746,0.7874911158493249,0.7803837953091685,1.1371712864250205,0.4264392324093813,automated_cleaning,non-tree
Telco Churn,outliers_targeted,low,Random Forest,0.7903340440653873,0.7874911158493249,0.7903340440653873,-0.2842928216062468,0.0,automated_cleaning,tree
Telco Churn,outliers_targeted,low,XGBoost,0.7825159914712153,0.7917555081734187,0.7825159914712153,0.9239516702203354,0.0,automated_cleaning,tree
Telco Churn,outliers_targeted,medium,Decision Tree,0.7505330490405118,0.749822316986496,0.7505330490405118,-0.0710732054015728,0.0,automated_cleaning,tree
Telco Churn,outliers_targeted,medium,Gaussian Naive Bayes,0.7299218194740583,0.7327647476901208,0.7299218194740583,0.2842928216062468,0.0,automated_cleaning,non-tree
Telco Churn,outliers_targeted,medium,KNN,0.7391613361762616,0.7484008528784648,0.7391613361762616,0.9239516702203243,0.0,automated_cleaning,non-tree
Telco Churn,outliers_targeted,medium,LightGBM,0.7839374555792467,0.7889125799573561,0.7839374555792467,0.497512437810943,0.0,automated_cleaning,tree
Telco Churn,outliers_targeted,medium,Logistic Regression,0.7896233120113717,0.7938877043354655,0.7896233120113717,0.4264392324093813,0.0,automated_cleaning,non-tree
Telco Churn,outliers_targeted,medium,MLP,0.7825159914712153,0.7874911158493249,0.7825159914712153,0.4975124378109541,0.0,automated_cleaning,non-tree
Telco Churn,outliers_targeted,medium,Random Forest,0.7867803837953091,0.7874911158493249,0.7867803837953091,0.0710732054015728,0.0,automated_cleaning,tree
Telco Churn,outliers_targeted,medium,XGBoost,0.7846481876332623,0.7917555081734187,0.7846481876332623,0.7107320540156392,0.0,automated_cleaning,tree
Telco Churn,provenance_issues,high,Decision Tree,0.7491115849324804,0.749822316986496,,0.0710732054015617,,external_intervention,tree
Telco Churn,provenance_issues,high,Gaussian Naive Bayes,0.7348969438521677,0.7327647476901208,,-0.2132196162046962,,external_intervention,non-tree
Telco Churn,provenance_issues,high,KNN,0.746268656716418,0.7484008528784648,,0.2132196162046851,,external_intervention,non-tree
Telco Churn,provenance_issues,high,LightGBM,0.7910447761194029,0.7889125799573561,,-0.2132196162046851,,external_intervention,tree
Telco Churn,provenance_issues,high,Logistic Regression,0.7896233120113717,0.7938877043354655,,0.4264392324093813,,external_intervention,non-tree
Telco Churn,provenance_issues,high,MLP,0.783226723525231,0.7874911158493249,,0.4264392324093813,,external_intervention,non-tree
Telco Churn,provenance_issues,high,Random Forest,0.7874911158493249,0.7874911158493249,,0.0,,external_intervention,tree
Telco Churn,provenance_issues,high,XGBoost,0.7931769722814499,0.7917555081734187,,-0.1421464108031234,,external_intervention,tree
Telco Churn,provenance_issues,low,Decision Tree,0.751954513148543,0.749822316986496,,-0.2132196162046962,,external_intervention,tree
Telco Churn,provenance_issues,low,Gaussian Naive Bayes,0.7341862117981521,0.7327647476901208,,-0.1421464108031345,,external_intervention,non-tree
Telco Churn,provenance_issues,low,KNN,0.7434257285003554,0.7484008528784648,,0.497512437810943,,external_intervention,non-tree
Telco Churn,provenance_issues,low,LightGBM,0.7846481876332623,0.7889125799573561,,0.4264392324093813,,external_intervention,tree
Telco Churn,provenance_issues,low,Logistic Regression,0.7945984363894811,0.7938877043354655,,-0.0710732054015617,,external_intervention,non-tree
Telco Churn,provenance_issues,low,MLP,0.7796730632551528,0.7874911158493249,,0.7818052594172009,,external_intervention,non-tree
Telco Churn,provenance_issues,low,Random Forest,0.7896233120113717,0.7874911158493249,,-0.2132196162046851,,external_intervention,tree
Telco Churn,provenance_issues,low,XGBoost,0.7839374555792467,0.7917555081734187,,0.7818052594172009,,external_intervention,tree
Telco Churn,provenance_issues,medium,Decision Tree,0.7540867093105899,0.749822316986496,,-0.4264392324093813,,external_intervention,tree
Telco Churn,provenance_issues,medium,Gaussian Naive Bayes,0.7356076759061834,0.7327647476901208,,-0.2842928216062579,,external_intervention,non-tree
Telco Churn,provenance_issues,medium,KNN,0.749822316986496,0.7484008528784648,,-0.1421464108031234,,external_intervention,non-tree
Telco Churn,provenance_issues,medium,LightGBM,0.7860696517412935,0.7889125799573561,,0.2842928216062579,,external_intervention,tree
Telco Churn,provenance_issues,medium,Logistic Regression,0.7945984363894811,0.7938877043354655,,-0.0710732054015617,,external_intervention,non-tree
Telco Churn,provenance_issues,medium,MLP,0.7839374555792467,0.7874911158493249,,0.3553660270078196,,external_intervention,non-tree
Telco Churn,provenance_issues,medium,Random Forest,0.7917555081734187,0.7874911158493249,,-0.4264392324093813,,external_intervention,tree
Telco Churn,provenance_issues,medium,XGBoost,0.7846481876332623,0.7917555081734187,,0.7107320540156392,,external_intervention,tree
Telco Churn,redundant_features,high,Decision Tree,0.7299218194740583,0.749822316986496,0.749822316986496,1.990049751243772,1.990049751243772,automated_cleaning,tree
Telco Churn,redundant_features,high,Gaussian Naive Bayes,0.7356076759061834,0.7327647476901208,0.7327647476901208,-0.2842928216062579,-0.2842928216062579,automated_cleaning,non-tree
Telco Churn,redundant_features,high,KNN,0.7420042643923241,0.7484008528784648,0.7484008528784648,0.6396588486140664,0.6396588486140664,automated_cleaning,non-tree
Telco Churn,redundant_features,high,LightGBM,0.7697228144989339,0.7889125799573561,0.7889125799573561,1.9189765458422214,1.9189765458422214,automated_cleaning,tree
Telco Churn,redundant_features,high,Logistic Regression,0.7931769722814499,0.7938877043354655,0.7938877043354655,0.0710732054015617,0.0710732054015617,automated_cleaning,non-tree
Telco Churn,redundant_features,high,MLP,0.7775408670931059,0.7874911158493249,0.7839374555792467,0.9950248756218971,0.6396588486140775,automated_cleaning,non-tree
Telco Churn,redundant_features,high,Random Forest,0.7725657427149965,0.7874911158493249,0.7896233120113717,1.4925373134328401,1.7057569296375252,automated_cleaning,tree
Telco Churn,redundant_features,high,XGBoost,0.7874911158493249,0.7917555081734187,0.7917555081734187,0.4264392324093813,0.4264392324093813,automated_cleaning,tree
Telco Churn,redundant_features,low,Decision Tree,0.7512437810945274,0.749822316986496,0.7512437810945274,-0.1421464108031345,0.0,automated_cleaning,tree
Telco Churn,redundant_features,low,Gaussian Naive Bayes,0.7327647476901208,0.7327647476901208,0.7327647476901208,0.0,0.0,automated_cleaning,non-tree
Telco Churn,redundant_features,low,KNN,0.7484008528784648,0.7484008528784648,0.7484008528784648,0.0,0.0,automated_cleaning,non-tree
Telco Churn,redundant_features,low,LightGBM,0.7889125799573561,0.7889125799573561,0.7889125799573561,0.0,0.0,automated_cleaning,tree
Telco Churn,redundant_features,low,Logistic Regression,0.7938877043354655,0.7938877043354655,0.7938877043354655,0.0,0.0,automated_cleaning,non-tree
Telco Churn,redundant_features,low,MLP,0.775408670931059,0.7874911158493249,0.775408670931059,1.2082444918265822,0.0,automated_cleaning,non-tree
Telco Churn,redundant_features,low,Random Forest,0.7867803837953091,0.7874911158493249,0.7867803837953091,0.0710732054015728,0.0,automated_cleaning,tree
Telco Churn,redundant_features,low,XGBoost,0.7917555081734187,0.7917555081734187,0.7917555081734187,0.0,0.0,automated_cleaning,tree
Telco Churn,redundant_features,medium,Decision Tree,0.749822316986496,0.749822316986496,0.749822316986496,0.0,0.0,automated_cleaning,tree
Telco Churn,redundant_features,medium,Gaussian Naive Bayes,0.7327647476901208,0.7327647476901208,0.7327647476901208,0.0,0.0,automated_cleaning,non-tree
Telco Churn,redundant_features,medium,KNN,0.7484008528784648,0.7484008528784648,0.7484008528784648,0.0,0.0,automated_cleaning,non-tree
Telco Churn,redundant_features,medium,LightGBM,0.7889125799573561,0.7889125799573561,0.7889125799573561,0.0,0.0,automated_cleaning,tree
Telco Churn,redundant_features,medium,Logistic Regression,0.7938877043354655,0.7938877043354655,0.7938877043354655,0.0,0.0,automated_cleaning,non-tree
Telco Churn,redundant_features,medium,MLP,0.7839374555792467,0.7874911158493249,0.7839374555792467,0.3553660270078196,0.0,automated_cleaning,non-tree
Telco Churn,redundant_features,medium,Random Forest,0.7896233120113717,0.7874911158493249,0.7896233120113717,-0.2132196162046851,0.0,automated_cleaning,tree
Telco Churn,redundant_features,medium,XGBoost,0.7917555081734187,0.7917555081734187,0.7917555081734187,0.0,0.0,automated_cleaning,tree
Telco Churn,typographical_errors,high,Decision Tree,0.7761194029850746,0.749822316986496,0.7782515991471215,-2.6297085998578607,0.2132196162046851,automated_cleaning,tree
Telco Churn,typographical_errors,high,Gaussian Naive Bayes,0.7299218194740583,0.7327647476901208,0.7448471926083866,0.2842928216062468,1.492537313432829,automated_cleaning,non-tree
Telco Churn,typographical_errors,high,KNN,0.7427149964463398,0.7484008528784648,0.7348969438521677,0.5685856432125047,-0.7818052594172009,automated_cleaning,non-tree
Telco Churn,typographical_errors,high,LightGBM,0.7953091684434968,0.7889125799573561,0.7974413646055437,-0.6396588486140664,0.2132196162046962,automated_cleaning,tree
Telco Churn,typographical_errors,high,Logistic Regression,0.7889125799573561,0.7938877043354655,0.7860696517412935,0.497512437810943,-0.2842928216062579,automated_cleaning,non-tree
Telco Churn,typographical_errors,high,MLP,0.7789623312011372,0.7874911158493249,0.7867803837953091,0.8528784648187626,0.7818052594171898,automated_cleaning,non-tree
Telco Churn,typographical_errors,high,Random Forest,0.7910447761194029,0.7874911158493249,0.7889125799573561,-0.3553660270078085,-0.2132196162046851,automated_cleaning,tree
Telco Churn,typographical_errors,high,XGBoost,0.7931769722814499,0.7917555081734187,0.7917555081734187,-0.1421464108031234,-0.1421464108031234,automated_cleaning,tree
Telco Churn,typographical_errors,low,Decision Tree,0.7654584221748401,0.749822316986496,0.7647476901208244,-1.5636105188344018,-0.0710732054015617,automated_cleaning,tree
Telco Churn,typographical_errors,low,Gaussian Naive Bayes,0.7292110874200426,0.7327647476901208,0.7540867093105899,0.3553660270078196,2.487562189054726,automated_cleaning,non-tree
Telco Churn,typographical_errors,low,KNN,0.7434257285003554,0.7484008528784648,0.751954513148543,0.497512437810943,0.8528784648187626,automated_cleaning,non-tree
Telco Churn,typographical_errors,low,LightGBM,0.7903340440653873,0.7889125799573561,0.7882018479033405,-0.1421464108031234,-0.2132196162046851,automated_cleaning,tree
Telco Churn,typographical_errors,low,Logistic Regression,0.7967306325515281,0.7938877043354655,0.7882018479033405,-0.2842928216062579,-0.8528784648187626,automated_cleaning,non-tree
Telco Churn,typographical_errors,low,MLP,0.7825159914712153,0.7874911158493249,0.7882018479033405,0.4975124378109541,0.5685856432125158,automated_cleaning,non-tree
Telco Churn,typographical_errors,low,Random Forest,0.7924662402274343,0.7874911158493249,0.7924662402274343,-0.497512437810943,0.0,automated_cleaning,tree
Telco Churn,typographical_errors,low,XGBoost,0.7917555081734187,0.7917555081734187,0.7938877043354655,0.0,0.2132196162046851,automated_cleaning,tree
Telco Churn,typographical_errors,medium,Decision Tree,0.7690120824449183,0.749822316986496,0.767590618336887,-1.9189765458422214,-0.1421464108031234,automated_cleaning,tree
Telco Churn,typographical_errors,medium,Gaussian Naive Bayes,0.7313432835820896,0.7327647476901208,0.7654584221748401,0.1421464108031234,3.4115138592750505,automated_cleaning,non-tree
Telco Churn,typographical_errors,medium,KNN,0.7505330490405118,0.7484008528784648,0.7540867093105899,-0.2132196162046962,0.3553660270078085,automated_cleaning,non-tree
Telco Churn,typographical_errors,medium,LightGBM,0.7860696517412935,0.7889125799573561,0.7967306325515281,0.2842928216062579,1.0660980810234588,automated_cleaning,tree
Telco Churn,typographical_errors,medium,Logistic Regression,0.7917555081734187,0.7938877043354655,0.7874911158493249,0.2132196162046851,-0.4264392324093813,automated_cleaning,non-tree
Telco Churn,typographical_errors,medium,MLP,0.7775408670931059,0.7874911158493249,0.7867803837953091,0.9950248756218971,0.9239516702203243,automated_cleaning,non-tree
Telco Churn,typographical_errors,medium,Random Forest,0.7938877043354655,0.7874911158493249,0.7860696517412935,-0.6396588486140664,-0.7818052594172009,automated_cleaning,tree
Telco Churn,typographical_errors,medium,XGBoost,0.7924662402274343,0.7917555081734187,0.7889125799573561,-0.0710732054015617,-0.3553660270078196,automated_cleaning,tree
